2026-07-01 17:11:12 [INFO] ⚠ SMOKE TEST MODE — using tiny dataset & epoch counts
2026-07-01 17:11:12 [INFO]   This only checks the code runs end-to-end, NOT model quality.
2026-07-01 17:11:12 [INFO] ════════════════════════════════════════════════════════════
2026-07-01 17:11:12 [INFO]   Cats vs Dogs — EfficientNetB0 Transfer Learning
2026-07-01 17:11:12 [INFO]   Mode: SMOKE TEST
2026-07-01 17:11:12 [INFO]   Started: 2026-07-01 17:11:12
2026-07-01 17:11:12 [INFO] ════════════════════════════════════════════════════════════
2026-07-01 17:11:12 [INFO] ━━━━━━━━━━━━━━━━━━━━━━━━━━━━━━━━━━━━━━━━━━━━━━━━━━━━━━━━━━━━
2026-07-01 17:11:12 [INFO] STAGE 1 — Environment check
2026-07-01 17:11:12 [INFO] ━━━━━━━━━━━━━━━━━━━━━━━━━━━━━━━━━━━━━━━━━━━━━━━━━━━━━━━━━━━━
2026-07-01 17:11:12 [INFO] Python       : 3.11.15 (main, Mar 11 2026, 17:20:07) [GCC 14.3.0]
2026-07-01 17:11:12 [INFO] TensorFlow   : 2.21.0
2026-07-01 17:11:12 [INFO] GPUs visible : 0
2026-07-01 17:11:12 [WARNING] No GPU found — training will run on CPU (slow on HPC!)
2026-07-01 17:11:12 [INFO] Working dir  : /mnt/appbio_a/groups/Year_4/NChasan/DMining_project
2026-07-01 17:11:12 [INFO] Data dir     : /mnt/appbio_a/groups/Year_4/NChasan/DMining_project/PetImages_mini
2026-07-01 17:11:12 [INFO] ✔ CHECKPOINT [env_check] — TF 2.21.0, 0 GPU(s)
2026-07-01 17:11:12 [INFO] ━━━━━━━━━━━━━━━━━━━━━━━━━━━━━━━━━━━━━━━━━━━━━━━━━━━━━━━━━━━━
2026-07-01 17:11:12 [INFO] STAGE 2 — Data loading & pipeline
2026-07-01 17:11:12 [INFO] ━━━━━━━━━━━━━━━━━━━━━━━━━━━━━━━━━━━━━━━━━━━━━━━━━━━━━━━━━━━━
2026-07-01 17:11:12 [INFO] Reading images from: PetImages_mini
2026-07-01 17:11:12 [INFO] Directory scan done in 0.2s
2026-07-01 17:11:12 [INFO] Total images : 80
2026-07-01 17:11:12 [INFO] Train        : 40
2026-07-01 17:11:12 [INFO] Val          : 20
2026-07-01 17:11:12 [INFO] Test         : 20
2026-07-01 17:11:12 [INFO] Building augmentation pipeline...
2026-07-01 17:11:12 [INFO] Train batches : 5
2026-07-01 17:11:12 [INFO] Val   batches : 3
2026-07-01 17:11:12 [INFO] Test  batches : 3
2026-07-01 17:11:12 [INFO] Pulling one batch to verify pipeline...
2026-07-01 17:11:13 [INFO]   Batch shape  : images=(8, 224, 224, 3)  labels=(8, 1)
2026-07-01 17:11:13 [INFO]   Pixel range  : [0.0, 255.0]
2026-07-01 17:11:13 [INFO]   Label dtype  : <dtype: 'float32'>
2026-07-01 17:11:13 [INFO] ✔ CHECKPOINT [data_pipeline] — 40 train / 20 val / 20 test images
2026-07-01 17:11:13 [INFO] ━━━━━━━━━━━━━━━━━━━━━━━━━━━━━━━━━━━━━━━━━━━━━━━━━━━━━━━━━━━━
2026-07-01 17:11:13 [INFO] STAGE 3 — Model construction (EfficientNetB0 backbone)
2026-07-01 17:11:13 [INFO] ━━━━━━━━━━━━━━━━━━━━━━━━━━━━━━━━━━━━━━━━━━━━━━━━━━━━━━━━━━━━
2026-07-01 17:11:13 [INFO] Loading EfficientNetB0 with ImageNet weights...
2026-07-01 17:11:17 [INFO] Backbone loaded in 3.9s
2026-07-01 17:11:17 [INFO] Total params     : 4,055,972
2026-07-01 17:11:17 [INFO] Trainable params : 3,841
2026-07-01 17:11:17 [INFO] Frozen params    : 4,052,151.0
2026-07-01 17:11:17 [INFO] Model diagram saved to checkpoints/model_architecture.png
2026-07-01 17:11:17 [INFO] ✔ CHECKPOINT [model_built] — 4,055,972 total params
2026-07-01 17:11:17 [INFO] Compiling model — lr=1.00e-03  phase=phase1
2026-07-01 17:11:17 [INFO] ✔ CHECKPOINT [compile_phase1] — lr=1.00e-03
2026-07-01 17:11:17 [INFO] Model: "CatsVsDogs_EfficientNetB0"
┏━━━━━━━━━━━━━━━━━━━━━━━━━━━━━━━┳━━━━━━━━━━━━━━━━━━━━━━━━━━━┳━━━━━━━━━━━━━━━━━┳━━━━━━━━━━━━━━━━━━━━━━━━━━━━┓
┃ Layer (type)                  ┃ Output Shape              ┃         Param # ┃ Connected to               ┃
┡━━━━━━━━━━━━━━━━━━━━━━━━━━━━━━━╇━━━━━━━━━━━━━━━━━━━━━━━━━━━╇━━━━━━━━━━━━━━━━━╇━━━━━━━━━━━━━━━━━━━━━━━━━━━━┩
│ input_image (InputLayer)      │ (None, 224, 224, 3)       │               0 │ -                          │
├───────────────────────────────┼───────────────────────────┼─────────────────┼────────────────────────────┤
│ rescaling (Rescaling)         │ (None, 224, 224, 3)       │               0 │ input_image[0][0]          │
├───────────────────────────────┼───────────────────────────┼─────────────────┼────────────────────────────┤
│ normalization (Normalization) │ (None, 224, 224, 3)       │               7 │ rescaling[0][0]            │
├───────────────────────────────┼───────────────────────────┼─────────────────┼────────────────────────────┤
│ rescaling_1 (Rescaling)       │ (None, 224, 224, 3)       │               0 │ normalization[0][0]        │
├───────────────────────────────┼───────────────────────────┼─────────────────┼────────────────────────────┤
│ stem_conv_pad (ZeroPadding2D) │ (None, 225, 225, 3)       │               0 │ rescaling_1[0][0]          │
├───────────────────────────────┼───────────────────────────┼─────────────────┼────────────────────────────┤
│ stem_conv (Conv2D)            │ (None, 112, 112, 32)      │             864 │ stem_conv_pad[0][0]        │
├───────────────────────────────┼───────────────────────────┼─────────────────┼────────────────────────────┤
│ stem_bn (BatchNormalization)  │ (None, 112, 112, 32)      │             128 │ stem_conv[0][0]            │
├───────────────────────────────┼───────────────────────────┼─────────────────┼────────────────────────────┤
│ stem_activation (Activation)  │ (None, 112, 112, 32)      │               0 │ stem_bn[0][0]              │
├───────────────────────────────┼───────────────────────────┼─────────────────┼────────────────────────────┤
│ block1a_dwconv                │ (None, 112, 112, 32)      │             288 │ stem_activation[0][0]      │
│ (DepthwiseConv2D)             │                           │                 │                            │
├───────────────────────────────┼───────────────────────────┼─────────────────┼────────────────────────────┤
│ block1a_bn                    │ (None, 112, 112, 32)      │             128 │ block1a_dwconv[0][0]       │
│ (BatchNormalization)          │                           │                 │                            │
├───────────────────────────────┼───────────────────────────┼─────────────────┼────────────────────────────┤
│ block1a_activation            │ (None, 112, 112, 32)      │               0 │ block1a_bn[0][0]           │
│ (Activation)                  │                           │                 │                            │
├───────────────────────────────┼───────────────────────────┼─────────────────┼────────────────────────────┤
│ block1a_se_squeeze            │ (None, 32)                │               0 │ block1a_activation[0][0]   │
│ (GlobalAveragePooling2D)      │                           │                 │                            │
├───────────────────────────────┼───────────────────────────┼─────────────────┼────────────────────────────┤
│ block1a_se_reshape (Reshape)  │ (None, 1, 1, 32)          │               0 │ block1a_se_squeeze[0][0]   │
├───────────────────────────────┼───────────────────────────┼─────────────────┼────────────────────────────┤
│ block1a_se_reduce (Conv2D)    │ (None, 1, 1, 8)           │             264 │ block1a_se_reshape[0][0]   │
├───────────────────────────────┼───────────────────────────┼─────────────────┼────────────────────────────┤
│ block1a_se_expand (Conv2D)    │ (None, 1, 1, 32)          │             288 │ block1a_se_reduce[0][0]    │
├───────────────────────────────┼───────────────────────────┼─────────────────┼────────────────────────────┤
│ block1a_se_excite (Multiply)  │ (None, 112, 112, 32)      │               0 │ block1a_activation[0][0],  │
│                               │                           │                 │ block1a_se_expand[0][0]    │
├───────────────────────────────┼───────────────────────────┼─────────────────┼────────────────────────────┤
│ block1a_project_conv (Conv2D) │ (None, 112, 112, 16)      │             512 │ block1a_se_excite[0][0]    │
├───────────────────────────────┼───────────────────────────┼─────────────────┼────────────────────────────┤
│ block1a_project_bn            │ (None, 112, 112, 16)      │              64 │ block1a_project_conv[0][0] │
│ (BatchNormalization)          │                           │                 │                            │
├───────────────────────────────┼───────────────────────────┼─────────────────┼────────────────────────────┤
│ block2a_expand_conv (Conv2D)  │ (None, 112, 112, 96)      │           1,536 │ block1a_project_bn[0][0]   │
├───────────────────────────────┼───────────────────────────┼─────────────────┼────────────────────────────┤
│ block2a_expand_bn             │ (None, 112, 112, 96)      │             384 │ block2a_expand_conv[0][0]  │
│ (BatchNormalization)          │                           │                 │                            │
├───────────────────────────────┼───────────────────────────┼─────────────────┼────────────────────────────┤
│ block2a_expand_activation     │ (None, 112, 112, 96)      │               0 │ block2a_expand_bn[0][0]    │
│ (Activation)                  │                           │                 │                            │
├───────────────────────────────┼───────────────────────────┼─────────────────┼────────────────────────────┤
│ block2a_dwconv_pad            │ (None, 113, 113, 96)      │               0 │ block2a_expand_activation… │
│ (ZeroPadding2D)               │                           │                 │                            │
├───────────────────────────────┼───────────────────────────┼─────────────────┼────────────────────────────┤
│ block2a_dwconv                │ (None, 56, 56, 96)        │             864 │ block2a_dwconv_pad[0][0]   │
│ (DepthwiseConv2D)             │                           │                 │                            │
├───────────────────────────────┼───────────────────────────┼─────────────────┼────────────────────────────┤
│ block2a_bn                    │ (None, 56, 56, 96)        │             384 │ block2a_dwconv[0][0]       │
│ (BatchNormalization)          │                           │                 │                            │
├───────────────────────────────┼───────────────────────────┼─────────────────┼────────────────────────────┤
│ block2a_activation            │ (None, 56, 56, 96)        │               0 │ block2a_bn[0][0]           │
│ (Activation)                  │                           │                 │                            │
├───────────────────────────────┼───────────────────────────┼─────────────────┼────────────────────────────┤
│ block2a_se_squeeze            │ (None, 96)                │               0 │ block2a_activation[0][0]   │
│ (GlobalAveragePooling2D)      │                           │                 │                            │
├───────────────────────────────┼───────────────────────────┼─────────────────┼────────────────────────────┤
│ block2a_se_reshape (Reshape)  │ (None, 1, 1, 96)          │               0 │ block2a_se_squeeze[0][0]   │
├───────────────────────────────┼───────────────────────────┼─────────────────┼────────────────────────────┤
│ block2a_se_reduce (Conv2D)    │ (None, 1, 1, 4)           │             388 │ block2a_se_reshape[0][0]   │
├───────────────────────────────┼───────────────────────────┼─────────────────┼────────────────────────────┤
│ block2a_se_expand (Conv2D)    │ (None, 1, 1, 96)          │             480 │ block2a_se_reduce[0][0]    │
├───────────────────────────────┼───────────────────────────┼─────────────────┼────────────────────────────┤
│ block2a_se_excite (Multiply)  │ (None, 56, 56, 96)        │               0 │ block2a_activation[0][0],  │
│                               │                           │                 │ block2a_se_expand[0][0]    │
├───────────────────────────────┼───────────────────────────┼─────────────────┼────────────────────────────┤
│ block2a_project_conv (Conv2D) │ (None, 56, 56, 24)        │           2,304 │ block2a_se_excite[0][0]    │
├───────────────────────────────┼───────────────────────────┼─────────────────┼────────────────────────────┤
│ block2a_project_bn            │ (None, 56, 56, 24)        │              96 │ block2a_project_conv[0][0] │
│ (BatchNormalization)          │                           │                 │                            │
├───────────────────────────────┼───────────────────────────┼─────────────────┼────────────────────────────┤
│ block2b_expand_conv (Conv2D)  │ (None, 56, 56, 144)       │           3,456 │ block2a_project_bn[0][0]   │
├───────────────────────────────┼───────────────────────────┼─────────────────┼────────────────────────────┤
│ block2b_expand_bn             │ (None, 56, 56, 144)       │             576 │ block2b_expand_conv[0][0]  │
│ (BatchNormalization)          │                           │                 │                            │
├───────────────────────────────┼───────────────────────────┼─────────────────┼────────────────────────────┤
│ block2b_expand_activation     │ (None, 56, 56, 144)       │               0 │ block2b_expand_bn[0][0]    │
│ (Activation)                  │                           │                 │                            │
├───────────────────────────────┼───────────────────────────┼─────────────────┼────────────────────────────┤
│ block2b_dwconv                │ (None, 56, 56, 144)       │           1,296 │ block2b_expand_activation… │
│ (DepthwiseConv2D)             │                           │                 │                            │
├───────────────────────────────┼───────────────────────────┼─────────────────┼────────────────────────────┤
│ block2b_bn                    │ (None, 56, 56, 144)       │             576 │ block2b_dwconv[0][0]       │
│ (BatchNormalization)          │                           │                 │                            │
├───────────────────────────────┼───────────────────────────┼─────────────────┼────────────────────────────┤
│ block2b_activation            │ (None, 56, 56, 144)       │               0 │ block2b_bn[0][0]           │
│ (Activation)                  │                           │                 │                            │
├───────────────────────────────┼───────────────────────────┼─────────────────┼────────────────────────────┤
│ block2b_se_squeeze            │ (None, 144)               │               0 │ block2b_activation[0][0]   │
│ (GlobalAveragePooling2D)      │                           │                 │                            │
├───────────────────────────────┼───────────────────────────┼─────────────────┼────────────────────────────┤
│ block2b_se_reshape (Reshape)  │ (None, 1, 1, 144)         │               0 │ block2b_se_squeeze[0][0]   │
├───────────────────────────────┼───────────────────────────┼─────────────────┼────────────────────────────┤
│ block2b_se_reduce (Conv2D)    │ (None, 1, 1, 6)           │             870 │ block2b_se_reshape[0][0]   │
├───────────────────────────────┼───────────────────────────┼─────────────────┼────────────────────────────┤
│ block2b_se_expand (Conv2D)    │ (None, 1, 1, 144)         │           1,008 │ block2b_se_reduce[0][0]    │
├───────────────────────────────┼───────────────────────────┼─────────────────┼────────────────────────────┤
│ block2b_se_excite (Multiply)  │ (None, 56, 56, 144)       │               0 │ block2b_activation[0][0],  │
│                               │                           │                 │ block2b_se_expand[0][0]    │
├───────────────────────────────┼───────────────────────────┼─────────────────┼────────────────────────────┤
│ block2b_project_conv (Conv2D) │ (None, 56, 56, 24)        │           3,456 │ block2b_se_excite[0][0]    │
├───────────────────────────────┼───────────────────────────┼─────────────────┼────────────────────────────┤
│ block2b_project_bn            │ (None, 56, 56, 24)        │              96 │ block2b_project_conv[0][0] │
│ (BatchNormalization)          │                           │                 │                            │
├───────────────────────────────┼───────────────────────────┼─────────────────┼────────────────────────────┤
│ block2b_drop (Dropout)        │ (None, 56, 56, 24)        │               0 │ block2b_project_bn[0][0]   │
├───────────────────────────────┼───────────────────────────┼─────────────────┼────────────────────────────┤
│ block2b_add (Add)             │ (None, 56, 56, 24)        │               0 │ block2b_drop[0][0],        │
│                               │                           │                 │ block2a_project_bn[0][0]   │
├───────────────────────────────┼───────────────────────────┼─────────────────┼────────────────────────────┤
│ block3a_expand_conv (Conv2D)  │ (None, 56, 56, 144)       │           3,456 │ block2b_add[0][0]          │
├───────────────────────────────┼───────────────────────────┼─────────────────┼────────────────────────────┤
│ block3a_expand_bn             │ (None, 56, 56, 144)       │             576 │ block3a_expand_conv[0][0]  │
│ (BatchNormalization)          │                           │                 │                            │
├───────────────────────────────┼───────────────────────────┼─────────────────┼────────────────────────────┤
│ block3a_expand_activation     │ (None, 56, 56, 144)       │               0 │ block3a_expand_bn[0][0]    │
│ (Activation)                  │                           │                 │                            │
├───────────────────────────────┼───────────────────────────┼─────────────────┼────────────────────────────┤
│ block3a_dwconv_pad            │ (None, 59, 59, 144)       │               0 │ block3a_expand_activation… │
│ (ZeroPadding2D)               │                           │                 │                            │
├───────────────────────────────┼───────────────────────────┼─────────────────┼────────────────────────────┤
│ block3a_dwconv                │ (None, 28, 28, 144)       │           3,600 │ block3a_dwconv_pad[0][0]   │
│ (DepthwiseConv2D)             │                           │                 │                            │
├───────────────────────────────┼───────────────────────────┼─────────────────┼────────────────────────────┤
│ block3a_bn                    │ (None, 28, 28, 144)       │             576 │ block3a_dwconv[0][0]       │
│ (BatchNormalization)          │                           │                 │                            │
├───────────────────────────────┼───────────────────────────┼─────────────────┼────────────────────────────┤
│ block3a_activation            │ (None, 28, 28, 144)       │               0 │ block3a_bn[0][0]           │
│ (Activation)                  │                           │                 │                            │
├───────────────────────────────┼───────────────────────────┼─────────────────┼────────────────────────────┤
│ block3a_se_squeeze            │ (None, 144)               │               0 │ block3a_activation[0][0]   │
│ (GlobalAveragePooling2D)      │                           │                 │                            │
├───────────────────────────────┼───────────────────────────┼─────────────────┼────────────────────────────┤
│ block3a_se_reshape (Reshape)  │ (None, 1, 1, 144)         │               0 │ block3a_se_squeeze[0][0]   │
├───────────────────────────────┼───────────────────────────┼─────────────────┼────────────────────────────┤
│ block3a_se_reduce (Conv2D)    │ (None, 1, 1, 6)           │             870 │ block3a_se_reshape[0][0]   │
├───────────────────────────────┼───────────────────────────┼─────────────────┼────────────────────────────┤
│ block3a_se_expand (Conv2D)    │ (None, 1, 1, 144)         │           1,008 │ block3a_se_reduce[0][0]    │
├───────────────────────────────┼───────────────────────────┼─────────────────┼────────────────────────────┤
│ block3a_se_excite (Multiply)  │ (None, 28, 28, 144)       │               0 │ block3a_activation[0][0],  │
│                               │                           │                 │ block3a_se_expand[0][0]    │
├───────────────────────────────┼───────────────────────────┼─────────────────┼────────────────────────────┤
│ block3a_project_conv (Conv2D) │ (None, 28, 28, 40)        │           5,760 │ block3a_se_excite[0][0]    │
├───────────────────────────────┼───────────────────────────┼─────────────────┼────────────────────────────┤
│ block3a_project_bn            │ (None, 28, 28, 40)        │             160 │ block3a_project_conv[0][0] │
│ (BatchNormalization)          │                           │                 │                            │
├───────────────────────────────┼───────────────────────────┼─────────────────┼────────────────────────────┤
│ block3b_expand_conv (Conv2D)  │ (None, 28, 28, 240)       │           9,600 │ block3a_project_bn[0][0]   │
├───────────────────────────────┼───────────────────────────┼─────────────────┼────────────────────────────┤
│ block3b_expand_bn             │ (None, 28, 28, 240)       │             960 │ block3b_expand_conv[0][0]  │
│ (BatchNormalization)          │                           │                 │                            │
├───────────────────────────────┼───────────────────────────┼─────────────────┼────────────────────────────┤
│ block3b_expand_activation     │ (None, 28, 28, 240)       │               0 │ block3b_expand_bn[0][0]    │
│ (Activation)                  │                           │                 │                            │
├───────────────────────────────┼───────────────────────────┼─────────────────┼────────────────────────────┤
│ block3b_dwconv                │ (None, 28, 28, 240)       │           6,000 │ block3b_expand_activation… │
│ (DepthwiseConv2D)             │                           │                 │                            │
├───────────────────────────────┼───────────────────────────┼─────────────────┼────────────────────────────┤
│ block3b_bn                    │ (None, 28, 28, 240)       │             960 │ block3b_dwconv[0][0]       │
│ (BatchNormalization)          │                           │                 │                            │
├───────────────────────────────┼───────────────────────────┼─────────────────┼────────────────────────────┤
│ block3b_activation            │ (None, 28, 28, 240)       │               0 │ block3b_bn[0][0]           │
│ (Activation)                  │                           │                 │                            │
├───────────────────────────────┼───────────────────────────┼─────────────────┼────────────────────────────┤
│ block3b_se_squeeze            │ (None, 240)               │               0 │ block3b_activation[0][0]   │
│ (GlobalAveragePooling2D)      │                           │                 │                            │
├───────────────────────────────┼───────────────────────────┼─────────────────┼────────────────────────────┤
│ block3b_se_reshape (Reshape)  │ (None, 1, 1, 240)         │               0 │ block3b_se_squeeze[0][0]   │
├───────────────────────────────┼───────────────────────────┼─────────────────┼────────────────────────────┤
│ block3b_se_reduce (Conv2D)    │ (None, 1, 1, 10)          │           2,410 │ block3b_se_reshape[0][0]   │
├───────────────────────────────┼───────────────────────────┼─────────────────┼────────────────────────────┤
│ block3b_se_expand (Conv2D)    │ (None, 1, 1, 240)         │           2,640 │ block3b_se_reduce[0][0]    │
├───────────────────────────────┼───────────────────────────┼─────────────────┼────────────────────────────┤
│ block3b_se_excite (Multiply)  │ (None, 28, 28, 240)       │               0 │ block3b_activation[0][0],  │
│                               │                           │                 │ block3b_se_expand[0][0]    │
├───────────────────────────────┼───────────────────────────┼─────────────────┼────────────────────────────┤
│ block3b_project_conv (Conv2D) │ (None, 28, 28, 40)        │           9,600 │ block3b_se_excite[0][0]    │
├───────────────────────────────┼───────────────────────────┼─────────────────┼────────────────────────────┤
│ block3b_project_bn            │ (None, 28, 28, 40)        │             160 │ block3b_project_conv[0][0] │
│ (BatchNormalization)          │                           │                 │                            │
├───────────────────────────────┼───────────────────────────┼─────────────────┼────────────────────────────┤
│ block3b_drop (Dropout)        │ (None, 28, 28, 40)        │               0 │ block3b_project_bn[0][0]   │
├───────────────────────────────┼───────────────────────────┼─────────────────┼────────────────────────────┤
│ block3b_add (Add)             │ (None, 28, 28, 40)        │               0 │ block3b_drop[0][0],        │
│                               │                           │                 │ block3a_project_bn[0][0]   │
├───────────────────────────────┼───────────────────────────┼─────────────────┼────────────────────────────┤
│ block4a_expand_conv (Conv2D)  │ (None, 28, 28, 240)       │           9,600 │ block3b_add[0][0]          │
├───────────────────────────────┼───────────────────────────┼─────────────────┼────────────────────────────┤
│ block4a_expand_bn             │ (None, 28, 28, 240)       │             960 │ block4a_expand_conv[0][0]  │
│ (BatchNormalization)          │                           │                 │                            │
├───────────────────────────────┼───────────────────────────┼─────────────────┼────────────────────────────┤
│ block4a_expand_activation     │ (None, 28, 28, 240)       │               0 │ block4a_expand_bn[0][0]    │
│ (Activation)                  │                           │                 │                            │
├───────────────────────────────┼───────────────────────────┼─────────────────┼────────────────────────────┤
│ block4a_dwconv_pad            │ (None, 29, 29, 240)       │               0 │ block4a_expand_activation… │
│ (ZeroPadding2D)               │                           │                 │                            │
├───────────────────────────────┼───────────────────────────┼─────────────────┼────────────────────────────┤
│ block4a_dwconv                │ (None, 14, 14, 240)       │           2,160 │ block4a_dwconv_pad[0][0]   │
│ (DepthwiseConv2D)             │                           │                 │                            │
├───────────────────────────────┼───────────────────────────┼─────────────────┼────────────────────────────┤
│ block4a_bn                    │ (None, 14, 14, 240)       │             960 │ block4a_dwconv[0][0]       │
│ (BatchNormalization)          │                           │                 │                            │
├───────────────────────────────┼───────────────────────────┼─────────────────┼────────────────────────────┤
│ block4a_activation            │ (None, 14, 14, 240)       │               0 │ block4a_bn[0][0]           │
│ (Activation)                  │                           │                 │                            │
├───────────────────────────────┼───────────────────────────┼─────────────────┼────────────────────────────┤
│ block4a_se_squeeze            │ (None, 240)               │               0 │ block4a_activation[0][0]   │
│ (GlobalAveragePooling2D)      │                           │                 │                            │
├───────────────────────────────┼───────────────────────────┼─────────────────┼────────────────────────────┤
│ block4a_se_reshape (Reshape)  │ (None, 1, 1, 240)         │               0 │ block4a_se_squeeze[0][0]   │
├───────────────────────────────┼───────────────────────────┼─────────────────┼────────────────────────────┤
│ block4a_se_reduce (Conv2D)    │ (None, 1, 1, 10)          │           2,410 │ block4a_se_reshape[0][0]   │
├───────────────────────────────┼───────────────────────────┼─────────────────┼────────────────────────────┤
│ block4a_se_expand (Conv2D)    │ (None, 1, 1, 240)         │           2,640 │ block4a_se_reduce[0][0]    │
├───────────────────────────────┼───────────────────────────┼─────────────────┼────────────────────────────┤
│ block4a_se_excite (Multiply)  │ (None, 14, 14, 240)       │               0 │ block4a_activation[0][0],  │
│                               │                           │                 │ block4a_se_expand[0][0]    │
├───────────────────────────────┼───────────────────────────┼─────────────────┼────────────────────────────┤
│ block4a_project_conv (Conv2D) │ (None, 14, 14, 80)        │          19,200 │ block4a_se_excite[0][0]    │
├───────────────────────────────┼───────────────────────────┼─────────────────┼────────────────────────────┤
│ block4a_project_bn            │ (None, 14, 14, 80)        │             320 │ block4a_project_conv[0][0] │
│ (BatchNormalization)          │                           │                 │                            │
├───────────────────────────────┼───────────────────────────┼─────────────────┼────────────────────────────┤
│ block4b_expand_conv (Conv2D)  │ (None, 14, 14, 480)       │          38,400 │ block4a_project_bn[0][0]   │
├───────────────────────────────┼───────────────────────────┼─────────────────┼────────────────────────────┤
│ block4b_expand_bn             │ (None, 14, 14, 480)       │           1,920 │ block4b_expand_conv[0][0]  │
│ (BatchNormalization)          │                           │                 │                            │
├───────────────────────────────┼───────────────────────────┼─────────────────┼────────────────────────────┤
│ block4b_expand_activation     │ (None, 14, 14, 480)       │               0 │ block4b_expand_bn[0][0]    │
│ (Activation)                  │                           │                 │                            │
├───────────────────────────────┼───────────────────────────┼─────────────────┼────────────────────────────┤
│ block4b_dwconv                │ (None, 14, 14, 480)       │           4,320 │ block4b_expand_activation… │
│ (DepthwiseConv2D)             │                           │                 │                            │
├───────────────────────────────┼───────────────────────────┼─────────────────┼────────────────────────────┤
│ block4b_bn                    │ (None, 14, 14, 480)       │           1,920 │ block4b_dwconv[0][0]       │
│ (BatchNormalization)          │                           │                 │                            │
├───────────────────────────────┼───────────────────────────┼─────────────────┼────────────────────────────┤
│ block4b_activation            │ (None, 14, 14, 480)       │               0 │ block4b_bn[0][0]           │
│ (Activation)                  │                           │                 │                            │
├───────────────────────────────┼───────────────────────────┼─────────────────┼────────────────────────────┤
│ block4b_se_squeeze            │ (None, 480)               │               0 │ block4b_activation[0][0]   │
│ (GlobalAveragePooling2D)      │                           │                 │                            │
├───────────────────────────────┼───────────────────────────┼─────────────────┼────────────────────────────┤
│ block4b_se_reshape (Reshape)  │ (None, 1, 1, 480)         │               0 │ block4b_se_squeeze[0][0]   │
├───────────────────────────────┼───────────────────────────┼─────────────────┼────────────────────────────┤
│ block4b_se_reduce (Conv2D)    │ (None, 1, 1, 20)          │           9,620 │ block4b_se_reshape[0][0]   │
├───────────────────────────────┼───────────────────────────┼─────────────────┼────────────────────────────┤
│ block4b_se_expand (Conv2D)    │ (None, 1, 1, 480)         │          10,080 │ block4b_se_reduce[0][0]    │
├───────────────────────────────┼───────────────────────────┼─────────────────┼────────────────────────────┤
│ block4b_se_excite (Multiply)  │ (None, 14, 14, 480)       │               0 │ block4b_activation[0][0],  │
│                               │                           │                 │ block4b_se_expand[0][0]    │
├───────────────────────────────┼───────────────────────────┼─────────────────┼────────────────────────────┤
│ block4b_project_conv (Conv2D) │ (None, 14, 14, 80)        │          38,400 │ block4b_se_excite[0][0]    │
├───────────────────────────────┼───────────────────────────┼─────────────────┼────────────────────────────┤
│ block4b_project_bn            │ (None, 14, 14, 80)        │             320 │ block4b_project_conv[0][0] │
│ (BatchNormalization)          │                           │                 │                            │
├───────────────────────────────┼───────────────────────────┼─────────────────┼────────────────────────────┤
│ block4b_drop (Dropout)        │ (None, 14, 14, 80)        │               0 │ block4b_project_bn[0][0]   │
├───────────────────────────────┼───────────────────────────┼─────────────────┼────────────────────────────┤
│ block4b_add (Add)             │ (None, 14, 14, 80)        │               0 │ block4b_drop[0][0],        │
│                               │                           │                 │ block4a_project_bn[0][0]   │
├───────────────────────────────┼───────────────────────────┼─────────────────┼────────────────────────────┤
│ block4c_expand_conv (Conv2D)  │ (None, 14, 14, 480)       │          38,400 │ block4b_add[0][0]          │
├───────────────────────────────┼───────────────────────────┼─────────────────┼────────────────────────────┤
│ block4c_expand_bn             │ (None, 14, 14, 480)       │           1,920 │ block4c_expand_conv[0][0]  │
│ (BatchNormalization)          │                           │                 │                            │
├───────────────────────────────┼───────────────────────────┼─────────────────┼────────────────────────────┤
│ block4c_expand_activation     │ (None, 14, 14, 480)       │               0 │ block4c_expand_bn[0][0]    │
│ (Activation)                  │                           │                 │                            │
├───────────────────────────────┼───────────────────────────┼─────────────────┼────────────────────────────┤
│ block4c_dwconv                │ (None, 14, 14, 480)       │           4,320 │ block4c_expand_activation… │
│ (DepthwiseConv2D)             │                           │                 │                            │
├───────────────────────────────┼───────────────────────────┼─────────────────┼────────────────────────────┤
│ block4c_bn                    │ (None, 14, 14, 480)       │           1,920 │ block4c_dwconv[0][0]       │
│ (BatchNormalization)          │                           │                 │                            │
├───────────────────────────────┼───────────────────────────┼─────────────────┼────────────────────────────┤
│ block4c_activation            │ (None, 14, 14, 480)       │               0 │ block4c_bn[0][0]           │
│ (Activation)                  │                           │                 │                            │
├───────────────────────────────┼───────────────────────────┼─────────────────┼────────────────────────────┤
│ block4c_se_squeeze            │ (None, 480)               │               0 │ block4c_activation[0][0]   │
│ (GlobalAveragePooling2D)      │                           │                 │                            │
├───────────────────────────────┼───────────────────────────┼─────────────────┼────────────────────────────┤
│ block4c_se_reshape (Reshape)  │ (None, 1, 1, 480)         │               0 │ block4c_se_squeeze[0][0]   │
├───────────────────────────────┼───────────────────────────┼─────────────────┼────────────────────────────┤
│ block4c_se_reduce (Conv2D)    │ (None, 1, 1, 20)          │           9,620 │ block4c_se_reshape[0][0]   │
├───────────────────────────────┼───────────────────────────┼─────────────────┼────────────────────────────┤
│ block4c_se_expand (Conv2D)    │ (None, 1, 1, 480)         │          10,080 │ block4c_se_reduce[0][0]    │
├───────────────────────────────┼───────────────────────────┼─────────────────┼────────────────────────────┤
│ block4c_se_excite (Multiply)  │ (None, 14, 14, 480)       │               0 │ block4c_activation[0][0],  │
│                               │                           │                 │ block4c_se_expand[0][0]    │
├───────────────────────────────┼───────────────────────────┼─────────────────┼────────────────────────────┤
│ block4c_project_conv (Conv2D) │ (None, 14, 14, 80)        │          38,400 │ block4c_se_excite[0][0]    │
├───────────────────────────────┼───────────────────────────┼─────────────────┼────────────────────────────┤
│ block4c_project_bn            │ (None, 14, 14, 80)        │             320 │ block4c_project_conv[0][0] │
│ (BatchNormalization)          │                           │                 │                            │
├───────────────────────────────┼───────────────────────────┼─────────────────┼────────────────────────────┤
│ block4c_drop (Dropout)        │ (None, 14, 14, 80)        │               0 │ block4c_project_bn[0][0]   │
├───────────────────────────────┼───────────────────────────┼─────────────────┼────────────────────────────┤
│ block4c_add (Add)             │ (None, 14, 14, 80)        │               0 │ block4c_drop[0][0],        │
│                               │                           │                 │ block4b_add[0][0]          │
├───────────────────────────────┼───────────────────────────┼─────────────────┼────────────────────────────┤
│ block5a_expand_conv (Conv2D)  │ (None, 14, 14, 480)       │          38,400 │ block4c_add[0][0]          │
├───────────────────────────────┼───────────────────────────┼─────────────────┼────────────────────────────┤
│ block5a_expand_bn             │ (None, 14, 14, 480)       │           1,920 │ block5a_expand_conv[0][0]  │
│ (BatchNormalization)          │                           │                 │                            │
├───────────────────────────────┼───────────────────────────┼─────────────────┼────────────────────────────┤
│ block5a_expand_activation     │ (None, 14, 14, 480)       │               0 │ block5a_expand_bn[0][0]    │
│ (Activation)                  │                           │                 │                            │
├───────────────────────────────┼───────────────────────────┼─────────────────┼────────────────────────────┤
│ block5a_dwconv                │ (None, 14, 14, 480)       │          12,000 │ block5a_expand_activation… │
│ (DepthwiseConv2D)             │                           │                 │                            │
├───────────────────────────────┼───────────────────────────┼─────────────────┼────────────────────────────┤
│ block5a_bn                    │ (None, 14, 14, 480)       │           1,920 │ block5a_dwconv[0][0]       │
│ (BatchNormalization)          │                           │                 │                            │
├───────────────────────────────┼───────────────────────────┼─────────────────┼────────────────────────────┤
│ block5a_activation            │ (None, 14, 14, 480)       │               0 │ block5a_bn[0][0]           │
│ (Activation)                  │                           │                 │                            │
├───────────────────────────────┼───────────────────────────┼─────────────────┼────────────────────────────┤
│ block5a_se_squeeze            │ (None, 480)               │               0 │ block5a_activation[0][0]   │
│ (GlobalAveragePooling2D)      │                           │                 │                            │
├───────────────────────────────┼───────────────────────────┼─────────────────┼────────────────────────────┤
│ block5a_se_reshape (Reshape)  │ (None, 1, 1, 480)         │               0 │ block5a_se_squeeze[0][0]   │
├───────────────────────────────┼───────────────────────────┼─────────────────┼────────────────────────────┤
│ block5a_se_reduce (Conv2D)    │ (None, 1, 1, 20)          │           9,620 │ block5a_se_reshape[0][0]   │
├───────────────────────────────┼───────────────────────────┼─────────────────┼────────────────────────────┤
│ block5a_se_expand (Conv2D)    │ (None, 1, 1, 480)         │          10,080 │ block5a_se_reduce[0][0]    │
├───────────────────────────────┼───────────────────────────┼─────────────────┼────────────────────────────┤
│ block5a_se_excite (Multiply)  │ (None, 14, 14, 480)       │               0 │ block5a_activation[0][0],  │
│                               │                           │                 │ block5a_se_expand[0][0]    │
├───────────────────────────────┼───────────────────────────┼─────────────────┼────────────────────────────┤
│ block5a_project_conv (Conv2D) │ (None, 14, 14, 112)       │          53,760 │ block5a_se_excite[0][0]    │
├───────────────────────────────┼───────────────────────────┼─────────────────┼────────────────────────────┤
│ block5a_project_bn            │ (None, 14, 14, 112)       │             448 │ block5a_project_conv[0][0] │
│ (BatchNormalization)          │                           │                 │                            │
├───────────────────────────────┼───────────────────────────┼─────────────────┼────────────────────────────┤
│ block5b_expand_conv (Conv2D)  │ (None, 14, 14, 672)       │          75,264 │ block5a_project_bn[0][0]   │
├───────────────────────────────┼───────────────────────────┼─────────────────┼────────────────────────────┤
│ block5b_expand_bn             │ (None, 14, 14, 672)       │           2,688 │ block5b_expand_conv[0][0]  │
│ (BatchNormalization)          │                           │                 │                            │
├───────────────────────────────┼───────────────────────────┼─────────────────┼────────────────────────────┤
│ block5b_expand_activation     │ (None, 14, 14, 672)       │               0 │ block5b_expand_bn[0][0]    │
│ (Activation)                  │                           │                 │                            │
├───────────────────────────────┼───────────────────────────┼─────────────────┼────────────────────────────┤
│ block5b_dwconv                │ (None, 14, 14, 672)       │          16,800 │ block5b_expand_activation… │
│ (DepthwiseConv2D)             │                           │                 │                            │
├───────────────────────────────┼───────────────────────────┼─────────────────┼────────────────────────────┤
│ block5b_bn                    │ (None, 14, 14, 672)       │           2,688 │ block5b_dwconv[0][0]       │
│ (BatchNormalization)          │                           │                 │                            │
├───────────────────────────────┼───────────────────────────┼─────────────────┼────────────────────────────┤
│ block5b_activation            │ (None, 14, 14, 672)       │               0 │ block5b_bn[0][0]           │
│ (Activation)                  │                           │                 │                            │
├───────────────────────────────┼───────────────────────────┼─────────────────┼────────────────────────────┤
│ block5b_se_squeeze            │ (None, 672)               │               0 │ block5b_activation[0][0]   │
│ (GlobalAveragePooling2D)      │                           │                 │                            │
├───────────────────────────────┼───────────────────────────┼─────────────────┼────────────────────────────┤
│ block5b_se_reshape (Reshape)  │ (None, 1, 1, 672)         │               0 │ block5b_se_squeeze[0][0]   │
├───────────────────────────────┼───────────────────────────┼─────────────────┼────────────────────────────┤
│ block5b_se_reduce (Conv2D)    │ (None, 1, 1, 28)          │          18,844 │ block5b_se_reshape[0][0]   │
├───────────────────────────────┼───────────────────────────┼─────────────────┼────────────────────────────┤
│ block5b_se_expand (Conv2D)    │ (None, 1, 1, 672)         │          19,488 │ block5b_se_reduce[0][0]    │
├───────────────────────────────┼───────────────────────────┼─────────────────┼────────────────────────────┤
│ block5b_se_excite (Multiply)  │ (None, 14, 14, 672)       │               0 │ block5b_activation[0][0],  │
│                               │                           │                 │ block5b_se_expand[0][0]    │
├───────────────────────────────┼───────────────────────────┼─────────────────┼────────────────────────────┤
│ block5b_project_conv (Conv2D) │ (None, 14, 14, 112)       │          75,264 │ block5b_se_excite[0][0]    │
├───────────────────────────────┼───────────────────────────┼─────────────────┼────────────────────────────┤
│ block5b_project_bn            │ (None, 14, 14, 112)       │             448 │ block5b_project_conv[0][0] │
│ (BatchNormalization)          │                           │                 │                            │
├───────────────────────────────┼───────────────────────────┼─────────────────┼────────────────────────────┤
│ block5b_drop (Dropout)        │ (None, 14, 14, 112)       │               0 │ block5b_project_bn[0][0]   │
├───────────────────────────────┼───────────────────────────┼─────────────────┼────────────────────────────┤
│ block5b_add (Add)             │ (None, 14, 14, 112)       │               0 │ block5b_drop[0][0],        │
│                               │                           │                 │ block5a_project_bn[0][0]   │
├───────────────────────────────┼───────────────────────────┼─────────────────┼────────────────────────────┤
│ block5c_expand_conv (Conv2D)  │ (None, 14, 14, 672)       │          75,264 │ block5b_add[0][0]          │
├───────────────────────────────┼───────────────────────────┼─────────────────┼────────────────────────────┤
│ block5c_expand_bn             │ (None, 14, 14, 672)       │           2,688 │ block5c_expand_conv[0][0]  │
│ (BatchNormalization)          │                           │                 │                            │
├───────────────────────────────┼───────────────────────────┼─────────────────┼────────────────────────────┤
│ block5c_expand_activation     │ (None, 14, 14, 672)       │               0 │ block5c_expand_bn[0][0]    │
│ (Activation)                  │                           │                 │                            │
├───────────────────────────────┼───────────────────────────┼─────────────────┼────────────────────────────┤
│ block5c_dwconv                │ (None, 14, 14, 672)       │          16,800 │ block5c_expand_activation… │
│ (DepthwiseConv2D)             │                           │                 │                            │
├───────────────────────────────┼───────────────────────────┼─────────────────┼────────────────────────────┤
│ block5c_bn                    │ (None, 14, 14, 672)       │           2,688 │ block5c_dwconv[0][0]       │
│ (BatchNormalization)          │                           │                 │                            │
├───────────────────────────────┼───────────────────────────┼─────────────────┼────────────────────────────┤
│ block5c_activation            │ (None, 14, 14, 672)       │               0 │ block5c_bn[0][0]           │
│ (Activation)                  │                           │                 │                            │
├───────────────────────────────┼───────────────────────────┼─────────────────┼────────────────────────────┤
│ block5c_se_squeeze            │ (None, 672)               │               0 │ block5c_activation[0][0]   │
│ (GlobalAveragePooling2D)      │                           │                 │                            │
├───────────────────────────────┼───────────────────────────┼─────────────────┼────────────────────────────┤
│ block5c_se_reshape (Reshape)  │ (None, 1, 1, 672)         │               0 │ block5c_se_squeeze[0][0]   │
├───────────────────────────────┼───────────────────────────┼─────────────────┼────────────────────────────┤
│ block5c_se_reduce (Conv2D)    │ (None, 1, 1, 28)          │          18,844 │ block5c_se_reshape[0][0]   │
├───────────────────────────────┼───────────────────────────┼─────────────────┼────────────────────────────┤
│ block5c_se_expand (Conv2D)    │ (None, 1, 1, 672)         │          19,488 │ block5c_se_reduce[0][0]    │
├───────────────────────────────┼───────────────────────────┼─────────────────┼────────────────────────────┤
│ block5c_se_excite (Multiply)  │ (None, 14, 14, 672)       │               0 │ block5c_activation[0][0],  │
│                               │                           │                 │ block5c_se_expand[0][0]    │
├───────────────────────────────┼───────────────────────────┼─────────────────┼────────────────────────────┤
│ block5c_project_conv (Conv2D) │ (None, 14, 14, 112)       │          75,264 │ block5c_se_excite[0][0]    │
├───────────────────────────────┼───────────────────────────┼─────────────────┼────────────────────────────┤
│ block5c_project_bn            │ (None, 14, 14, 112)       │             448 │ block5c_project_conv[0][0] │
│ (BatchNormalization)          │                           │                 │                            │
├───────────────────────────────┼───────────────────────────┼─────────────────┼────────────────────────────┤
│ block5c_drop (Dropout)        │ (None, 14, 14, 112)       │               0 │ block5c_project_bn[0][0]   │
├───────────────────────────────┼───────────────────────────┼─────────────────┼────────────────────────────┤
│ block5c_add (Add)             │ (None, 14, 14, 112)       │               0 │ block5c_drop[0][0],        │
│                               │                           │                 │ block5b_add[0][0]          │
├───────────────────────────────┼───────────────────────────┼─────────────────┼────────────────────────────┤
│ block6a_expand_conv (Conv2D)  │ (None, 14, 14, 672)       │          75,264 │ block5c_add[0][0]          │
├───────────────────────────────┼───────────────────────────┼─────────────────┼────────────────────────────┤
│ block6a_expand_bn             │ (None, 14, 14, 672)       │           2,688 │ block6a_expand_conv[0][0]  │
│ (BatchNormalization)          │                           │                 │                            │
├───────────────────────────────┼───────────────────────────┼─────────────────┼────────────────────────────┤
│ block6a_expand_activation     │ (None, 14, 14, 672)       │               0 │ block6a_expand_bn[0][0]    │
│ (Activation)                  │                           │                 │                            │
├───────────────────────────────┼───────────────────────────┼─────────────────┼────────────────────────────┤
│ block6a_dwconv_pad            │ (None, 17, 17, 672)       │               0 │ block6a_expand_activation… │
│ (ZeroPadding2D)               │                           │                 │                            │
├───────────────────────────────┼───────────────────────────┼─────────────────┼────────────────────────────┤
│ block6a_dwconv                │ (None, 7, 7, 672)         │          16,800 │ block6a_dwconv_pad[0][0]   │
│ (DepthwiseConv2D)             │                           │                 │                            │
├───────────────────────────────┼───────────────────────────┼─────────────────┼────────────────────────────┤
│ block6a_bn                    │ (None, 7, 7, 672)         │           2,688 │ block6a_dwconv[0][0]       │
│ (BatchNormalization)          │                           │                 │                            │
├───────────────────────────────┼───────────────────────────┼─────────────────┼────────────────────────────┤
│ block6a_activation            │ (None, 7, 7, 672)         │               0 │ block6a_bn[0][0]           │
│ (Activation)                  │                           │                 │                            │
├───────────────────────────────┼───────────────────────────┼─────────────────┼────────────────────────────┤
│ block6a_se_squeeze            │ (None, 672)               │               0 │ block6a_activation[0][0]   │
│ (GlobalAveragePooling2D)      │                           │                 │                            │
├───────────────────────────────┼───────────────────────────┼─────────────────┼────────────────────────────┤
│ block6a_se_reshape (Reshape)  │ (None, 1, 1, 672)         │               0 │ block6a_se_squeeze[0][0]   │
├───────────────────────────────┼───────────────────────────┼─────────────────┼────────────────────────────┤
│ block6a_se_reduce (Conv2D)    │ (None, 1, 1, 28)          │          18,844 │ block6a_se_reshape[0][0]   │
├───────────────────────────────┼───────────────────────────┼─────────────────┼────────────────────────────┤
│ block6a_se_expand (Conv2D)    │ (None, 1, 1, 672)         │          19,488 │ block6a_se_reduce[0][0]    │
├───────────────────────────────┼───────────────────────────┼─────────────────┼────────────────────────────┤
│ block6a_se_excite (Multiply)  │ (None, 7, 7, 672)         │               0 │ block6a_activation[0][0],  │
│                               │                           │                 │ block6a_se_expand[0][0]    │
├───────────────────────────────┼───────────────────────────┼─────────────────┼────────────────────────────┤
│ block6a_project_conv (Conv2D) │ (None, 7, 7, 192)         │         129,024 │ block6a_se_excite[0][0]    │
├───────────────────────────────┼───────────────────────────┼─────────────────┼────────────────────────────┤
│ block6a_project_bn            │ (None, 7, 7, 192)         │             768 │ block6a_project_conv[0][0] │
│ (BatchNormalization)          │                           │                 │                            │
├───────────────────────────────┼───────────────────────────┼─────────────────┼────────────────────────────┤
│ block6b_expand_conv (Conv2D)  │ (None, 7, 7, 1152)        │         221,184 │ block6a_project_bn[0][0]   │
├───────────────────────────────┼───────────────────────────┼─────────────────┼────────────────────────────┤
│ block6b_expand_bn             │ (None, 7, 7, 1152)        │           4,608 │ block6b_expand_conv[0][0]  │
│ (BatchNormalization)          │                           │                 │                            │
├───────────────────────────────┼───────────────────────────┼─────────────────┼────────────────────────────┤
│ block6b_expand_activation     │ (None, 7, 7, 1152)        │               0 │ block6b_expand_bn[0][0]    │
│ (Activation)                  │                           │                 │                            │
├───────────────────────────────┼───────────────────────────┼─────────────────┼────────────────────────────┤
│ block6b_dwconv                │ (None, 7, 7, 1152)        │          28,800 │ block6b_expand_activation… │
│ (DepthwiseConv2D)             │                           │                 │                            │
├───────────────────────────────┼───────────────────────────┼─────────────────┼────────────────────────────┤
│ block6b_bn                    │ (None, 7, 7, 1152)        │           4,608 │ block6b_dwconv[0][0]       │
│ (BatchNormalization)          │                           │                 │                            │
├───────────────────────────────┼───────────────────────────┼─────────────────┼────────────────────────────┤
│ block6b_activation            │ (None, 7, 7, 1152)        │               0 │ block6b_bn[0][0]           │
│ (Activation)                  │                           │                 │                            │
├───────────────────────────────┼───────────────────────────┼─────────────────┼────────────────────────────┤
│ block6b_se_squeeze            │ (None, 1152)              │               0 │ block6b_activation[0][0]   │
│ (GlobalAveragePooling2D)      │                           │                 │                            │
├───────────────────────────────┼───────────────────────────┼─────────────────┼────────────────────────────┤
│ block6b_se_reshape (Reshape)  │ (None, 1, 1, 1152)        │               0 │ block6b_se_squeeze[0][0]   │
├───────────────────────────────┼───────────────────────────┼─────────────────┼────────────────────────────┤
│ block6b_se_reduce (Conv2D)    │ (None, 1, 1, 48)          │          55,344 │ block6b_se_reshape[0][0]   │
├───────────────────────────────┼───────────────────────────┼─────────────────┼────────────────────────────┤
│ block6b_se_expand (Conv2D)    │ (None, 1, 1, 1152)        │          56,448 │ block6b_se_reduce[0][0]    │
├───────────────────────────────┼───────────────────────────┼─────────────────┼────────────────────────────┤
│ block6b_se_excite (Multiply)  │ (None, 7, 7, 1152)        │               0 │ block6b_activation[0][0],  │
│                               │                           │                 │ block6b_se_expand[0][0]    │
├───────────────────────────────┼───────────────────────────┼─────────────────┼────────────────────────────┤
│ block6b_project_conv (Conv2D) │ (None, 7, 7, 192)         │         221,184 │ block6b_se_excite[0][0]    │
├───────────────────────────────┼───────────────────────────┼─────────────────┼────────────────────────────┤
│ block6b_project_bn            │ (None, 7, 7, 192)         │             768 │ block6b_project_conv[0][0] │
│ (BatchNormalization)          │                           │                 │                            │
├───────────────────────────────┼───────────────────────────┼─────────────────┼────────────────────────────┤
│ block6b_drop (Dropout)        │ (None, 7, 7, 192)         │               0 │ block6b_project_bn[0][0]   │
├───────────────────────────────┼───────────────────────────┼─────────────────┼────────────────────────────┤
│ block6b_add (Add)             │ (None, 7, 7, 192)         │               0 │ block6b_drop[0][0],        │
│                               │                           │                 │ block6a_project_bn[0][0]   │
├───────────────────────────────┼───────────────────────────┼─────────────────┼────────────────────────────┤
│ block6c_expand_conv (Conv2D)  │ (None, 7, 7, 1152)        │         221,184 │ block6b_add[0][0]          │
├───────────────────────────────┼───────────────────────────┼─────────────────┼────────────────────────────┤
│ block6c_expand_bn             │ (None, 7, 7, 1152)        │           4,608 │ block6c_expand_conv[0][0]  │
│ (BatchNormalization)          │                           │                 │                            │
├───────────────────────────────┼───────────────────────────┼─────────────────┼────────────────────────────┤
│ block6c_expand_activation     │ (None, 7, 7, 1152)        │               0 │ block6c_expand_bn[0][0]    │
│ (Activation)                  │                           │                 │                            │
├───────────────────────────────┼───────────────────────────┼─────────────────┼────────────────────────────┤
│ block6c_dwconv                │ (None, 7, 7, 1152)        │          28,800 │ block6c_expand_activation… │
│ (DepthwiseConv2D)             │                           │                 │                            │
├───────────────────────────────┼───────────────────────────┼─────────────────┼────────────────────────────┤
│ block6c_bn                    │ (None, 7, 7, 1152)        │           4,608 │ block6c_dwconv[0][0]       │
│ (BatchNormalization)          │                           │                 │                            │
├───────────────────────────────┼───────────────────────────┼─────────────────┼────────────────────────────┤
│ block6c_activation            │ (None, 7, 7, 1152)        │               0 │ block6c_bn[0][0]           │
│ (Activation)                  │                           │                 │                            │
├───────────────────────────────┼───────────────────────────┼─────────────────┼────────────────────────────┤
│ block6c_se_squeeze            │ (None, 1152)              │               0 │ block6c_activation[0][0]   │
│ (GlobalAveragePooling2D)      │                           │                 │                            │
├───────────────────────────────┼───────────────────────────┼─────────────────┼────────────────────────────┤
│ block6c_se_reshape (Reshape)  │ (None, 1, 1, 1152)        │               0 │ block6c_se_squeeze[0][0]   │
├───────────────────────────────┼───────────────────────────┼─────────────────┼────────────────────────────┤
│ block6c_se_reduce (Conv2D)    │ (None, 1, 1, 48)          │          55,344 │ block6c_se_reshape[0][0]   │
├───────────────────────────────┼───────────────────────────┼─────────────────┼────────────────────────────┤
│ block6c_se_expand (Conv2D)    │ (None, 1, 1, 1152)        │          56,448 │ block6c_se_reduce[0][0]    │
├───────────────────────────────┼───────────────────────────┼─────────────────┼────────────────────────────┤
│ block6c_se_excite (Multiply)  │ (None, 7, 7, 1152)        │               0 │ block6c_activation[0][0],  │
│                               │                           │                 │ block6c_se_expand[0][0]    │
├───────────────────────────────┼───────────────────────────┼─────────────────┼────────────────────────────┤
│ block6c_project_conv (Conv2D) │ (None, 7, 7, 192)         │         221,184 │ block6c_se_excite[0][0]    │
├───────────────────────────────┼───────────────────────────┼─────────────────┼────────────────────────────┤
│ block6c_project_bn            │ (None, 7, 7, 192)         │             768 │ block6c_project_conv[0][0] │
│ (BatchNormalization)          │                           │                 │                            │
├───────────────────────────────┼───────────────────────────┼─────────────────┼────────────────────────────┤
│ block6c_drop (Dropout)        │ (None, 7, 7, 192)         │               0 │ block6c_project_bn[0][0]   │
├───────────────────────────────┼───────────────────────────┼─────────────────┼────────────────────────────┤
│ block6c_add (Add)             │ (None, 7, 7, 192)         │               0 │ block6c_drop[0][0],        │
│                               │                           │                 │ block6b_add[0][0]          │
├───────────────────────────────┼───────────────────────────┼─────────────────┼────────────────────────────┤
│ block6d_expand_conv (Conv2D)  │ (None, 7, 7, 1152)        │         221,184 │ block6c_add[0][0]          │
├───────────────────────────────┼───────────────────────────┼─────────────────┼────────────────────────────┤
│ block6d_expand_bn             │ (None, 7, 7, 1152)        │           4,608 │ block6d_expand_conv[0][0]  │
│ (BatchNormalization)          │                           │                 │                            │
├───────────────────────────────┼───────────────────────────┼─────────────────┼────────────────────────────┤
│ block6d_expand_activation     │ (None, 7, 7, 1152)        │               0 │ block6d_expand_bn[0][0]    │
│ (Activation)                  │                           │                 │                            │
├───────────────────────────────┼───────────────────────────┼─────────────────┼────────────────────────────┤
│ block6d_dwconv                │ (None, 7, 7, 1152)        │          28,800 │ block6d_expand_activation… │
│ (DepthwiseConv2D)             │                           │                 │                            │
├───────────────────────────────┼───────────────────────────┼─────────────────┼────────────────────────────┤
│ block6d_bn                    │ (None, 7, 7, 1152)        │           4,608 │ block6d_dwconv[0][0]       │
│ (BatchNormalization)          │                           │                 │                            │
├───────────────────────────────┼───────────────────────────┼─────────────────┼────────────────────────────┤
│ block6d_activation            │ (None, 7, 7, 1152)        │               0 │ block6d_bn[0][0]           │
│ (Activation)                  │                           │                 │                            │
├───────────────────────────────┼───────────────────────────┼─────────────────┼────────────────────────────┤
│ block6d_se_squeeze            │ (None, 1152)              │               0 │ block6d_activation[0][0]   │
│ (GlobalAveragePooling2D)      │                           │                 │                            │
├───────────────────────────────┼───────────────────────────┼─────────────────┼────────────────────────────┤
│ block6d_se_reshape (Reshape)  │ (None, 1, 1, 1152)        │               0 │ block6d_se_squeeze[0][0]   │
├───────────────────────────────┼───────────────────────────┼─────────────────┼────────────────────────────┤
│ block6d_se_reduce (Conv2D)    │ (None, 1, 1, 48)          │          55,344 │ block6d_se_reshape[0][0]   │
├───────────────────────────────┼───────────────────────────┼─────────────────┼────────────────────────────┤
│ block6d_se_expand (Conv2D)    │ (None, 1, 1, 1152)        │          56,448 │ block6d_se_reduce[0][0]    │
├───────────────────────────────┼───────────────────────────┼─────────────────┼────────────────────────────┤
│ block6d_se_excite (Multiply)  │ (None, 7, 7, 1152)        │               0 │ block6d_activation[0][0],  │
│                               │                           │                 │ block6d_se_expand[0][0]    │
├───────────────────────────────┼───────────────────────────┼─────────────────┼────────────────────────────┤
│ block6d_project_conv (Conv2D) │ (None, 7, 7, 192)         │         221,184 │ block6d_se_excite[0][0]    │
├───────────────────────────────┼───────────────────────────┼─────────────────┼────────────────────────────┤
│ block6d_project_bn            │ (None, 7, 7, 192)         │             768 │ block6d_project_conv[0][0] │
│ (BatchNormalization)          │                           │                 │                            │
├───────────────────────────────┼───────────────────────────┼─────────────────┼────────────────────────────┤
│ block6d_drop (Dropout)        │ (None, 7, 7, 192)         │               0 │ block6d_project_bn[0][0]   │
├───────────────────────────────┼───────────────────────────┼─────────────────┼────────────────────────────┤
│ block6d_add (Add)             │ (None, 7, 7, 192)         │               0 │ block6d_drop[0][0],        │
│                               │                           │                 │ block6c_add[0][0]          │
├───────────────────────────────┼───────────────────────────┼─────────────────┼────────────────────────────┤
│ block7a_expand_conv (Conv2D)  │ (None, 7, 7, 1152)        │         221,184 │ block6d_add[0][0]          │
├───────────────────────────────┼───────────────────────────┼─────────────────┼────────────────────────────┤
│ block7a_expand_bn             │ (None, 7, 7, 1152)        │           4,608 │ block7a_expand_conv[0][0]  │
│ (BatchNormalization)          │                           │                 │                            │
├───────────────────────────────┼───────────────────────────┼─────────────────┼────────────────────────────┤
│ block7a_expand_activation     │ (None, 7, 7, 1152)        │               0 │ block7a_expand_bn[0][0]    │
│ (Activation)                  │                           │                 │                            │
├───────────────────────────────┼───────────────────────────┼─────────────────┼────────────────────────────┤
│ block7a_dwconv                │ (None, 7, 7, 1152)        │          10,368 │ block7a_expand_activation… │
│ (DepthwiseConv2D)             │                           │                 │                            │
├───────────────────────────────┼───────────────────────────┼─────────────────┼────────────────────────────┤
│ block7a_bn                    │ (None, 7, 7, 1152)        │           4,608 │ block7a_dwconv[0][0]       │
│ (BatchNormalization)          │                           │                 │                            │
├───────────────────────────────┼───────────────────────────┼─────────────────┼────────────────────────────┤
│ block7a_activation            │ (None, 7, 7, 1152)        │               0 │ block7a_bn[0][0]           │
│ (Activation)                  │                           │                 │                            │
├───────────────────────────────┼───────────────────────────┼─────────────────┼────────────────────────────┤
│ block7a_se_squeeze            │ (None, 1152)              │               0 │ block7a_activation[0][0]   │
│ (GlobalAveragePooling2D)      │                           │                 │                            │
├───────────────────────────────┼───────────────────────────┼─────────────────┼────────────────────────────┤
│ block7a_se_reshape (Reshape)  │ (None, 1, 1, 1152)        │               0 │ block7a_se_squeeze[0][0]   │
├───────────────────────────────┼───────────────────────────┼─────────────────┼────────────────────────────┤
│ block7a_se_reduce (Conv2D)    │ (None, 1, 1, 48)          │          55,344 │ block7a_se_reshape[0][0]   │
├───────────────────────────────┼───────────────────────────┼─────────────────┼────────────────────────────┤
│ block7a_se_expand (Conv2D)    │ (None, 1, 1, 1152)        │          56,448 │ block7a_se_reduce[0][0]    │
├───────────────────────────────┼───────────────────────────┼─────────────────┼────────────────────────────┤
│ block7a_se_excite (Multiply)  │ (None, 7, 7, 1152)        │               0 │ block7a_activation[0][0],  │
│                               │                           │                 │ block7a_se_expand[0][0]    │
├───────────────────────────────┼───────────────────────────┼─────────────────┼────────────────────────────┤
│ block7a_project_conv (Conv2D) │ (None, 7, 7, 320)         │         368,640 │ block7a_se_excite[0][0]    │
├───────────────────────────────┼───────────────────────────┼─────────────────┼────────────────────────────┤
│ block7a_project_bn            │ (None, 7, 7, 320)         │           1,280 │ block7a_project_conv[0][0] │
│ (BatchNormalization)          │                           │                 │                            │
├───────────────────────────────┼───────────────────────────┼─────────────────┼────────────────────────────┤
│ top_conv (Conv2D)             │ (None, 7, 7, 1280)        │         409,600 │ block7a_project_bn[0][0]   │
├───────────────────────────────┼───────────────────────────┼─────────────────┼────────────────────────────┤
│ top_bn (BatchNormalization)   │ (None, 7, 7, 1280)        │           5,120 │ top_conv[0][0]             │
├───────────────────────────────┼───────────────────────────┼─────────────────┼────────────────────────────┤
│ top_activation (Activation)   │ (None, 7, 7, 1280)        │               0 │ top_bn[0][0]               │
├───────────────────────────────┼───────────────────────────┼─────────────────┼────────────────────────────┤
│ gap (GlobalAveragePooling2D)  │ (None, 1280)              │               0 │ top_activation[0][0]       │
├───────────────────────────────┼───────────────────────────┼─────────────────┼────────────────────────────┤
│ batch_normalization           │ (None, 1280)              │           5,120 │ gap[0][0]                  │
│ (BatchNormalization)          │                           │                 │                            │
├───────────────────────────────┼───────────────────────────┼─────────────────┼────────────────────────────┤
│ dropout (Dropout)             │ (None, 1280)              │               0 │ batch_normalization[0][0]  │
├───────────────────────────────┼───────────────────────────┼─────────────────┼────────────────────────────┤
│ output (Dense)                │ (None, 1)                 │           1,281 │ dropout[0][0]              │
└───────────────────────────────┴───────────────────────────┴─────────────────┴────────────────────────────┘
 Total params: 4,055,972 (15.47 MB)
 Trainable params: 3,841 (15.00 KB)
 Non-trainable params: 4,052,131 (15.46 MB)

2026-07-01 17:11:17 [INFO] ━━━━━━━━━━━━━━━━━━━━━━━━━━━━━━━━━━━━━━━━━━━━━━━━━━━━━━━━━━━━
2026-07-01 17:11:17 [INFO] STAGE 4 — Phase 1: Feature Extraction (backbone frozen)
2026-07-01 17:11:17 [INFO] ━━━━━━━━━━━━━━━━━━━━━━━━━━━━━━━━━━━━━━━━━━━━━━━━━━━━━━━━━━━━
2026-07-01 17:11:17 [INFO] Epochs planned : 2
2026-07-01 17:11:17 [INFO] Learning rate  : 1.00e-03
2026-07-01 17:11:17 [INFO] Per-epoch weights → checkpoints/epoch_weights/phase1/
2026-07-01 17:11:18 [INFO]   ── Epoch 1 starting...
2026-07-01 17:25:36 [INFO] ⚠ SMOKE TEST MODE — using tiny dataset & epoch counts
2026-07-01 17:25:36 [INFO]   This only checks the code runs end-to-end, NOT model quality.
2026-07-01 17:25:36 [INFO] ════════════════════════════════════════════════════════════
2026-07-01 17:25:36 [INFO]   Cats vs Dogs — EfficientNetB0 Transfer Learning
2026-07-01 17:25:36 [INFO]   Mode: SMOKE TEST
2026-07-01 17:25:36 [INFO]   Started: 2026-07-01 17:25:36
2026-07-01 17:25:36 [INFO] ════════════════════════════════════════════════════════════
2026-07-01 17:25:36 [INFO] ━━━━━━━━━━━━━━━━━━━━━━━━━━━━━━━━━━━━━━━━━━━━━━━━━━━━━━━━━━━━
2026-07-01 17:25:36 [INFO] STAGE 1 — Environment check
2026-07-01 17:25:36 [INFO] ━━━━━━━━━━━━━━━━━━━━━━━━━━━━━━━━━━━━━━━━━━━━━━━━━━━━━━━━━━━━
2026-07-01 17:25:36 [INFO] Python       : 3.11.15 (main, Mar 11 2026, 17:20:07) [GCC 14.3.0]
2026-07-01 17:25:36 [INFO] TensorFlow   : 2.21.0
2026-07-01 17:25:36 [INFO] GPUs visible : 0
2026-07-01 17:25:36 [WARNING] No GPU found — training will run on CPU (slow on HPC!)
2026-07-01 17:25:36 [INFO] Working dir  : /mnt/appbio_a/groups/Year_4/NChasan/DMining_project
2026-07-01 17:25:36 [INFO] Data dir     : /mnt/appbio_a/groups/Year_4/NChasan/DMining_project/PetImages_mini
2026-07-01 17:25:36 [INFO] ✔ CHECKPOINT [env_check] — TF 2.21.0, 0 GPU(s)
2026-07-01 17:25:36 [INFO] ━━━━━━━━━━━━━━━━━━━━━━━━━━━━━━━━━━━━━━━━━━━━━━━━━━━━━━━━━━━━
2026-07-01 17:25:36 [INFO] STAGE 2 — Data loading & pipeline
2026-07-01 17:25:36 [INFO] ━━━━━━━━━━━━━━━━━━━━━━━━━━━━━━━━━━━━━━━━━━━━━━━━━━━━━━━━━━━━
2026-07-01 17:25:36 [INFO] Reading images from: PetImages_mini
2026-07-01 17:25:36 [INFO] Directory scan done in 0.1s
2026-07-01 17:25:36 [INFO] Total images : 80
2026-07-01 17:25:36 [INFO] Train        : 40
2026-07-01 17:25:36 [INFO] Val          : 20
2026-07-01 17:25:36 [INFO] Test         : 20
2026-07-01 17:25:36 [INFO] Building augmentation pipeline...
2026-07-01 17:25:36 [INFO] Train batches : 5
2026-07-01 17:25:36 [INFO] Val   batches : 3
2026-07-01 17:25:36 [INFO] Test  batches : 3
2026-07-01 17:25:36 [INFO] Pulling one batch to verify pipeline...
2026-07-01 17:25:36 [INFO]   Batch shape  : images=(8, 224, 224, 3)  labels=(8, 1)
2026-07-01 17:25:36 [INFO]   Pixel range  : [0.0, 255.0]
2026-07-01 17:25:36 [INFO]   Label dtype  : <dtype: 'float32'>
2026-07-01 17:25:36 [INFO] ✔ CHECKPOINT [data_pipeline] — 40 train / 20 val / 20 test images
2026-07-01 17:25:36 [INFO] ━━━━━━━━━━━━━━━━━━━━━━━━━━━━━━━━━━━━━━━━━━━━━━━━━━━━━━━━━━━━
2026-07-01 17:25:36 [INFO] STAGE 3 — Model construction (EfficientNetB0 backbone)
2026-07-01 17:25:36 [INFO] ━━━━━━━━━━━━━━━━━━━━━━━━━━━━━━━━━━━━━━━━━━━━━━━━━━━━━━━━━━━━
2026-07-01 17:25:36 [INFO] Loading EfficientNetB0 with ImageNet weights...
2026-07-01 17:25:40 [INFO] Backbone loaded in 3.2s
2026-07-01 17:25:40 [INFO] Total params     : 4,055,972
2026-07-01 17:25:40 [INFO] Trainable params : 3,841
2026-07-01 17:25:40 [INFO] Frozen params    : 4,052,151.0
2026-07-01 17:25:40 [INFO] Model diagram saved to checkpoints/model_architecture.png
2026-07-01 17:25:40 [INFO] ✔ CHECKPOINT [model_built] — 4,055,972 total params
2026-07-01 17:25:40 [INFO] Compiling model — lr=1.00e-03  phase=phase1
2026-07-01 17:25:40 [INFO] ✔ CHECKPOINT [compile_phase1] — lr=1.00e-03
2026-07-01 17:25:40 [INFO] Model: "CatsVsDogs_EfficientNetB0"
┏━━━━━━━━━━━━━━━━━━━━━━━━━━━━━━━┳━━━━━━━━━━━━━━━━━━━━━━━━━━━┳━━━━━━━━━━━━━━━━━┳━━━━━━━━━━━━━━━━━━━━━━━━━━━━┓
┃ Layer (type)                  ┃ Output Shape              ┃         Param # ┃ Connected to               ┃
┡━━━━━━━━━━━━━━━━━━━━━━━━━━━━━━━╇━━━━━━━━━━━━━━━━━━━━━━━━━━━╇━━━━━━━━━━━━━━━━━╇━━━━━━━━━━━━━━━━━━━━━━━━━━━━┩
│ input_image (InputLayer)      │ (None, 224, 224, 3)       │               0 │ -                          │
├───────────────────────────────┼───────────────────────────┼─────────────────┼────────────────────────────┤
│ rescaling (Rescaling)         │ (None, 224, 224, 3)       │               0 │ input_image[0][0]          │
├───────────────────────────────┼───────────────────────────┼─────────────────┼────────────────────────────┤
│ normalization (Normalization) │ (None, 224, 224, 3)       │               7 │ rescaling[0][0]            │
├───────────────────────────────┼───────────────────────────┼─────────────────┼────────────────────────────┤
│ rescaling_1 (Rescaling)       │ (None, 224, 224, 3)       │               0 │ normalization[0][0]        │
├───────────────────────────────┼───────────────────────────┼─────────────────┼────────────────────────────┤
│ stem_conv_pad (ZeroPadding2D) │ (None, 225, 225, 3)       │               0 │ rescaling_1[0][0]          │
├───────────────────────────────┼───────────────────────────┼─────────────────┼────────────────────────────┤
│ stem_conv (Conv2D)            │ (None, 112, 112, 32)      │             864 │ stem_conv_pad[0][0]        │
├───────────────────────────────┼───────────────────────────┼─────────────────┼────────────────────────────┤
│ stem_bn (BatchNormalization)  │ (None, 112, 112, 32)      │             128 │ stem_conv[0][0]            │
├───────────────────────────────┼───────────────────────────┼─────────────────┼────────────────────────────┤
│ stem_activation (Activation)  │ (None, 112, 112, 32)      │               0 │ stem_bn[0][0]              │
├───────────────────────────────┼───────────────────────────┼─────────────────┼────────────────────────────┤
│ block1a_dwconv                │ (None, 112, 112, 32)      │             288 │ stem_activation[0][0]      │
│ (DepthwiseConv2D)             │                           │                 │                            │
├───────────────────────────────┼───────────────────────────┼─────────────────┼────────────────────────────┤
│ block1a_bn                    │ (None, 112, 112, 32)      │             128 │ block1a_dwconv[0][0]       │
│ (BatchNormalization)          │                           │                 │                            │
├───────────────────────────────┼───────────────────────────┼─────────────────┼────────────────────────────┤
│ block1a_activation            │ (None, 112, 112, 32)      │               0 │ block1a_bn[0][0]           │
│ (Activation)                  │                           │                 │                            │
├───────────────────────────────┼───────────────────────────┼─────────────────┼────────────────────────────┤
│ block1a_se_squeeze            │ (None, 32)                │               0 │ block1a_activation[0][0]   │
│ (GlobalAveragePooling2D)      │                           │                 │                            │
├───────────────────────────────┼───────────────────────────┼─────────────────┼────────────────────────────┤
│ block1a_se_reshape (Reshape)  │ (None, 1, 1, 32)          │               0 │ block1a_se_squeeze[0][0]   │
├───────────────────────────────┼───────────────────────────┼─────────────────┼────────────────────────────┤
│ block1a_se_reduce (Conv2D)    │ (None, 1, 1, 8)           │             264 │ block1a_se_reshape[0][0]   │
├───────────────────────────────┼───────────────────────────┼─────────────────┼────────────────────────────┤
│ block1a_se_expand (Conv2D)    │ (None, 1, 1, 32)          │             288 │ block1a_se_reduce[0][0]    │
├───────────────────────────────┼───────────────────────────┼─────────────────┼────────────────────────────┤
│ block1a_se_excite (Multiply)  │ (None, 112, 112, 32)      │               0 │ block1a_activation[0][0],  │
│                               │                           │                 │ block1a_se_expand[0][0]    │
├───────────────────────────────┼───────────────────────────┼─────────────────┼────────────────────────────┤
│ block1a_project_conv (Conv2D) │ (None, 112, 112, 16)      │             512 │ block1a_se_excite[0][0]    │
├───────────────────────────────┼───────────────────────────┼─────────────────┼────────────────────────────┤
│ block1a_project_bn            │ (None, 112, 112, 16)      │              64 │ block1a_project_conv[0][0] │
│ (BatchNormalization)          │                           │                 │                            │
├───────────────────────────────┼───────────────────────────┼─────────────────┼────────────────────────────┤
│ block2a_expand_conv (Conv2D)  │ (None, 112, 112, 96)      │           1,536 │ block1a_project_bn[0][0]   │
├───────────────────────────────┼───────────────────────────┼─────────────────┼────────────────────────────┤
│ block2a_expand_bn             │ (None, 112, 112, 96)      │             384 │ block2a_expand_conv[0][0]  │
│ (BatchNormalization)          │                           │                 │                            │
├───────────────────────────────┼───────────────────────────┼─────────────────┼────────────────────────────┤
│ block2a_expand_activation     │ (None, 112, 112, 96)      │               0 │ block2a_expand_bn[0][0]    │
│ (Activation)                  │                           │                 │                            │
├───────────────────────────────┼───────────────────────────┼─────────────────┼────────────────────────────┤
│ block2a_dwconv_pad            │ (None, 113, 113, 96)      │               0 │ block2a_expand_activation… │
│ (ZeroPadding2D)               │                           │                 │                            │
├───────────────────────────────┼───────────────────────────┼─────────────────┼────────────────────────────┤
│ block2a_dwconv                │ (None, 56, 56, 96)        │             864 │ block2a_dwconv_pad[0][0]   │
│ (DepthwiseConv2D)             │                           │                 │                            │
├───────────────────────────────┼───────────────────────────┼─────────────────┼────────────────────────────┤
│ block2a_bn                    │ (None, 56, 56, 96)        │             384 │ block2a_dwconv[0][0]       │
│ (BatchNormalization)          │                           │                 │                            │
├───────────────────────────────┼───────────────────────────┼─────────────────┼────────────────────────────┤
│ block2a_activation            │ (None, 56, 56, 96)        │               0 │ block2a_bn[0][0]           │
│ (Activation)                  │                           │                 │                            │
├───────────────────────────────┼───────────────────────────┼─────────────────┼────────────────────────────┤
│ block2a_se_squeeze            │ (None, 96)                │               0 │ block2a_activation[0][0]   │
│ (GlobalAveragePooling2D)      │                           │                 │                            │
├───────────────────────────────┼───────────────────────────┼─────────────────┼────────────────────────────┤
│ block2a_se_reshape (Reshape)  │ (None, 1, 1, 96)          │               0 │ block2a_se_squeeze[0][0]   │
├───────────────────────────────┼───────────────────────────┼─────────────────┼────────────────────────────┤
│ block2a_se_reduce (Conv2D)    │ (None, 1, 1, 4)           │             388 │ block2a_se_reshape[0][0]   │
├───────────────────────────────┼───────────────────────────┼─────────────────┼────────────────────────────┤
│ block2a_se_expand (Conv2D)    │ (None, 1, 1, 96)          │             480 │ block2a_se_reduce[0][0]    │
├───────────────────────────────┼───────────────────────────┼─────────────────┼────────────────────────────┤
│ block2a_se_excite (Multiply)  │ (None, 56, 56, 96)        │               0 │ block2a_activation[0][0],  │
│                               │                           │                 │ block2a_se_expand[0][0]    │
├───────────────────────────────┼───────────────────────────┼─────────────────┼────────────────────────────┤
│ block2a_project_conv (Conv2D) │ (None, 56, 56, 24)        │           2,304 │ block2a_se_excite[0][0]    │
├───────────────────────────────┼───────────────────────────┼─────────────────┼────────────────────────────┤
│ block2a_project_bn            │ (None, 56, 56, 24)        │              96 │ block2a_project_conv[0][0] │
│ (BatchNormalization)          │                           │                 │                            │
├───────────────────────────────┼───────────────────────────┼─────────────────┼────────────────────────────┤
│ block2b_expand_conv (Conv2D)  │ (None, 56, 56, 144)       │           3,456 │ block2a_project_bn[0][0]   │
├───────────────────────────────┼───────────────────────────┼─────────────────┼────────────────────────────┤
│ block2b_expand_bn             │ (None, 56, 56, 144)       │             576 │ block2b_expand_conv[0][0]  │
│ (BatchNormalization)          │                           │                 │                            │
├───────────────────────────────┼───────────────────────────┼─────────────────┼────────────────────────────┤
│ block2b_expand_activation     │ (None, 56, 56, 144)       │               0 │ block2b_expand_bn[0][0]    │
│ (Activation)                  │                           │                 │                            │
├───────────────────────────────┼───────────────────────────┼─────────────────┼────────────────────────────┤
│ block2b_dwconv                │ (None, 56, 56, 144)       │           1,296 │ block2b_expand_activation… │
│ (DepthwiseConv2D)             │                           │                 │                            │
├───────────────────────────────┼───────────────────────────┼─────────────────┼────────────────────────────┤
│ block2b_bn                    │ (None, 56, 56, 144)       │             576 │ block2b_dwconv[0][0]       │
│ (BatchNormalization)          │                           │                 │                            │
├───────────────────────────────┼───────────────────────────┼─────────────────┼────────────────────────────┤
│ block2b_activation            │ (None, 56, 56, 144)       │               0 │ block2b_bn[0][0]           │
│ (Activation)                  │                           │                 │                            │
├───────────────────────────────┼───────────────────────────┼─────────────────┼────────────────────────────┤
│ block2b_se_squeeze            │ (None, 144)               │               0 │ block2b_activation[0][0]   │
│ (GlobalAveragePooling2D)      │                           │                 │                            │
├───────────────────────────────┼───────────────────────────┼─────────────────┼────────────────────────────┤
│ block2b_se_reshape (Reshape)  │ (None, 1, 1, 144)         │               0 │ block2b_se_squeeze[0][0]   │
├───────────────────────────────┼───────────────────────────┼─────────────────┼────────────────────────────┤
│ block2b_se_reduce (Conv2D)    │ (None, 1, 1, 6)           │             870 │ block2b_se_reshape[0][0]   │
├───────────────────────────────┼───────────────────────────┼─────────────────┼────────────────────────────┤
│ block2b_se_expand (Conv2D)    │ (None, 1, 1, 144)         │           1,008 │ block2b_se_reduce[0][0]    │
├───────────────────────────────┼───────────────────────────┼─────────────────┼────────────────────────────┤
│ block2b_se_excite (Multiply)  │ (None, 56, 56, 144)       │               0 │ block2b_activation[0][0],  │
│                               │                           │                 │ block2b_se_expand[0][0]    │
├───────────────────────────────┼───────────────────────────┼─────────────────┼────────────────────────────┤
│ block2b_project_conv (Conv2D) │ (None, 56, 56, 24)        │           3,456 │ block2b_se_excite[0][0]    │
├───────────────────────────────┼───────────────────────────┼─────────────────┼────────────────────────────┤
│ block2b_project_bn            │ (None, 56, 56, 24)        │              96 │ block2b_project_conv[0][0] │
│ (BatchNormalization)          │                           │                 │                            │
├───────────────────────────────┼───────────────────────────┼─────────────────┼────────────────────────────┤
│ block2b_drop (Dropout)        │ (None, 56, 56, 24)        │               0 │ block2b_project_bn[0][0]   │
├───────────────────────────────┼───────────────────────────┼─────────────────┼────────────────────────────┤
│ block2b_add (Add)             │ (None, 56, 56, 24)        │               0 │ block2b_drop[0][0],        │
│                               │                           │                 │ block2a_project_bn[0][0]   │
├───────────────────────────────┼───────────────────────────┼─────────────────┼────────────────────────────┤
│ block3a_expand_conv (Conv2D)  │ (None, 56, 56, 144)       │           3,456 │ block2b_add[0][0]          │
├───────────────────────────────┼───────────────────────────┼─────────────────┼────────────────────────────┤
│ block3a_expand_bn             │ (None, 56, 56, 144)       │             576 │ block3a_expand_conv[0][0]  │
│ (BatchNormalization)          │                           │                 │                            │
├───────────────────────────────┼───────────────────────────┼─────────────────┼────────────────────────────┤
│ block3a_expand_activation     │ (None, 56, 56, 144)       │               0 │ block3a_expand_bn[0][0]    │
│ (Activation)                  │                           │                 │                            │
├───────────────────────────────┼───────────────────────────┼─────────────────┼────────────────────────────┤
│ block3a_dwconv_pad            │ (None, 59, 59, 144)       │               0 │ block3a_expand_activation… │
│ (ZeroPadding2D)               │                           │                 │                            │
├───────────────────────────────┼───────────────────────────┼─────────────────┼────────────────────────────┤
│ block3a_dwconv                │ (None, 28, 28, 144)       │           3,600 │ block3a_dwconv_pad[0][0]   │
│ (DepthwiseConv2D)             │                           │                 │                            │
├───────────────────────────────┼───────────────────────────┼─────────────────┼────────────────────────────┤
│ block3a_bn                    │ (None, 28, 28, 144)       │             576 │ block3a_dwconv[0][0]       │
│ (BatchNormalization)          │                           │                 │                            │
├───────────────────────────────┼───────────────────────────┼─────────────────┼────────────────────────────┤
│ block3a_activation            │ (None, 28, 28, 144)       │               0 │ block3a_bn[0][0]           │
│ (Activation)                  │                           │                 │                            │
├───────────────────────────────┼───────────────────────────┼─────────────────┼────────────────────────────┤
│ block3a_se_squeeze            │ (None, 144)               │               0 │ block3a_activation[0][0]   │
│ (GlobalAveragePooling2D)      │                           │                 │                            │
├───────────────────────────────┼───────────────────────────┼─────────────────┼────────────────────────────┤
│ block3a_se_reshape (Reshape)  │ (None, 1, 1, 144)         │               0 │ block3a_se_squeeze[0][0]   │
├───────────────────────────────┼───────────────────────────┼─────────────────┼────────────────────────────┤
│ block3a_se_reduce (Conv2D)    │ (None, 1, 1, 6)           │             870 │ block3a_se_reshape[0][0]   │
├───────────────────────────────┼───────────────────────────┼─────────────────┼────────────────────────────┤
│ block3a_se_expand (Conv2D)    │ (None, 1, 1, 144)         │           1,008 │ block3a_se_reduce[0][0]    │
├───────────────────────────────┼───────────────────────────┼─────────────────┼────────────────────────────┤
│ block3a_se_excite (Multiply)  │ (None, 28, 28, 144)       │               0 │ block3a_activation[0][0],  │
│                               │                           │                 │ block3a_se_expand[0][0]    │
├───────────────────────────────┼───────────────────────────┼─────────────────┼────────────────────────────┤
│ block3a_project_conv (Conv2D) │ (None, 28, 28, 40)        │           5,760 │ block3a_se_excite[0][0]    │
├───────────────────────────────┼───────────────────────────┼─────────────────┼────────────────────────────┤
│ block3a_project_bn            │ (None, 28, 28, 40)        │             160 │ block3a_project_conv[0][0] │
│ (BatchNormalization)          │                           │                 │                            │
├───────────────────────────────┼───────────────────────────┼─────────────────┼────────────────────────────┤
│ block3b_expand_conv (Conv2D)  │ (None, 28, 28, 240)       │           9,600 │ block3a_project_bn[0][0]   │
├───────────────────────────────┼───────────────────────────┼─────────────────┼────────────────────────────┤
│ block3b_expand_bn             │ (None, 28, 28, 240)       │             960 │ block3b_expand_conv[0][0]  │
│ (BatchNormalization)          │                           │                 │                            │
├───────────────────────────────┼───────────────────────────┼─────────────────┼────────────────────────────┤
│ block3b_expand_activation     │ (None, 28, 28, 240)       │               0 │ block3b_expand_bn[0][0]    │
│ (Activation)                  │                           │                 │                            │
├───────────────────────────────┼───────────────────────────┼─────────────────┼────────────────────────────┤
│ block3b_dwconv                │ (None, 28, 28, 240)       │           6,000 │ block3b_expand_activation… │
│ (DepthwiseConv2D)             │                           │                 │                            │
├───────────────────────────────┼───────────────────────────┼─────────────────┼────────────────────────────┤
│ block3b_bn                    │ (None, 28, 28, 240)       │             960 │ block3b_dwconv[0][0]       │
│ (BatchNormalization)          │                           │                 │                            │
├───────────────────────────────┼───────────────────────────┼─────────────────┼────────────────────────────┤
│ block3b_activation            │ (None, 28, 28, 240)       │               0 │ block3b_bn[0][0]           │
│ (Activation)                  │                           │                 │                            │
├───────────────────────────────┼───────────────────────────┼─────────────────┼────────────────────────────┤
│ block3b_se_squeeze            │ (None, 240)               │               0 │ block3b_activation[0][0]   │
│ (GlobalAveragePooling2D)      │                           │                 │                            │
├───────────────────────────────┼───────────────────────────┼─────────────────┼────────────────────────────┤
│ block3b_se_reshape (Reshape)  │ (None, 1, 1, 240)         │               0 │ block3b_se_squeeze[0][0]   │
├───────────────────────────────┼───────────────────────────┼─────────────────┼────────────────────────────┤
│ block3b_se_reduce (Conv2D)    │ (None, 1, 1, 10)          │           2,410 │ block3b_se_reshape[0][0]   │
├───────────────────────────────┼───────────────────────────┼─────────────────┼────────────────────────────┤
│ block3b_se_expand (Conv2D)    │ (None, 1, 1, 240)         │           2,640 │ block3b_se_reduce[0][0]    │
├───────────────────────────────┼───────────────────────────┼─────────────────┼────────────────────────────┤
│ block3b_se_excite (Multiply)  │ (None, 28, 28, 240)       │               0 │ block3b_activation[0][0],  │
│                               │                           │                 │ block3b_se_expand[0][0]    │
├───────────────────────────────┼───────────────────────────┼─────────────────┼────────────────────────────┤
│ block3b_project_conv (Conv2D) │ (None, 28, 28, 40)        │           9,600 │ block3b_se_excite[0][0]    │
├───────────────────────────────┼───────────────────────────┼─────────────────┼────────────────────────────┤
│ block3b_project_bn            │ (None, 28, 28, 40)        │             160 │ block3b_project_conv[0][0] │
│ (BatchNormalization)          │                           │                 │                            │
├───────────────────────────────┼───────────────────────────┼─────────────────┼────────────────────────────┤
│ block3b_drop (Dropout)        │ (None, 28, 28, 40)        │               0 │ block3b_project_bn[0][0]   │
├───────────────────────────────┼───────────────────────────┼─────────────────┼────────────────────────────┤
│ block3b_add (Add)             │ (None, 28, 28, 40)        │               0 │ block3b_drop[0][0],        │
│                               │                           │                 │ block3a_project_bn[0][0]   │
├───────────────────────────────┼───────────────────────────┼─────────────────┼────────────────────────────┤
│ block4a_expand_conv (Conv2D)  │ (None, 28, 28, 240)       │           9,600 │ block3b_add[0][0]          │
├───────────────────────────────┼───────────────────────────┼─────────────────┼────────────────────────────┤
│ block4a_expand_bn             │ (None, 28, 28, 240)       │             960 │ block4a_expand_conv[0][0]  │
│ (BatchNormalization)          │                           │                 │                            │
├───────────────────────────────┼───────────────────────────┼─────────────────┼────────────────────────────┤
│ block4a_expand_activation     │ (None, 28, 28, 240)       │               0 │ block4a_expand_bn[0][0]    │
│ (Activation)                  │                           │                 │                            │
├───────────────────────────────┼───────────────────────────┼─────────────────┼────────────────────────────┤
│ block4a_dwconv_pad            │ (None, 29, 29, 240)       │               0 │ block4a_expand_activation… │
│ (ZeroPadding2D)               │                           │                 │                            │
├───────────────────────────────┼───────────────────────────┼─────────────────┼────────────────────────────┤
│ block4a_dwconv                │ (None, 14, 14, 240)       │           2,160 │ block4a_dwconv_pad[0][0]   │
│ (DepthwiseConv2D)             │                           │                 │                            │
├───────────────────────────────┼───────────────────────────┼─────────────────┼────────────────────────────┤
│ block4a_bn                    │ (None, 14, 14, 240)       │             960 │ block4a_dwconv[0][0]       │
│ (BatchNormalization)          │                           │                 │                            │
├───────────────────────────────┼───────────────────────────┼─────────────────┼────────────────────────────┤
│ block4a_activation            │ (None, 14, 14, 240)       │               0 │ block4a_bn[0][0]           │
│ (Activation)                  │                           │                 │                            │
├───────────────────────────────┼───────────────────────────┼─────────────────┼────────────────────────────┤
│ block4a_se_squeeze            │ (None, 240)               │               0 │ block4a_activation[0][0]   │
│ (GlobalAveragePooling2D)      │                           │                 │                            │
├───────────────────────────────┼───────────────────────────┼─────────────────┼────────────────────────────┤
│ block4a_se_reshape (Reshape)  │ (None, 1, 1, 240)         │               0 │ block4a_se_squeeze[0][0]   │
├───────────────────────────────┼───────────────────────────┼─────────────────┼────────────────────────────┤
│ block4a_se_reduce (Conv2D)    │ (None, 1, 1, 10)          │           2,410 │ block4a_se_reshape[0][0]   │
├───────────────────────────────┼───────────────────────────┼─────────────────┼────────────────────────────┤
│ block4a_se_expand (Conv2D)    │ (None, 1, 1, 240)         │           2,640 │ block4a_se_reduce[0][0]    │
├───────────────────────────────┼───────────────────────────┼─────────────────┼────────────────────────────┤
│ block4a_se_excite (Multiply)  │ (None, 14, 14, 240)       │               0 │ block4a_activation[0][0],  │
│                               │                           │                 │ block4a_se_expand[0][0]    │
├───────────────────────────────┼───────────────────────────┼─────────────────┼────────────────────────────┤
│ block4a_project_conv (Conv2D) │ (None, 14, 14, 80)        │          19,200 │ block4a_se_excite[0][0]    │
├───────────────────────────────┼───────────────────────────┼─────────────────┼────────────────────────────┤
│ block4a_project_bn            │ (None, 14, 14, 80)        │             320 │ block4a_project_conv[0][0] │
│ (BatchNormalization)          │                           │                 │                            │
├───────────────────────────────┼───────────────────────────┼─────────────────┼────────────────────────────┤
│ block4b_expand_conv (Conv2D)  │ (None, 14, 14, 480)       │          38,400 │ block4a_project_bn[0][0]   │
├───────────────────────────────┼───────────────────────────┼─────────────────┼────────────────────────────┤
│ block4b_expand_bn             │ (None, 14, 14, 480)       │           1,920 │ block4b_expand_conv[0][0]  │
│ (BatchNormalization)          │                           │                 │                            │
├───────────────────────────────┼───────────────────────────┼─────────────────┼────────────────────────────┤
│ block4b_expand_activation     │ (None, 14, 14, 480)       │               0 │ block4b_expand_bn[0][0]    │
│ (Activation)                  │                           │                 │                            │
├───────────────────────────────┼───────────────────────────┼─────────────────┼────────────────────────────┤
│ block4b_dwconv                │ (None, 14, 14, 480)       │           4,320 │ block4b_expand_activation… │
│ (DepthwiseConv2D)             │                           │                 │                            │
├───────────────────────────────┼───────────────────────────┼─────────────────┼────────────────────────────┤
│ block4b_bn                    │ (None, 14, 14, 480)       │           1,920 │ block4b_dwconv[0][0]       │
│ (BatchNormalization)          │                           │                 │                            │
├───────────────────────────────┼───────────────────────────┼─────────────────┼────────────────────────────┤
│ block4b_activation            │ (None, 14, 14, 480)       │               0 │ block4b_bn[0][0]           │
│ (Activation)                  │                           │                 │                            │
├───────────────────────────────┼───────────────────────────┼─────────────────┼────────────────────────────┤
│ block4b_se_squeeze            │ (None, 480)               │               0 │ block4b_activation[0][0]   │
│ (GlobalAveragePooling2D)      │                           │                 │                            │
├───────────────────────────────┼───────────────────────────┼─────────────────┼────────────────────────────┤
│ block4b_se_reshape (Reshape)  │ (None, 1, 1, 480)         │               0 │ block4b_se_squeeze[0][0]   │
├───────────────────────────────┼───────────────────────────┼─────────────────┼────────────────────────────┤
│ block4b_se_reduce (Conv2D)    │ (None, 1, 1, 20)          │           9,620 │ block4b_se_reshape[0][0]   │
├───────────────────────────────┼───────────────────────────┼─────────────────┼────────────────────────────┤
│ block4b_se_expand (Conv2D)    │ (None, 1, 1, 480)         │          10,080 │ block4b_se_reduce[0][0]    │
├───────────────────────────────┼───────────────────────────┼─────────────────┼────────────────────────────┤
│ block4b_se_excite (Multiply)  │ (None, 14, 14, 480)       │               0 │ block4b_activation[0][0],  │
│                               │                           │                 │ block4b_se_expand[0][0]    │
├───────────────────────────────┼───────────────────────────┼─────────────────┼────────────────────────────┤
│ block4b_project_conv (Conv2D) │ (None, 14, 14, 80)        │          38,400 │ block4b_se_excite[0][0]    │
├───────────────────────────────┼───────────────────────────┼─────────────────┼────────────────────────────┤
│ block4b_project_bn            │ (None, 14, 14, 80)        │             320 │ block4b_project_conv[0][0] │
│ (BatchNormalization)          │                           │                 │                            │
├───────────────────────────────┼───────────────────────────┼─────────────────┼────────────────────────────┤
│ block4b_drop (Dropout)        │ (None, 14, 14, 80)        │               0 │ block4b_project_bn[0][0]   │
├───────────────────────────────┼───────────────────────────┼─────────────────┼────────────────────────────┤
│ block4b_add (Add)             │ (None, 14, 14, 80)        │               0 │ block4b_drop[0][0],        │
│                               │                           │                 │ block4a_project_bn[0][0]   │
├───────────────────────────────┼───────────────────────────┼─────────────────┼────────────────────────────┤
│ block4c_expand_conv (Conv2D)  │ (None, 14, 14, 480)       │          38,400 │ block4b_add[0][0]          │
├───────────────────────────────┼───────────────────────────┼─────────────────┼────────────────────────────┤
│ block4c_expand_bn             │ (None, 14, 14, 480)       │           1,920 │ block4c_expand_conv[0][0]  │
│ (BatchNormalization)          │                           │                 │                            │
├───────────────────────────────┼───────────────────────────┼─────────────────┼────────────────────────────┤
│ block4c_expand_activation     │ (None, 14, 14, 480)       │               0 │ block4c_expand_bn[0][0]    │
│ (Activation)                  │                           │                 │                            │
├───────────────────────────────┼───────────────────────────┼─────────────────┼────────────────────────────┤
│ block4c_dwconv                │ (None, 14, 14, 480)       │           4,320 │ block4c_expand_activation… │
│ (DepthwiseConv2D)             │                           │                 │                            │
├───────────────────────────────┼───────────────────────────┼─────────────────┼────────────────────────────┤
│ block4c_bn                    │ (None, 14, 14, 480)       │           1,920 │ block4c_dwconv[0][0]       │
│ (BatchNormalization)          │                           │                 │                            │
├───────────────────────────────┼───────────────────────────┼─────────────────┼────────────────────────────┤
│ block4c_activation            │ (None, 14, 14, 480)       │               0 │ block4c_bn[0][0]           │
│ (Activation)                  │                           │                 │                            │
├───────────────────────────────┼───────────────────────────┼─────────────────┼────────────────────────────┤
│ block4c_se_squeeze            │ (None, 480)               │               0 │ block4c_activation[0][0]   │
│ (GlobalAveragePooling2D)      │                           │                 │                            │
├───────────────────────────────┼───────────────────────────┼─────────────────┼────────────────────────────┤
│ block4c_se_reshape (Reshape)  │ (None, 1, 1, 480)         │               0 │ block4c_se_squeeze[0][0]   │
├───────────────────────────────┼───────────────────────────┼─────────────────┼────────────────────────────┤
│ block4c_se_reduce (Conv2D)    │ (None, 1, 1, 20)          │           9,620 │ block4c_se_reshape[0][0]   │
├───────────────────────────────┼───────────────────────────┼─────────────────┼────────────────────────────┤
│ block4c_se_expand (Conv2D)    │ (None, 1, 1, 480)         │          10,080 │ block4c_se_reduce[0][0]    │
├───────────────────────────────┼───────────────────────────┼─────────────────┼────────────────────────────┤
│ block4c_se_excite (Multiply)  │ (None, 14, 14, 480)       │               0 │ block4c_activation[0][0],  │
│                               │                           │                 │ block4c_se_expand[0][0]    │
├───────────────────────────────┼───────────────────────────┼─────────────────┼────────────────────────────┤
│ block4c_project_conv (Conv2D) │ (None, 14, 14, 80)        │          38,400 │ block4c_se_excite[0][0]    │
├───────────────────────────────┼───────────────────────────┼─────────────────┼────────────────────────────┤
│ block4c_project_bn            │ (None, 14, 14, 80)        │             320 │ block4c_project_conv[0][0] │
│ (BatchNormalization)          │                           │                 │                            │
├───────────────────────────────┼───────────────────────────┼─────────────────┼────────────────────────────┤
│ block4c_drop (Dropout)        │ (None, 14, 14, 80)        │               0 │ block4c_project_bn[0][0]   │
├───────────────────────────────┼───────────────────────────┼─────────────────┼────────────────────────────┤
│ block4c_add (Add)             │ (None, 14, 14, 80)        │               0 │ block4c_drop[0][0],        │
│                               │                           │                 │ block4b_add[0][0]          │
├───────────────────────────────┼───────────────────────────┼─────────────────┼────────────────────────────┤
│ block5a_expand_conv (Conv2D)  │ (None, 14, 14, 480)       │          38,400 │ block4c_add[0][0]          │
├───────────────────────────────┼───────────────────────────┼─────────────────┼────────────────────────────┤
│ block5a_expand_bn             │ (None, 14, 14, 480)       │           1,920 │ block5a_expand_conv[0][0]  │
│ (BatchNormalization)          │                           │                 │                            │
├───────────────────────────────┼───────────────────────────┼─────────────────┼────────────────────────────┤
│ block5a_expand_activation     │ (None, 14, 14, 480)       │               0 │ block5a_expand_bn[0][0]    │
│ (Activation)                  │                           │                 │                            │
├───────────────────────────────┼───────────────────────────┼─────────────────┼────────────────────────────┤
│ block5a_dwconv                │ (None, 14, 14, 480)       │          12,000 │ block5a_expand_activation… │
│ (DepthwiseConv2D)             │                           │                 │                            │
├───────────────────────────────┼───────────────────────────┼─────────────────┼────────────────────────────┤
│ block5a_bn                    │ (None, 14, 14, 480)       │           1,920 │ block5a_dwconv[0][0]       │
│ (BatchNormalization)          │                           │                 │                            │
├───────────────────────────────┼───────────────────────────┼─────────────────┼────────────────────────────┤
│ block5a_activation            │ (None, 14, 14, 480)       │               0 │ block5a_bn[0][0]           │
│ (Activation)                  │                           │                 │                            │
├───────────────────────────────┼───────────────────────────┼─────────────────┼────────────────────────────┤
│ block5a_se_squeeze            │ (None, 480)               │               0 │ block5a_activation[0][0]   │
│ (GlobalAveragePooling2D)      │                           │                 │                            │
├───────────────────────────────┼───────────────────────────┼─────────────────┼────────────────────────────┤
│ block5a_se_reshape (Reshape)  │ (None, 1, 1, 480)         │               0 │ block5a_se_squeeze[0][0]   │
├───────────────────────────────┼───────────────────────────┼─────────────────┼────────────────────────────┤
│ block5a_se_reduce (Conv2D)    │ (None, 1, 1, 20)          │           9,620 │ block5a_se_reshape[0][0]   │
├───────────────────────────────┼───────────────────────────┼─────────────────┼────────────────────────────┤
│ block5a_se_expand (Conv2D)    │ (None, 1, 1, 480)         │          10,080 │ block5a_se_reduce[0][0]    │
├───────────────────────────────┼───────────────────────────┼─────────────────┼────────────────────────────┤
│ block5a_se_excite (Multiply)  │ (None, 14, 14, 480)       │               0 │ block5a_activation[0][0],  │
│                               │                           │                 │ block5a_se_expand[0][0]    │
├───────────────────────────────┼───────────────────────────┼─────────────────┼────────────────────────────┤
│ block5a_project_conv (Conv2D) │ (None, 14, 14, 112)       │          53,760 │ block5a_se_excite[0][0]    │
├───────────────────────────────┼───────────────────────────┼─────────────────┼────────────────────────────┤
│ block5a_project_bn            │ (None, 14, 14, 112)       │             448 │ block5a_project_conv[0][0] │
│ (BatchNormalization)          │                           │                 │                            │
├───────────────────────────────┼───────────────────────────┼─────────────────┼────────────────────────────┤
│ block5b_expand_conv (Conv2D)  │ (None, 14, 14, 672)       │          75,264 │ block5a_project_bn[0][0]   │
├───────────────────────────────┼───────────────────────────┼─────────────────┼────────────────────────────┤
│ block5b_expand_bn             │ (None, 14, 14, 672)       │           2,688 │ block5b_expand_conv[0][0]  │
│ (BatchNormalization)          │                           │                 │                            │
├───────────────────────────────┼───────────────────────────┼─────────────────┼────────────────────────────┤
│ block5b_expand_activation     │ (None, 14, 14, 672)       │               0 │ block5b_expand_bn[0][0]    │
│ (Activation)                  │                           │                 │                            │
├───────────────────────────────┼───────────────────────────┼─────────────────┼────────────────────────────┤
│ block5b_dwconv                │ (None, 14, 14, 672)       │          16,800 │ block5b_expand_activation… │
│ (DepthwiseConv2D)             │                           │                 │                            │
├───────────────────────────────┼───────────────────────────┼─────────────────┼────────────────────────────┤
│ block5b_bn                    │ (None, 14, 14, 672)       │           2,688 │ block5b_dwconv[0][0]       │
│ (BatchNormalization)          │                           │                 │                            │
├───────────────────────────────┼───────────────────────────┼─────────────────┼────────────────────────────┤
│ block5b_activation            │ (None, 14, 14, 672)       │               0 │ block5b_bn[0][0]           │
│ (Activation)                  │                           │                 │                            │
├───────────────────────────────┼───────────────────────────┼─────────────────┼────────────────────────────┤
│ block5b_se_squeeze            │ (None, 672)               │               0 │ block5b_activation[0][0]   │
│ (GlobalAveragePooling2D)      │                           │                 │                            │
├───────────────────────────────┼───────────────────────────┼─────────────────┼────────────────────────────┤
│ block5b_se_reshape (Reshape)  │ (None, 1, 1, 672)         │               0 │ block5b_se_squeeze[0][0]   │
├───────────────────────────────┼───────────────────────────┼─────────────────┼────────────────────────────┤
│ block5b_se_reduce (Conv2D)    │ (None, 1, 1, 28)          │          18,844 │ block5b_se_reshape[0][0]   │
├───────────────────────────────┼───────────────────────────┼─────────────────┼────────────────────────────┤
│ block5b_se_expand (Conv2D)    │ (None, 1, 1, 672)         │          19,488 │ block5b_se_reduce[0][0]    │
├───────────────────────────────┼───────────────────────────┼─────────────────┼────────────────────────────┤
│ block5b_se_excite (Multiply)  │ (None, 14, 14, 672)       │               0 │ block5b_activation[0][0],  │
│                               │                           │                 │ block5b_se_expand[0][0]    │
├───────────────────────────────┼───────────────────────────┼─────────────────┼────────────────────────────┤
│ block5b_project_conv (Conv2D) │ (None, 14, 14, 112)       │          75,264 │ block5b_se_excite[0][0]    │
├───────────────────────────────┼───────────────────────────┼─────────────────┼────────────────────────────┤
│ block5b_project_bn            │ (None, 14, 14, 112)       │             448 │ block5b_project_conv[0][0] │
│ (BatchNormalization)          │                           │                 │                            │
├───────────────────────────────┼───────────────────────────┼─────────────────┼────────────────────────────┤
│ block5b_drop (Dropout)        │ (None, 14, 14, 112)       │               0 │ block5b_project_bn[0][0]   │
├───────────────────────────────┼───────────────────────────┼─────────────────┼────────────────────────────┤
│ block5b_add (Add)             │ (None, 14, 14, 112)       │               0 │ block5b_drop[0][0],        │
│                               │                           │                 │ block5a_project_bn[0][0]   │
├───────────────────────────────┼───────────────────────────┼─────────────────┼────────────────────────────┤
│ block5c_expand_conv (Conv2D)  │ (None, 14, 14, 672)       │          75,264 │ block5b_add[0][0]          │
├───────────────────────────────┼───────────────────────────┼─────────────────┼────────────────────────────┤
│ block5c_expand_bn             │ (None, 14, 14, 672)       │           2,688 │ block5c_expand_conv[0][0]  │
│ (BatchNormalization)          │                           │                 │                            │
├───────────────────────────────┼───────────────────────────┼─────────────────┼────────────────────────────┤
│ block5c_expand_activation     │ (None, 14, 14, 672)       │               0 │ block5c_expand_bn[0][0]    │
│ (Activation)                  │                           │                 │                            │
├───────────────────────────────┼───────────────────────────┼─────────────────┼────────────────────────────┤
│ block5c_dwconv                │ (None, 14, 14, 672)       │          16,800 │ block5c_expand_activation… │
│ (DepthwiseConv2D)             │                           │                 │                            │
├───────────────────────────────┼───────────────────────────┼─────────────────┼────────────────────────────┤
│ block5c_bn                    │ (None, 14, 14, 672)       │           2,688 │ block5c_dwconv[0][0]       │
│ (BatchNormalization)          │                           │                 │                            │
├───────────────────────────────┼───────────────────────────┼─────────────────┼────────────────────────────┤
│ block5c_activation            │ (None, 14, 14, 672)       │               0 │ block5c_bn[0][0]           │
│ (Activation)                  │                           │                 │                            │
├───────────────────────────────┼───────────────────────────┼─────────────────┼────────────────────────────┤
│ block5c_se_squeeze            │ (None, 672)               │               0 │ block5c_activation[0][0]   │
│ (GlobalAveragePooling2D)      │                           │                 │                            │
├───────────────────────────────┼───────────────────────────┼─────────────────┼────────────────────────────┤
│ block5c_se_reshape (Reshape)  │ (None, 1, 1, 672)         │               0 │ block5c_se_squeeze[0][0]   │
├───────────────────────────────┼───────────────────────────┼─────────────────┼────────────────────────────┤
│ block5c_se_reduce (Conv2D)    │ (None, 1, 1, 28)          │          18,844 │ block5c_se_reshape[0][0]   │
├───────────────────────────────┼───────────────────────────┼─────────────────┼────────────────────────────┤
│ block5c_se_expand (Conv2D)    │ (None, 1, 1, 672)         │          19,488 │ block5c_se_reduce[0][0]    │
├───────────────────────────────┼───────────────────────────┼─────────────────┼────────────────────────────┤
│ block5c_se_excite (Multiply)  │ (None, 14, 14, 672)       │               0 │ block5c_activation[0][0],  │
│                               │                           │                 │ block5c_se_expand[0][0]    │
├───────────────────────────────┼───────────────────────────┼─────────────────┼────────────────────────────┤
│ block5c_project_conv (Conv2D) │ (None, 14, 14, 112)       │          75,264 │ block5c_se_excite[0][0]    │
├───────────────────────────────┼───────────────────────────┼─────────────────┼────────────────────────────┤
│ block5c_project_bn            │ (None, 14, 14, 112)       │             448 │ block5c_project_conv[0][0] │
│ (BatchNormalization)          │                           │                 │                            │
├───────────────────────────────┼───────────────────────────┼─────────────────┼────────────────────────────┤
│ block5c_drop (Dropout)        │ (None, 14, 14, 112)       │               0 │ block5c_project_bn[0][0]   │
├───────────────────────────────┼───────────────────────────┼─────────────────┼────────────────────────────┤
│ block5c_add (Add)             │ (None, 14, 14, 112)       │               0 │ block5c_drop[0][0],        │
│                               │                           │                 │ block5b_add[0][0]          │
├───────────────────────────────┼───────────────────────────┼─────────────────┼────────────────────────────┤
│ block6a_expand_conv (Conv2D)  │ (None, 14, 14, 672)       │          75,264 │ block5c_add[0][0]          │
├───────────────────────────────┼───────────────────────────┼─────────────────┼────────────────────────────┤
│ block6a_expand_bn             │ (None, 14, 14, 672)       │           2,688 │ block6a_expand_conv[0][0]  │
│ (BatchNormalization)          │                           │                 │                            │
├───────────────────────────────┼───────────────────────────┼─────────────────┼────────────────────────────┤
│ block6a_expand_activation     │ (None, 14, 14, 672)       │               0 │ block6a_expand_bn[0][0]    │
│ (Activation)                  │                           │                 │                            │
├───────────────────────────────┼───────────────────────────┼─────────────────┼────────────────────────────┤
│ block6a_dwconv_pad            │ (None, 17, 17, 672)       │               0 │ block6a_expand_activation… │
│ (ZeroPadding2D)               │                           │                 │                            │
├───────────────────────────────┼───────────────────────────┼─────────────────┼────────────────────────────┤
│ block6a_dwconv                │ (None, 7, 7, 672)         │          16,800 │ block6a_dwconv_pad[0][0]   │
│ (DepthwiseConv2D)             │                           │                 │                            │
├───────────────────────────────┼───────────────────────────┼─────────────────┼────────────────────────────┤
│ block6a_bn                    │ (None, 7, 7, 672)         │           2,688 │ block6a_dwconv[0][0]       │
│ (BatchNormalization)          │                           │                 │                            │
├───────────────────────────────┼───────────────────────────┼─────────────────┼────────────────────────────┤
│ block6a_activation            │ (None, 7, 7, 672)         │               0 │ block6a_bn[0][0]           │
│ (Activation)                  │                           │                 │                            │
├───────────────────────────────┼───────────────────────────┼─────────────────┼────────────────────────────┤
│ block6a_se_squeeze            │ (None, 672)               │               0 │ block6a_activation[0][0]   │
│ (GlobalAveragePooling2D)      │                           │                 │                            │
├───────────────────────────────┼───────────────────────────┼─────────────────┼────────────────────────────┤
│ block6a_se_reshape (Reshape)  │ (None, 1, 1, 672)         │               0 │ block6a_se_squeeze[0][0]   │
├───────────────────────────────┼───────────────────────────┼─────────────────┼────────────────────────────┤
│ block6a_se_reduce (Conv2D)    │ (None, 1, 1, 28)          │          18,844 │ block6a_se_reshape[0][0]   │
├───────────────────────────────┼───────────────────────────┼─────────────────┼────────────────────────────┤
│ block6a_se_expand (Conv2D)    │ (None, 1, 1, 672)         │          19,488 │ block6a_se_reduce[0][0]    │
├───────────────────────────────┼───────────────────────────┼─────────────────┼────────────────────────────┤
│ block6a_se_excite (Multiply)  │ (None, 7, 7, 672)         │               0 │ block6a_activation[0][0],  │
│                               │                           │                 │ block6a_se_expand[0][0]    │
├───────────────────────────────┼───────────────────────────┼─────────────────┼────────────────────────────┤
│ block6a_project_conv (Conv2D) │ (None, 7, 7, 192)         │         129,024 │ block6a_se_excite[0][0]    │
├───────────────────────────────┼───────────────────────────┼─────────────────┼────────────────────────────┤
│ block6a_project_bn            │ (None, 7, 7, 192)         │             768 │ block6a_project_conv[0][0] │
│ (BatchNormalization)          │                           │                 │                            │
├───────────────────────────────┼───────────────────────────┼─────────────────┼────────────────────────────┤
│ block6b_expand_conv (Conv2D)  │ (None, 7, 7, 1152)        │         221,184 │ block6a_project_bn[0][0]   │
├───────────────────────────────┼───────────────────────────┼─────────────────┼────────────────────────────┤
│ block6b_expand_bn             │ (None, 7, 7, 1152)        │           4,608 │ block6b_expand_conv[0][0]  │
│ (BatchNormalization)          │                           │                 │                            │
├───────────────────────────────┼───────────────────────────┼─────────────────┼────────────────────────────┤
│ block6b_expand_activation     │ (None, 7, 7, 1152)        │               0 │ block6b_expand_bn[0][0]    │
│ (Activation)                  │                           │                 │                            │
├───────────────────────────────┼───────────────────────────┼─────────────────┼────────────────────────────┤
│ block6b_dwconv                │ (None, 7, 7, 1152)        │          28,800 │ block6b_expand_activation… │
│ (DepthwiseConv2D)             │                           │                 │                            │
├───────────────────────────────┼───────────────────────────┼─────────────────┼────────────────────────────┤
│ block6b_bn                    │ (None, 7, 7, 1152)        │           4,608 │ block6b_dwconv[0][0]       │
│ (BatchNormalization)          │                           │                 │                            │
├───────────────────────────────┼───────────────────────────┼─────────────────┼────────────────────────────┤
│ block6b_activation            │ (None, 7, 7, 1152)        │               0 │ block6b_bn[0][0]           │
│ (Activation)                  │                           │                 │                            │
├───────────────────────────────┼───────────────────────────┼─────────────────┼────────────────────────────┤
│ block6b_se_squeeze            │ (None, 1152)              │               0 │ block6b_activation[0][0]   │
│ (GlobalAveragePooling2D)      │                           │                 │                            │
├───────────────────────────────┼───────────────────────────┼─────────────────┼────────────────────────────┤
│ block6b_se_reshape (Reshape)  │ (None, 1, 1, 1152)        │               0 │ block6b_se_squeeze[0][0]   │
├───────────────────────────────┼───────────────────────────┼─────────────────┼────────────────────────────┤
│ block6b_se_reduce (Conv2D)    │ (None, 1, 1, 48)          │          55,344 │ block6b_se_reshape[0][0]   │
├───────────────────────────────┼───────────────────────────┼─────────────────┼────────────────────────────┤
│ block6b_se_expand (Conv2D)    │ (None, 1, 1, 1152)        │          56,448 │ block6b_se_reduce[0][0]    │
├───────────────────────────────┼───────────────────────────┼─────────────────┼────────────────────────────┤
│ block6b_se_excite (Multiply)  │ (None, 7, 7, 1152)        │               0 │ block6b_activation[0][0],  │
│                               │                           │                 │ block6b_se_expand[0][0]    │
├───────────────────────────────┼───────────────────────────┼─────────────────┼────────────────────────────┤
│ block6b_project_conv (Conv2D) │ (None, 7, 7, 192)         │         221,184 │ block6b_se_excite[0][0]    │
├───────────────────────────────┼───────────────────────────┼─────────────────┼────────────────────────────┤
│ block6b_project_bn            │ (None, 7, 7, 192)         │             768 │ block6b_project_conv[0][0] │
│ (BatchNormalization)          │                           │                 │                            │
├───────────────────────────────┼───────────────────────────┼─────────────────┼────────────────────────────┤
│ block6b_drop (Dropout)        │ (None, 7, 7, 192)         │               0 │ block6b_project_bn[0][0]   │
├───────────────────────────────┼───────────────────────────┼─────────────────┼────────────────────────────┤
│ block6b_add (Add)             │ (None, 7, 7, 192)         │               0 │ block6b_drop[0][0],        │
│                               │                           │                 │ block6a_project_bn[0][0]   │
├───────────────────────────────┼───────────────────────────┼─────────────────┼────────────────────────────┤
│ block6c_expand_conv (Conv2D)  │ (None, 7, 7, 1152)        │         221,184 │ block6b_add[0][0]          │
├───────────────────────────────┼───────────────────────────┼─────────────────┼────────────────────────────┤
│ block6c_expand_bn             │ (None, 7, 7, 1152)        │           4,608 │ block6c_expand_conv[0][0]  │
│ (BatchNormalization)          │                           │                 │                            │
├───────────────────────────────┼───────────────────────────┼─────────────────┼────────────────────────────┤
│ block6c_expand_activation     │ (None, 7, 7, 1152)        │               0 │ block6c_expand_bn[0][0]    │
│ (Activation)                  │                           │                 │                            │
├───────────────────────────────┼───────────────────────────┼─────────────────┼────────────────────────────┤
│ block6c_dwconv                │ (None, 7, 7, 1152)        │          28,800 │ block6c_expand_activation… │
│ (DepthwiseConv2D)             │                           │                 │                            │
├───────────────────────────────┼───────────────────────────┼─────────────────┼────────────────────────────┤
│ block6c_bn                    │ (None, 7, 7, 1152)        │           4,608 │ block6c_dwconv[0][0]       │
│ (BatchNormalization)          │                           │                 │                            │
├───────────────────────────────┼───────────────────────────┼─────────────────┼────────────────────────────┤
│ block6c_activation            │ (None, 7, 7, 1152)        │               0 │ block6c_bn[0][0]           │
│ (Activation)                  │                           │                 │                            │
├───────────────────────────────┼───────────────────────────┼─────────────────┼────────────────────────────┤
│ block6c_se_squeeze            │ (None, 1152)              │               0 │ block6c_activation[0][0]   │
│ (GlobalAveragePooling2D)      │                           │                 │                            │
├───────────────────────────────┼───────────────────────────┼─────────────────┼────────────────────────────┤
│ block6c_se_reshape (Reshape)  │ (None, 1, 1, 1152)        │               0 │ block6c_se_squeeze[0][0]   │
├───────────────────────────────┼───────────────────────────┼─────────────────┼────────────────────────────┤
│ block6c_se_reduce (Conv2D)    │ (None, 1, 1, 48)          │          55,344 │ block6c_se_reshape[0][0]   │
├───────────────────────────────┼───────────────────────────┼─────────────────┼────────────────────────────┤
│ block6c_se_expand (Conv2D)    │ (None, 1, 1, 1152)        │          56,448 │ block6c_se_reduce[0][0]    │
├───────────────────────────────┼───────────────────────────┼─────────────────┼────────────────────────────┤
│ block6c_se_excite (Multiply)  │ (None, 7, 7, 1152)        │               0 │ block6c_activation[0][0],  │
│                               │                           │                 │ block6c_se_expand[0][0]    │
├───────────────────────────────┼───────────────────────────┼─────────────────┼────────────────────────────┤
│ block6c_project_conv (Conv2D) │ (None, 7, 7, 192)         │         221,184 │ block6c_se_excite[0][0]    │
├───────────────────────────────┼───────────────────────────┼─────────────────┼────────────────────────────┤
│ block6c_project_bn            │ (None, 7, 7, 192)         │             768 │ block6c_project_conv[0][0] │
│ (BatchNormalization)          │                           │                 │                            │
├───────────────────────────────┼───────────────────────────┼─────────────────┼────────────────────────────┤
│ block6c_drop (Dropout)        │ (None, 7, 7, 192)         │               0 │ block6c_project_bn[0][0]   │
├───────────────────────────────┼───────────────────────────┼─────────────────┼────────────────────────────┤
│ block6c_add (Add)             │ (None, 7, 7, 192)         │               0 │ block6c_drop[0][0],        │
│                               │                           │                 │ block6b_add[0][0]          │
├───────────────────────────────┼───────────────────────────┼─────────────────┼────────────────────────────┤
│ block6d_expand_conv (Conv2D)  │ (None, 7, 7, 1152)        │         221,184 │ block6c_add[0][0]          │
├───────────────────────────────┼───────────────────────────┼─────────────────┼────────────────────────────┤
│ block6d_expand_bn             │ (None, 7, 7, 1152)        │           4,608 │ block6d_expand_conv[0][0]  │
│ (BatchNormalization)          │                           │                 │                            │
├───────────────────────────────┼───────────────────────────┼─────────────────┼────────────────────────────┤
│ block6d_expand_activation     │ (None, 7, 7, 1152)        │               0 │ block6d_expand_bn[0][0]    │
│ (Activation)                  │                           │                 │                            │
├───────────────────────────────┼───────────────────────────┼─────────────────┼────────────────────────────┤
│ block6d_dwconv                │ (None, 7, 7, 1152)        │          28,800 │ block6d_expand_activation… │
│ (DepthwiseConv2D)             │                           │                 │                            │
├───────────────────────────────┼───────────────────────────┼─────────────────┼────────────────────────────┤
│ block6d_bn                    │ (None, 7, 7, 1152)        │           4,608 │ block6d_dwconv[0][0]       │
│ (BatchNormalization)          │                           │                 │                            │
├───────────────────────────────┼───────────────────────────┼─────────────────┼────────────────────────────┤
│ block6d_activation            │ (None, 7, 7, 1152)        │               0 │ block6d_bn[0][0]           │
│ (Activation)                  │                           │                 │                            │
├───────────────────────────────┼───────────────────────────┼─────────────────┼────────────────────────────┤
│ block6d_se_squeeze            │ (None, 1152)              │               0 │ block6d_activation[0][0]   │
│ (GlobalAveragePooling2D)      │                           │                 │                            │
├───────────────────────────────┼───────────────────────────┼─────────────────┼────────────────────────────┤
│ block6d_se_reshape (Reshape)  │ (None, 1, 1, 1152)        │               0 │ block6d_se_squeeze[0][0]   │
├───────────────────────────────┼───────────────────────────┼─────────────────┼────────────────────────────┤
│ block6d_se_reduce (Conv2D)    │ (None, 1, 1, 48)          │          55,344 │ block6d_se_reshape[0][0]   │
├───────────────────────────────┼───────────────────────────┼─────────────────┼────────────────────────────┤
│ block6d_se_expand (Conv2D)    │ (None, 1, 1, 1152)        │          56,448 │ block6d_se_reduce[0][0]    │
├───────────────────────────────┼───────────────────────────┼─────────────────┼────────────────────────────┤
│ block6d_se_excite (Multiply)  │ (None, 7, 7, 1152)        │               0 │ block6d_activation[0][0],  │
│                               │                           │                 │ block6d_se_expand[0][0]    │
├───────────────────────────────┼───────────────────────────┼─────────────────┼────────────────────────────┤
│ block6d_project_conv (Conv2D) │ (None, 7, 7, 192)         │         221,184 │ block6d_se_excite[0][0]    │
├───────────────────────────────┼───────────────────────────┼─────────────────┼────────────────────────────┤
│ block6d_project_bn            │ (None, 7, 7, 192)         │             768 │ block6d_project_conv[0][0] │
│ (BatchNormalization)          │                           │                 │                            │
├───────────────────────────────┼───────────────────────────┼─────────────────┼────────────────────────────┤
│ block6d_drop (Dropout)        │ (None, 7, 7, 192)         │               0 │ block6d_project_bn[0][0]   │
├───────────────────────────────┼───────────────────────────┼─────────────────┼────────────────────────────┤
│ block6d_add (Add)             │ (None, 7, 7, 192)         │               0 │ block6d_drop[0][0],        │
│                               │                           │                 │ block6c_add[0][0]          │
├───────────────────────────────┼───────────────────────────┼─────────────────┼────────────────────────────┤
│ block7a_expand_conv (Conv2D)  │ (None, 7, 7, 1152)        │         221,184 │ block6d_add[0][0]          │
├───────────────────────────────┼───────────────────────────┼─────────────────┼────────────────────────────┤
│ block7a_expand_bn             │ (None, 7, 7, 1152)        │           4,608 │ block7a_expand_conv[0][0]  │
│ (BatchNormalization)          │                           │                 │                            │
├───────────────────────────────┼───────────────────────────┼─────────────────┼────────────────────────────┤
│ block7a_expand_activation     │ (None, 7, 7, 1152)        │               0 │ block7a_expand_bn[0][0]    │
│ (Activation)                  │                           │                 │                            │
├───────────────────────────────┼───────────────────────────┼─────────────────┼────────────────────────────┤
│ block7a_dwconv                │ (None, 7, 7, 1152)        │          10,368 │ block7a_expand_activation… │
│ (DepthwiseConv2D)             │                           │                 │                            │
├───────────────────────────────┼───────────────────────────┼─────────────────┼────────────────────────────┤
│ block7a_bn                    │ (None, 7, 7, 1152)        │           4,608 │ block7a_dwconv[0][0]       │
│ (BatchNormalization)          │                           │                 │                            │
├───────────────────────────────┼───────────────────────────┼─────────────────┼────────────────────────────┤
│ block7a_activation            │ (None, 7, 7, 1152)        │               0 │ block7a_bn[0][0]           │
│ (Activation)                  │                           │                 │                            │
├───────────────────────────────┼───────────────────────────┼─────────────────┼────────────────────────────┤
│ block7a_se_squeeze            │ (None, 1152)              │               0 │ block7a_activation[0][0]   │
│ (GlobalAveragePooling2D)      │                           │                 │                            │
├───────────────────────────────┼───────────────────────────┼─────────────────┼────────────────────────────┤
│ block7a_se_reshape (Reshape)  │ (None, 1, 1, 1152)        │               0 │ block7a_se_squeeze[0][0]   │
├───────────────────────────────┼───────────────────────────┼─────────────────┼────────────────────────────┤
│ block7a_se_reduce (Conv2D)    │ (None, 1, 1, 48)          │          55,344 │ block7a_se_reshape[0][0]   │
├───────────────────────────────┼───────────────────────────┼─────────────────┼────────────────────────────┤
│ block7a_se_expand (Conv2D)    │ (None, 1, 1, 1152)        │          56,448 │ block7a_se_reduce[0][0]    │
├───────────────────────────────┼───────────────────────────┼─────────────────┼────────────────────────────┤
│ block7a_se_excite (Multiply)  │ (None, 7, 7, 1152)        │               0 │ block7a_activation[0][0],  │
│                               │                           │                 │ block7a_se_expand[0][0]    │
├───────────────────────────────┼───────────────────────────┼─────────────────┼────────────────────────────┤
│ block7a_project_conv (Conv2D) │ (None, 7, 7, 320)         │         368,640 │ block7a_se_excite[0][0]    │
├───────────────────────────────┼───────────────────────────┼─────────────────┼────────────────────────────┤
│ block7a_project_bn            │ (None, 7, 7, 320)         │           1,280 │ block7a_project_conv[0][0] │
│ (BatchNormalization)          │                           │                 │                            │
├───────────────────────────────┼───────────────────────────┼─────────────────┼────────────────────────────┤
│ top_conv (Conv2D)             │ (None, 7, 7, 1280)        │         409,600 │ block7a_project_bn[0][0]   │
├───────────────────────────────┼───────────────────────────┼─────────────────┼────────────────────────────┤
│ top_bn (BatchNormalization)   │ (None, 7, 7, 1280)        │           5,120 │ top_conv[0][0]             │
├───────────────────────────────┼───────────────────────────┼─────────────────┼────────────────────────────┤
│ top_activation (Activation)   │ (None, 7, 7, 1280)        │               0 │ top_bn[0][0]               │
├───────────────────────────────┼───────────────────────────┼─────────────────┼────────────────────────────┤
│ gap (GlobalAveragePooling2D)  │ (None, 1280)              │               0 │ top_activation[0][0]       │
├───────────────────────────────┼───────────────────────────┼─────────────────┼────────────────────────────┤
│ batch_normalization           │ (None, 1280)              │           5,120 │ gap[0][0]                  │
│ (BatchNormalization)          │                           │                 │                            │
├───────────────────────────────┼───────────────────────────┼─────────────────┼────────────────────────────┤
│ dropout (Dropout)             │ (None, 1280)              │               0 │ batch_normalization[0][0]  │
├───────────────────────────────┼───────────────────────────┼─────────────────┼────────────────────────────┤
│ output (Dense)                │ (None, 1)                 │           1,281 │ dropout[0][0]              │
└───────────────────────────────┴───────────────────────────┴─────────────────┴────────────────────────────┘
 Total params: 4,055,972 (15.47 MB)
 Trainable params: 3,841 (15.00 KB)
 Non-trainable params: 4,052,131 (15.46 MB)

2026-07-01 17:25:40 [INFO] ━━━━━━━━━━━━━━━━━━━━━━━━━━━━━━━━━━━━━━━━━━━━━━━━━━━━━━━━━━━━
2026-07-01 17:25:40 [INFO] STAGE 4 — Phase 1: Feature Extraction (backbone frozen)
2026-07-01 17:25:40 [INFO] ━━━━━━━━━━━━━━━━━━━━━━━━━━━━━━━━━━━━━━━━━━━━━━━━━━━━━━━━━━━━
2026-07-01 17:25:40 [INFO] Epochs planned : 2
2026-07-01 17:25:40 [INFO] Learning rate  : 1.00e-03
2026-07-01 17:25:40 [INFO] Per-epoch weights → checkpoints/epoch_weights/phase1/
2026-07-01 17:25:40 [INFO]   ── Epoch 1 starting...
2026-07-01 17:25:55 [INFO]   epoch=1  accuracy=0.4750  auc=0.4248  loss=0.9769  precision=0.4583  recall=0.5789  val_accuracy=0.5000  val_auc=0.3250  val_loss=0.7284  val_precision=0.0000  val_recall=0.0000  learning_rate=0.0010
2026-07-01 17:25:55 [INFO]   ── Epoch 2 starting...
2026-07-01 17:26:01 [INFO]   epoch=2  accuracy=0.4000  auc=0.4060  loss=0.9502  precision=0.4348  recall=0.4762  val_accuracy=0.4000  val_auc=0.5573  val_loss=0.7923  val_precision=0.0000  val_recall=0.0000  learning_rate=0.0010
2026-07-01 17:26:01 [INFO] Phase 1 done in 0.3 min  (2 epochs)
2026-07-01 17:26:01 [INFO] Best val_auc      : 0.5573
2026-07-01 17:26:01 [INFO] Best val_accuracy : 0.5000
2026-07-01 17:26:01 [INFO] ✔ CHECKPOINT [phase1_training] — 2 epochs, best val_auc=0.5573
2026-07-01 17:26:01 [INFO] ━━━━━━━━━━━━━━━━━━━━━━━━━━━━━━━━━━━━━━━━━━━━━━━━━━━━━━━━━━━━
2026-07-01 17:26:01 [INFO] STAGE 5 — Enabling fine-tuning (unfreezing top backbone layers)
2026-07-01 17:26:01 [INFO] ━━━━━━━━━━━━━━━━━━━━━━━━━━━━━━━━━━━━━━━━━━━━━━━━━━━━━━━━━━━━
2026-07-01 17:46:07 [INFO] ⚠ SMOKE TEST MODE — using tiny dataset & epoch counts
2026-07-01 17:46:07 [INFO]   This only checks the code runs end-to-end, NOT model quality.
2026-07-01 17:46:07 [INFO] ════════════════════════════════════════════════════════════
2026-07-01 17:46:07 [INFO]   Cats vs Dogs — EfficientNetB0 Transfer Learning
2026-07-01 17:46:07 [INFO]   Mode: SMOKE TEST
2026-07-01 17:46:07 [INFO]   Started: 2026-07-01 17:46:07
2026-07-01 17:46:07 [INFO] ════════════════════════════════════════════════════════════
2026-07-01 17:46:07 [INFO] ━━━━━━━━━━━━━━━━━━━━━━━━━━━━━━━━━━━━━━━━━━━━━━━━━━━━━━━━━━━━
2026-07-01 17:46:07 [INFO] STAGE 1 — Environment check
2026-07-01 17:46:07 [INFO] ━━━━━━━━━━━━━━━━━━━━━━━━━━━━━━━━━━━━━━━━━━━━━━━━━━━━━━━━━━━━
2026-07-01 17:46:07 [INFO] Python       : 3.11.15 (main, Mar 11 2026, 17:20:07) [GCC 14.3.0]
2026-07-01 17:46:07 [INFO] TensorFlow   : 2.21.0
2026-07-01 17:46:07 [INFO] GPUs visible : 0
2026-07-01 17:46:07 [WARNING] No GPU found — training will run on CPU (slow on HPC!)
2026-07-01 17:46:07 [INFO] Working dir  : /mnt/appbio_a/groups/Year_4/NChasan/DMining_project
2026-07-01 17:46:07 [INFO] Data dir     : /mnt/appbio_a/groups/Year_4/NChasan/DMining_project/PetImages_mini
2026-07-01 17:46:07 [INFO] ✔ CHECKPOINT [env_check] — TF 2.21.0, 0 GPU(s)
2026-07-01 17:46:07 [INFO] ━━━━━━━━━━━━━━━━━━━━━━━━━━━━━━━━━━━━━━━━━━━━━━━━━━━━━━━━━━━━
2026-07-01 17:46:07 [INFO] STAGE 2 — Data loading & pipeline
2026-07-01 17:46:07 [INFO] ━━━━━━━━━━━━━━━━━━━━━━━━━━━━━━━━━━━━━━━━━━━━━━━━━━━━━━━━━━━━
2026-07-01 17:46:07 [INFO] Reading images from: PetImages_mini
2026-07-01 17:46:07 [INFO] Directory scan done in 0.1s
2026-07-01 17:46:07 [INFO] Total images : 80
2026-07-01 17:46:07 [INFO] Train        : 40
2026-07-01 17:46:07 [INFO] Val          : 20
2026-07-01 17:46:07 [INFO] Test         : 20
2026-07-01 17:46:07 [INFO] Building augmentation pipeline...
2026-07-01 17:46:07 [INFO] Train batches : 5
2026-07-01 17:46:07 [INFO] Val   batches : 3
2026-07-01 17:46:07 [INFO] Test  batches : 3
2026-07-01 17:46:07 [INFO] Pulling one batch to verify pipeline...
2026-07-01 17:46:07 [INFO]   Batch shape  : images=(8, 224, 224, 3)  labels=(8, 1)
2026-07-01 17:46:07 [INFO]   Pixel range  : [9.8, 255.0]
2026-07-01 17:46:07 [INFO]   Label dtype  : <dtype: 'float32'>
2026-07-01 17:46:07 [INFO] ✔ CHECKPOINT [data_pipeline] — 40 train / 20 val / 20 test images
2026-07-01 17:46:07 [INFO] ━━━━━━━━━━━━━━━━━━━━━━━━━━━━━━━━━━━━━━━━━━━━━━━━━━━━━━━━━━━━
2026-07-01 17:46:07 [INFO] STAGE 3 — Model construction (EfficientNetB0 backbone)
2026-07-01 17:46:07 [INFO] ━━━━━━━━━━━━━━━━━━━━━━━━━━━━━━━━━━━━━━━━━━━━━━━━━━━━━━━━━━━━
2026-07-01 17:46:07 [INFO] Loading EfficientNetB0 with ImageNet weights...
2026-07-01 17:46:11 [INFO] Backbone loaded in 4.0s
2026-07-01 17:46:11 [INFO] Total params     : 4,055,972
2026-07-01 17:46:11 [INFO] Trainable params : 3,841
2026-07-01 17:46:11 [INFO] Frozen params    : 4,052,151.0
2026-07-01 17:46:11 [INFO] Model diagram saved to checkpoints/model_architecture.png
2026-07-01 17:46:11 [INFO] ✔ CHECKPOINT [model_built] — 4,055,972 total params
2026-07-01 17:46:11 [INFO] Compiling model — lr=1.00e-03  phase=phase1
2026-07-01 17:46:11 [INFO] ✔ CHECKPOINT [compile_phase1] — lr=1.00e-03
2026-07-01 17:46:12 [INFO] Model: "CatsVsDogs_EfficientNetB0"
┏━━━━━━━━━━━━━━━━━━━━━━━━━━━━━━━┳━━━━━━━━━━━━━━━━━━━━━━━━━━━┳━━━━━━━━━━━━━━━━━┳━━━━━━━━━━━━━━━━━━━━━━━━━━━━┓
┃ Layer (type)                  ┃ Output Shape              ┃         Param # ┃ Connected to               ┃
┡━━━━━━━━━━━━━━━━━━━━━━━━━━━━━━━╇━━━━━━━━━━━━━━━━━━━━━━━━━━━╇━━━━━━━━━━━━━━━━━╇━━━━━━━━━━━━━━━━━━━━━━━━━━━━┩
│ input_image (InputLayer)      │ (None, 224, 224, 3)       │               0 │ -                          │
├───────────────────────────────┼───────────────────────────┼─────────────────┼────────────────────────────┤
│ rescaling (Rescaling)         │ (None, 224, 224, 3)       │               0 │ input_image[0][0]          │
├───────────────────────────────┼───────────────────────────┼─────────────────┼────────────────────────────┤
│ normalization (Normalization) │ (None, 224, 224, 3)       │               7 │ rescaling[0][0]            │
├───────────────────────────────┼───────────────────────────┼─────────────────┼────────────────────────────┤
│ rescaling_1 (Rescaling)       │ (None, 224, 224, 3)       │               0 │ normalization[0][0]        │
├───────────────────────────────┼───────────────────────────┼─────────────────┼────────────────────────────┤
│ stem_conv_pad (ZeroPadding2D) │ (None, 225, 225, 3)       │               0 │ rescaling_1[0][0]          │
├───────────────────────────────┼───────────────────────────┼─────────────────┼────────────────────────────┤
│ stem_conv (Conv2D)            │ (None, 112, 112, 32)      │             864 │ stem_conv_pad[0][0]        │
├───────────────────────────────┼───────────────────────────┼─────────────────┼────────────────────────────┤
│ stem_bn (BatchNormalization)  │ (None, 112, 112, 32)      │             128 │ stem_conv[0][0]            │
├───────────────────────────────┼───────────────────────────┼─────────────────┼────────────────────────────┤
│ stem_activation (Activation)  │ (None, 112, 112, 32)      │               0 │ stem_bn[0][0]              │
├───────────────────────────────┼───────────────────────────┼─────────────────┼────────────────────────────┤
│ block1a_dwconv                │ (None, 112, 112, 32)      │             288 │ stem_activation[0][0]      │
│ (DepthwiseConv2D)             │                           │                 │                            │
├───────────────────────────────┼───────────────────────────┼─────────────────┼────────────────────────────┤
│ block1a_bn                    │ (None, 112, 112, 32)      │             128 │ block1a_dwconv[0][0]       │
│ (BatchNormalization)          │                           │                 │                            │
├───────────────────────────────┼───────────────────────────┼─────────────────┼────────────────────────────┤
│ block1a_activation            │ (None, 112, 112, 32)      │               0 │ block1a_bn[0][0]           │
│ (Activation)                  │                           │                 │                            │
├───────────────────────────────┼───────────────────────────┼─────────────────┼────────────────────────────┤
│ block1a_se_squeeze            │ (None, 32)                │               0 │ block1a_activation[0][0]   │
│ (GlobalAveragePooling2D)      │                           │                 │                            │
├───────────────────────────────┼───────────────────────────┼─────────────────┼────────────────────────────┤
│ block1a_se_reshape (Reshape)  │ (None, 1, 1, 32)          │               0 │ block1a_se_squeeze[0][0]   │
├───────────────────────────────┼───────────────────────────┼─────────────────┼────────────────────────────┤
│ block1a_se_reduce (Conv2D)    │ (None, 1, 1, 8)           │             264 │ block1a_se_reshape[0][0]   │
├───────────────────────────────┼───────────────────────────┼─────────────────┼────────────────────────────┤
│ block1a_se_expand (Conv2D)    │ (None, 1, 1, 32)          │             288 │ block1a_se_reduce[0][0]    │
├───────────────────────────────┼───────────────────────────┼─────────────────┼────────────────────────────┤
│ block1a_se_excite (Multiply)  │ (None, 112, 112, 32)      │               0 │ block1a_activation[0][0],  │
│                               │                           │                 │ block1a_se_expand[0][0]    │
├───────────────────────────────┼───────────────────────────┼─────────────────┼────────────────────────────┤
│ block1a_project_conv (Conv2D) │ (None, 112, 112, 16)      │             512 │ block1a_se_excite[0][0]    │
├───────────────────────────────┼───────────────────────────┼─────────────────┼────────────────────────────┤
│ block1a_project_bn            │ (None, 112, 112, 16)      │              64 │ block1a_project_conv[0][0] │
│ (BatchNormalization)          │                           │                 │                            │
├───────────────────────────────┼───────────────────────────┼─────────────────┼────────────────────────────┤
│ block2a_expand_conv (Conv2D)  │ (None, 112, 112, 96)      │           1,536 │ block1a_project_bn[0][0]   │
├───────────────────────────────┼───────────────────────────┼─────────────────┼────────────────────────────┤
│ block2a_expand_bn             │ (None, 112, 112, 96)      │             384 │ block2a_expand_conv[0][0]  │
│ (BatchNormalization)          │                           │                 │                            │
├───────────────────────────────┼───────────────────────────┼─────────────────┼────────────────────────────┤
│ block2a_expand_activation     │ (None, 112, 112, 96)      │               0 │ block2a_expand_bn[0][0]    │
│ (Activation)                  │                           │                 │                            │
├───────────────────────────────┼───────────────────────────┼─────────────────┼────────────────────────────┤
│ block2a_dwconv_pad            │ (None, 113, 113, 96)      │               0 │ block2a_expand_activation… │
│ (ZeroPadding2D)               │                           │                 │                            │
├───────────────────────────────┼───────────────────────────┼─────────────────┼────────────────────────────┤
│ block2a_dwconv                │ (None, 56, 56, 96)        │             864 │ block2a_dwconv_pad[0][0]   │
│ (DepthwiseConv2D)             │                           │                 │                            │
├───────────────────────────────┼───────────────────────────┼─────────────────┼────────────────────────────┤
│ block2a_bn                    │ (None, 56, 56, 96)        │             384 │ block2a_dwconv[0][0]       │
│ (BatchNormalization)          │                           │                 │                            │
├───────────────────────────────┼───────────────────────────┼─────────────────┼────────────────────────────┤
│ block2a_activation            │ (None, 56, 56, 96)        │               0 │ block2a_bn[0][0]           │
│ (Activation)                  │                           │                 │                            │
├───────────────────────────────┼───────────────────────────┼─────────────────┼────────────────────────────┤
│ block2a_se_squeeze            │ (None, 96)                │               0 │ block2a_activation[0][0]   │
│ (GlobalAveragePooling2D)      │                           │                 │                            │
├───────────────────────────────┼───────────────────────────┼─────────────────┼────────────────────────────┤
│ block2a_se_reshape (Reshape)  │ (None, 1, 1, 96)          │               0 │ block2a_se_squeeze[0][0]   │
├───────────────────────────────┼───────────────────────────┼─────────────────┼────────────────────────────┤
│ block2a_se_reduce (Conv2D)    │ (None, 1, 1, 4)           │             388 │ block2a_se_reshape[0][0]   │
├───────────────────────────────┼───────────────────────────┼─────────────────┼────────────────────────────┤
│ block2a_se_expand (Conv2D)    │ (None, 1, 1, 96)          │             480 │ block2a_se_reduce[0][0]    │
├───────────────────────────────┼───────────────────────────┼─────────────────┼────────────────────────────┤
│ block2a_se_excite (Multiply)  │ (None, 56, 56, 96)        │               0 │ block2a_activation[0][0],  │
│                               │                           │                 │ block2a_se_expand[0][0]    │
├───────────────────────────────┼───────────────────────────┼─────────────────┼────────────────────────────┤
│ block2a_project_conv (Conv2D) │ (None, 56, 56, 24)        │           2,304 │ block2a_se_excite[0][0]    │
├───────────────────────────────┼───────────────────────────┼─────────────────┼────────────────────────────┤
│ block2a_project_bn            │ (None, 56, 56, 24)        │              96 │ block2a_project_conv[0][0] │
│ (BatchNormalization)          │                           │                 │                            │
├───────────────────────────────┼───────────────────────────┼─────────────────┼────────────────────────────┤
│ block2b_expand_conv (Conv2D)  │ (None, 56, 56, 144)       │           3,456 │ block2a_project_bn[0][0]   │
├───────────────────────────────┼───────────────────────────┼─────────────────┼────────────────────────────┤
│ block2b_expand_bn             │ (None, 56, 56, 144)       │             576 │ block2b_expand_conv[0][0]  │
│ (BatchNormalization)          │                           │                 │                            │
├───────────────────────────────┼───────────────────────────┼─────────────────┼────────────────────────────┤
│ block2b_expand_activation     │ (None, 56, 56, 144)       │               0 │ block2b_expand_bn[0][0]    │
│ (Activation)                  │                           │                 │                            │
├───────────────────────────────┼───────────────────────────┼─────────────────┼────────────────────────────┤
│ block2b_dwconv                │ (None, 56, 56, 144)       │           1,296 │ block2b_expand_activation… │
│ (DepthwiseConv2D)             │                           │                 │                            │
├───────────────────────────────┼───────────────────────────┼─────────────────┼────────────────────────────┤
│ block2b_bn                    │ (None, 56, 56, 144)       │             576 │ block2b_dwconv[0][0]       │
│ (BatchNormalization)          │                           │                 │                            │
├───────────────────────────────┼───────────────────────────┼─────────────────┼────────────────────────────┤
│ block2b_activation            │ (None, 56, 56, 144)       │               0 │ block2b_bn[0][0]           │
│ (Activation)                  │                           │                 │                            │
├───────────────────────────────┼───────────────────────────┼─────────────────┼────────────────────────────┤
│ block2b_se_squeeze            │ (None, 144)               │               0 │ block2b_activation[0][0]   │
│ (GlobalAveragePooling2D)      │                           │                 │                            │
├───────────────────────────────┼───────────────────────────┼─────────────────┼────────────────────────────┤
│ block2b_se_reshape (Reshape)  │ (None, 1, 1, 144)         │               0 │ block2b_se_squeeze[0][0]   │
├───────────────────────────────┼───────────────────────────┼─────────────────┼────────────────────────────┤
│ block2b_se_reduce (Conv2D)    │ (None, 1, 1, 6)           │             870 │ block2b_se_reshape[0][0]   │
├───────────────────────────────┼───────────────────────────┼─────────────────┼────────────────────────────┤
│ block2b_se_expand (Conv2D)    │ (None, 1, 1, 144)         │           1,008 │ block2b_se_reduce[0][0]    │
├───────────────────────────────┼───────────────────────────┼─────────────────┼────────────────────────────┤
│ block2b_se_excite (Multiply)  │ (None, 56, 56, 144)       │               0 │ block2b_activation[0][0],  │
│                               │                           │                 │ block2b_se_expand[0][0]    │
├───────────────────────────────┼───────────────────────────┼─────────────────┼────────────────────────────┤
│ block2b_project_conv (Conv2D) │ (None, 56, 56, 24)        │           3,456 │ block2b_se_excite[0][0]    │
├───────────────────────────────┼───────────────────────────┼─────────────────┼────────────────────────────┤
│ block2b_project_bn            │ (None, 56, 56, 24)        │              96 │ block2b_project_conv[0][0] │
│ (BatchNormalization)          │                           │                 │                            │
├───────────────────────────────┼───────────────────────────┼─────────────────┼────────────────────────────┤
│ block2b_drop (Dropout)        │ (None, 56, 56, 24)        │               0 │ block2b_project_bn[0][0]   │
├───────────────────────────────┼───────────────────────────┼─────────────────┼────────────────────────────┤
│ block2b_add (Add)             │ (None, 56, 56, 24)        │               0 │ block2b_drop[0][0],        │
│                               │                           │                 │ block2a_project_bn[0][0]   │
├───────────────────────────────┼───────────────────────────┼─────────────────┼────────────────────────────┤
│ block3a_expand_conv (Conv2D)  │ (None, 56, 56, 144)       │           3,456 │ block2b_add[0][0]          │
├───────────────────────────────┼───────────────────────────┼─────────────────┼────────────────────────────┤
│ block3a_expand_bn             │ (None, 56, 56, 144)       │             576 │ block3a_expand_conv[0][0]  │
│ (BatchNormalization)          │                           │                 │                            │
├───────────────────────────────┼───────────────────────────┼─────────────────┼────────────────────────────┤
│ block3a_expand_activation     │ (None, 56, 56, 144)       │               0 │ block3a_expand_bn[0][0]    │
│ (Activation)                  │                           │                 │                            │
├───────────────────────────────┼───────────────────────────┼─────────────────┼────────────────────────────┤
│ block3a_dwconv_pad            │ (None, 59, 59, 144)       │               0 │ block3a_expand_activation… │
│ (ZeroPadding2D)               │                           │                 │                            │
├───────────────────────────────┼───────────────────────────┼─────────────────┼────────────────────────────┤
│ block3a_dwconv                │ (None, 28, 28, 144)       │           3,600 │ block3a_dwconv_pad[0][0]   │
│ (DepthwiseConv2D)             │                           │                 │                            │
├───────────────────────────────┼───────────────────────────┼─────────────────┼────────────────────────────┤
│ block3a_bn                    │ (None, 28, 28, 144)       │             576 │ block3a_dwconv[0][0]       │
│ (BatchNormalization)          │                           │                 │                            │
├───────────────────────────────┼───────────────────────────┼─────────────────┼────────────────────────────┤
│ block3a_activation            │ (None, 28, 28, 144)       │               0 │ block3a_bn[0][0]           │
│ (Activation)                  │                           │                 │                            │
├───────────────────────────────┼───────────────────────────┼─────────────────┼────────────────────────────┤
│ block3a_se_squeeze            │ (None, 144)               │               0 │ block3a_activation[0][0]   │
│ (GlobalAveragePooling2D)      │                           │                 │                            │
├───────────────────────────────┼───────────────────────────┼─────────────────┼────────────────────────────┤
│ block3a_se_reshape (Reshape)  │ (None, 1, 1, 144)         │               0 │ block3a_se_squeeze[0][0]   │
├───────────────────────────────┼───────────────────────────┼─────────────────┼────────────────────────────┤
│ block3a_se_reduce (Conv2D)    │ (None, 1, 1, 6)           │             870 │ block3a_se_reshape[0][0]   │
├───────────────────────────────┼───────────────────────────┼─────────────────┼────────────────────────────┤
│ block3a_se_expand (Conv2D)    │ (None, 1, 1, 144)         │           1,008 │ block3a_se_reduce[0][0]    │
├───────────────────────────────┼───────────────────────────┼─────────────────┼────────────────────────────┤
│ block3a_se_excite (Multiply)  │ (None, 28, 28, 144)       │               0 │ block3a_activation[0][0],  │
│                               │                           │                 │ block3a_se_expand[0][0]    │
├───────────────────────────────┼───────────────────────────┼─────────────────┼────────────────────────────┤
│ block3a_project_conv (Conv2D) │ (None, 28, 28, 40)        │           5,760 │ block3a_se_excite[0][0]    │
├───────────────────────────────┼───────────────────────────┼─────────────────┼────────────────────────────┤
│ block3a_project_bn            │ (None, 28, 28, 40)        │             160 │ block3a_project_conv[0][0] │
│ (BatchNormalization)          │                           │                 │                            │
├───────────────────────────────┼───────────────────────────┼─────────────────┼────────────────────────────┤
│ block3b_expand_conv (Conv2D)  │ (None, 28, 28, 240)       │           9,600 │ block3a_project_bn[0][0]   │
├───────────────────────────────┼───────────────────────────┼─────────────────┼────────────────────────────┤
│ block3b_expand_bn             │ (None, 28, 28, 240)       │             960 │ block3b_expand_conv[0][0]  │
│ (BatchNormalization)          │                           │                 │                            │
├───────────────────────────────┼───────────────────────────┼─────────────────┼────────────────────────────┤
│ block3b_expand_activation     │ (None, 28, 28, 240)       │               0 │ block3b_expand_bn[0][0]    │
│ (Activation)                  │                           │                 │                            │
├───────────────────────────────┼───────────────────────────┼─────────────────┼────────────────────────────┤
│ block3b_dwconv                │ (None, 28, 28, 240)       │           6,000 │ block3b_expand_activation… │
│ (DepthwiseConv2D)             │                           │                 │                            │
├───────────────────────────────┼───────────────────────────┼─────────────────┼────────────────────────────┤
│ block3b_bn                    │ (None, 28, 28, 240)       │             960 │ block3b_dwconv[0][0]       │
│ (BatchNormalization)          │                           │                 │                            │
├───────────────────────────────┼───────────────────────────┼─────────────────┼────────────────────────────┤
│ block3b_activation            │ (None, 28, 28, 240)       │               0 │ block3b_bn[0][0]           │
│ (Activation)                  │                           │                 │                            │
├───────────────────────────────┼───────────────────────────┼─────────────────┼────────────────────────────┤
│ block3b_se_squeeze            │ (None, 240)               │               0 │ block3b_activation[0][0]   │
│ (GlobalAveragePooling2D)      │                           │                 │                            │
├───────────────────────────────┼───────────────────────────┼─────────────────┼────────────────────────────┤
│ block3b_se_reshape (Reshape)  │ (None, 1, 1, 240)         │               0 │ block3b_se_squeeze[0][0]   │
├───────────────────────────────┼───────────────────────────┼─────────────────┼────────────────────────────┤
│ block3b_se_reduce (Conv2D)    │ (None, 1, 1, 10)          │           2,410 │ block3b_se_reshape[0][0]   │
├───────────────────────────────┼───────────────────────────┼─────────────────┼────────────────────────────┤
│ block3b_se_expand (Conv2D)    │ (None, 1, 1, 240)         │           2,640 │ block3b_se_reduce[0][0]    │
├───────────────────────────────┼───────────────────────────┼─────────────────┼────────────────────────────┤
│ block3b_se_excite (Multiply)  │ (None, 28, 28, 240)       │               0 │ block3b_activation[0][0],  │
│                               │                           │                 │ block3b_se_expand[0][0]    │
├───────────────────────────────┼───────────────────────────┼─────────────────┼────────────────────────────┤
│ block3b_project_conv (Conv2D) │ (None, 28, 28, 40)        │           9,600 │ block3b_se_excite[0][0]    │
├───────────────────────────────┼───────────────────────────┼─────────────────┼────────────────────────────┤
│ block3b_project_bn            │ (None, 28, 28, 40)        │             160 │ block3b_project_conv[0][0] │
│ (BatchNormalization)          │                           │                 │                            │
├───────────────────────────────┼───────────────────────────┼─────────────────┼────────────────────────────┤
│ block3b_drop (Dropout)        │ (None, 28, 28, 40)        │               0 │ block3b_project_bn[0][0]   │
├───────────────────────────────┼───────────────────────────┼─────────────────┼────────────────────────────┤
│ block3b_add (Add)             │ (None, 28, 28, 40)        │               0 │ block3b_drop[0][0],        │
│                               │                           │                 │ block3a_project_bn[0][0]   │
├───────────────────────────────┼───────────────────────────┼─────────────────┼────────────────────────────┤
│ block4a_expand_conv (Conv2D)  │ (None, 28, 28, 240)       │           9,600 │ block3b_add[0][0]          │
├───────────────────────────────┼───────────────────────────┼─────────────────┼────────────────────────────┤
│ block4a_expand_bn             │ (None, 28, 28, 240)       │             960 │ block4a_expand_conv[0][0]  │
│ (BatchNormalization)          │                           │                 │                            │
├───────────────────────────────┼───────────────────────────┼─────────────────┼────────────────────────────┤
│ block4a_expand_activation     │ (None, 28, 28, 240)       │               0 │ block4a_expand_bn[0][0]    │
│ (Activation)                  │                           │                 │                            │
├───────────────────────────────┼───────────────────────────┼─────────────────┼────────────────────────────┤
│ block4a_dwconv_pad            │ (None, 29, 29, 240)       │               0 │ block4a_expand_activation… │
│ (ZeroPadding2D)               │                           │                 │                            │
├───────────────────────────────┼───────────────────────────┼─────────────────┼────────────────────────────┤
│ block4a_dwconv                │ (None, 14, 14, 240)       │           2,160 │ block4a_dwconv_pad[0][0]   │
│ (DepthwiseConv2D)             │                           │                 │                            │
├───────────────────────────────┼───────────────────────────┼─────────────────┼────────────────────────────┤
│ block4a_bn                    │ (None, 14, 14, 240)       │             960 │ block4a_dwconv[0][0]       │
│ (BatchNormalization)          │                           │                 │                            │
├───────────────────────────────┼───────────────────────────┼─────────────────┼────────────────────────────┤
│ block4a_activation            │ (None, 14, 14, 240)       │               0 │ block4a_bn[0][0]           │
│ (Activation)                  │                           │                 │                            │
├───────────────────────────────┼───────────────────────────┼─────────────────┼────────────────────────────┤
│ block4a_se_squeeze            │ (None, 240)               │               0 │ block4a_activation[0][0]   │
│ (GlobalAveragePooling2D)      │                           │                 │                            │
├───────────────────────────────┼───────────────────────────┼─────────────────┼────────────────────────────┤
│ block4a_se_reshape (Reshape)  │ (None, 1, 1, 240)         │               0 │ block4a_se_squeeze[0][0]   │
├───────────────────────────────┼───────────────────────────┼─────────────────┼────────────────────────────┤
│ block4a_se_reduce (Conv2D)    │ (None, 1, 1, 10)          │           2,410 │ block4a_se_reshape[0][0]   │
├───────────────────────────────┼───────────────────────────┼─────────────────┼────────────────────────────┤
│ block4a_se_expand (Conv2D)    │ (None, 1, 1, 240)         │           2,640 │ block4a_se_reduce[0][0]    │
├───────────────────────────────┼───────────────────────────┼─────────────────┼────────────────────────────┤
│ block4a_se_excite (Multiply)  │ (None, 14, 14, 240)       │               0 │ block4a_activation[0][0],  │
│                               │                           │                 │ block4a_se_expand[0][0]    │
├───────────────────────────────┼───────────────────────────┼─────────────────┼────────────────────────────┤
│ block4a_project_conv (Conv2D) │ (None, 14, 14, 80)        │          19,200 │ block4a_se_excite[0][0]    │
├───────────────────────────────┼───────────────────────────┼─────────────────┼────────────────────────────┤
│ block4a_project_bn            │ (None, 14, 14, 80)        │             320 │ block4a_project_conv[0][0] │
│ (BatchNormalization)          │                           │                 │                            │
├───────────────────────────────┼───────────────────────────┼─────────────────┼────────────────────────────┤
│ block4b_expand_conv (Conv2D)  │ (None, 14, 14, 480)       │          38,400 │ block4a_project_bn[0][0]   │
├───────────────────────────────┼───────────────────────────┼─────────────────┼────────────────────────────┤
│ block4b_expand_bn             │ (None, 14, 14, 480)       │           1,920 │ block4b_expand_conv[0][0]  │
│ (BatchNormalization)          │                           │                 │                            │
├───────────────────────────────┼───────────────────────────┼─────────────────┼────────────────────────────┤
│ block4b_expand_activation     │ (None, 14, 14, 480)       │               0 │ block4b_expand_bn[0][0]    │
│ (Activation)                  │                           │                 │                            │
├───────────────────────────────┼───────────────────────────┼─────────────────┼────────────────────────────┤
│ block4b_dwconv                │ (None, 14, 14, 480)       │           4,320 │ block4b_expand_activation… │
│ (DepthwiseConv2D)             │                           │                 │                            │
├───────────────────────────────┼───────────────────────────┼─────────────────┼────────────────────────────┤
│ block4b_bn                    │ (None, 14, 14, 480)       │           1,920 │ block4b_dwconv[0][0]       │
│ (BatchNormalization)          │                           │                 │                            │
├───────────────────────────────┼───────────────────────────┼─────────────────┼────────────────────────────┤
│ block4b_activation            │ (None, 14, 14, 480)       │               0 │ block4b_bn[0][0]           │
│ (Activation)                  │                           │                 │                            │
├───────────────────────────────┼───────────────────────────┼─────────────────┼────────────────────────────┤
│ block4b_se_squeeze            │ (None, 480)               │               0 │ block4b_activation[0][0]   │
│ (GlobalAveragePooling2D)      │                           │                 │                            │
├───────────────────────────────┼───────────────────────────┼─────────────────┼────────────────────────────┤
│ block4b_se_reshape (Reshape)  │ (None, 1, 1, 480)         │               0 │ block4b_se_squeeze[0][0]   │
├───────────────────────────────┼───────────────────────────┼─────────────────┼────────────────────────────┤
│ block4b_se_reduce (Conv2D)    │ (None, 1, 1, 20)          │           9,620 │ block4b_se_reshape[0][0]   │
├───────────────────────────────┼───────────────────────────┼─────────────────┼────────────────────────────┤
│ block4b_se_expand (Conv2D)    │ (None, 1, 1, 480)         │          10,080 │ block4b_se_reduce[0][0]    │
├───────────────────────────────┼───────────────────────────┼─────────────────┼────────────────────────────┤
│ block4b_se_excite (Multiply)  │ (None, 14, 14, 480)       │               0 │ block4b_activation[0][0],  │
│                               │                           │                 │ block4b_se_expand[0][0]    │
├───────────────────────────────┼───────────────────────────┼─────────────────┼────────────────────────────┤
│ block4b_project_conv (Conv2D) │ (None, 14, 14, 80)        │          38,400 │ block4b_se_excite[0][0]    │
├───────────────────────────────┼───────────────────────────┼─────────────────┼────────────────────────────┤
│ block4b_project_bn            │ (None, 14, 14, 80)        │             320 │ block4b_project_conv[0][0] │
│ (BatchNormalization)          │                           │                 │                            │
├───────────────────────────────┼───────────────────────────┼─────────────────┼────────────────────────────┤
│ block4b_drop (Dropout)        │ (None, 14, 14, 80)        │               0 │ block4b_project_bn[0][0]   │
├───────────────────────────────┼───────────────────────────┼─────────────────┼────────────────────────────┤
│ block4b_add (Add)             │ (None, 14, 14, 80)        │               0 │ block4b_drop[0][0],        │
│                               │                           │                 │ block4a_project_bn[0][0]   │
├───────────────────────────────┼───────────────────────────┼─────────────────┼────────────────────────────┤
│ block4c_expand_conv (Conv2D)  │ (None, 14, 14, 480)       │          38,400 │ block4b_add[0][0]          │
├───────────────────────────────┼───────────────────────────┼─────────────────┼────────────────────────────┤
│ block4c_expand_bn             │ (None, 14, 14, 480)       │           1,920 │ block4c_expand_conv[0][0]  │
│ (BatchNormalization)          │                           │                 │                            │
├───────────────────────────────┼───────────────────────────┼─────────────────┼────────────────────────────┤
│ block4c_expand_activation     │ (None, 14, 14, 480)       │               0 │ block4c_expand_bn[0][0]    │
│ (Activation)                  │                           │                 │                            │
├───────────────────────────────┼───────────────────────────┼─────────────────┼────────────────────────────┤
│ block4c_dwconv                │ (None, 14, 14, 480)       │           4,320 │ block4c_expand_activation… │
│ (DepthwiseConv2D)             │                           │                 │                            │
├───────────────────────────────┼───────────────────────────┼─────────────────┼────────────────────────────┤
│ block4c_bn                    │ (None, 14, 14, 480)       │           1,920 │ block4c_dwconv[0][0]       │
│ (BatchNormalization)          │                           │                 │                            │
├───────────────────────────────┼───────────────────────────┼─────────────────┼────────────────────────────┤
│ block4c_activation            │ (None, 14, 14, 480)       │               0 │ block4c_bn[0][0]           │
│ (Activation)                  │                           │                 │                            │
├───────────────────────────────┼───────────────────────────┼─────────────────┼────────────────────────────┤
│ block4c_se_squeeze            │ (None, 480)               │               0 │ block4c_activation[0][0]   │
│ (GlobalAveragePooling2D)      │                           │                 │                            │
├───────────────────────────────┼───────────────────────────┼─────────────────┼────────────────────────────┤
│ block4c_se_reshape (Reshape)  │ (None, 1, 1, 480)         │               0 │ block4c_se_squeeze[0][0]   │
├───────────────────────────────┼───────────────────────────┼─────────────────┼────────────────────────────┤
│ block4c_se_reduce (Conv2D)    │ (None, 1, 1, 20)          │           9,620 │ block4c_se_reshape[0][0]   │
├───────────────────────────────┼───────────────────────────┼─────────────────┼────────────────────────────┤
│ block4c_se_expand (Conv2D)    │ (None, 1, 1, 480)         │          10,080 │ block4c_se_reduce[0][0]    │
├───────────────────────────────┼───────────────────────────┼─────────────────┼────────────────────────────┤
│ block4c_se_excite (Multiply)  │ (None, 14, 14, 480)       │               0 │ block4c_activation[0][0],  │
│                               │                           │                 │ block4c_se_expand[0][0]    │
├───────────────────────────────┼───────────────────────────┼─────────────────┼────────────────────────────┤
│ block4c_project_conv (Conv2D) │ (None, 14, 14, 80)        │          38,400 │ block4c_se_excite[0][0]    │
├───────────────────────────────┼───────────────────────────┼─────────────────┼────────────────────────────┤
│ block4c_project_bn            │ (None, 14, 14, 80)        │             320 │ block4c_project_conv[0][0] │
│ (BatchNormalization)          │                           │                 │                            │
├───────────────────────────────┼───────────────────────────┼─────────────────┼────────────────────────────┤
│ block4c_drop (Dropout)        │ (None, 14, 14, 80)        │               0 │ block4c_project_bn[0][0]   │
├───────────────────────────────┼───────────────────────────┼─────────────────┼────────────────────────────┤
│ block4c_add (Add)             │ (None, 14, 14, 80)        │               0 │ block4c_drop[0][0],        │
│                               │                           │                 │ block4b_add[0][0]          │
├───────────────────────────────┼───────────────────────────┼─────────────────┼────────────────────────────┤
│ block5a_expand_conv (Conv2D)  │ (None, 14, 14, 480)       │          38,400 │ block4c_add[0][0]          │
├───────────────────────────────┼───────────────────────────┼─────────────────┼────────────────────────────┤
│ block5a_expand_bn             │ (None, 14, 14, 480)       │           1,920 │ block5a_expand_conv[0][0]  │
│ (BatchNormalization)          │                           │                 │                            │
├───────────────────────────────┼───────────────────────────┼─────────────────┼────────────────────────────┤
│ block5a_expand_activation     │ (None, 14, 14, 480)       │               0 │ block5a_expand_bn[0][0]    │
│ (Activation)                  │                           │                 │                            │
├───────────────────────────────┼───────────────────────────┼─────────────────┼────────────────────────────┤
│ block5a_dwconv                │ (None, 14, 14, 480)       │          12,000 │ block5a_expand_activation… │
│ (DepthwiseConv2D)             │                           │                 │                            │
├───────────────────────────────┼───────────────────────────┼─────────────────┼────────────────────────────┤
│ block5a_bn                    │ (None, 14, 14, 480)       │           1,920 │ block5a_dwconv[0][0]       │
│ (BatchNormalization)          │                           │                 │                            │
├───────────────────────────────┼───────────────────────────┼─────────────────┼────────────────────────────┤
│ block5a_activation            │ (None, 14, 14, 480)       │               0 │ block5a_bn[0][0]           │
│ (Activation)                  │                           │                 │                            │
├───────────────────────────────┼───────────────────────────┼─────────────────┼────────────────────────────┤
│ block5a_se_squeeze            │ (None, 480)               │               0 │ block5a_activation[0][0]   │
│ (GlobalAveragePooling2D)      │                           │                 │                            │
├───────────────────────────────┼───────────────────────────┼─────────────────┼────────────────────────────┤
│ block5a_se_reshape (Reshape)  │ (None, 1, 1, 480)         │               0 │ block5a_se_squeeze[0][0]   │
├───────────────────────────────┼───────────────────────────┼─────────────────┼────────────────────────────┤
│ block5a_se_reduce (Conv2D)    │ (None, 1, 1, 20)          │           9,620 │ block5a_se_reshape[0][0]   │
├───────────────────────────────┼───────────────────────────┼─────────────────┼────────────────────────────┤
│ block5a_se_expand (Conv2D)    │ (None, 1, 1, 480)         │          10,080 │ block5a_se_reduce[0][0]    │
├───────────────────────────────┼───────────────────────────┼─────────────────┼────────────────────────────┤
│ block5a_se_excite (Multiply)  │ (None, 14, 14, 480)       │               0 │ block5a_activation[0][0],  │
│                               │                           │                 │ block5a_se_expand[0][0]    │
├───────────────────────────────┼───────────────────────────┼─────────────────┼────────────────────────────┤
│ block5a_project_conv (Conv2D) │ (None, 14, 14, 112)       │          53,760 │ block5a_se_excite[0][0]    │
├───────────────────────────────┼───────────────────────────┼─────────────────┼────────────────────────────┤
│ block5a_project_bn            │ (None, 14, 14, 112)       │             448 │ block5a_project_conv[0][0] │
│ (BatchNormalization)          │                           │                 │                            │
├───────────────────────────────┼───────────────────────────┼─────────────────┼────────────────────────────┤
│ block5b_expand_conv (Conv2D)  │ (None, 14, 14, 672)       │          75,264 │ block5a_project_bn[0][0]   │
├───────────────────────────────┼───────────────────────────┼─────────────────┼────────────────────────────┤
│ block5b_expand_bn             │ (None, 14, 14, 672)       │           2,688 │ block5b_expand_conv[0][0]  │
│ (BatchNormalization)          │                           │                 │                            │
├───────────────────────────────┼───────────────────────────┼─────────────────┼────────────────────────────┤
│ block5b_expand_activation     │ (None, 14, 14, 672)       │               0 │ block5b_expand_bn[0][0]    │
│ (Activation)                  │                           │                 │                            │
├───────────────────────────────┼───────────────────────────┼─────────────────┼────────────────────────────┤
│ block5b_dwconv                │ (None, 14, 14, 672)       │          16,800 │ block5b_expand_activation… │
│ (DepthwiseConv2D)             │                           │                 │                            │
├───────────────────────────────┼───────────────────────────┼─────────────────┼────────────────────────────┤
│ block5b_bn                    │ (None, 14, 14, 672)       │           2,688 │ block5b_dwconv[0][0]       │
│ (BatchNormalization)          │                           │                 │                            │
├───────────────────────────────┼───────────────────────────┼─────────────────┼────────────────────────────┤
│ block5b_activation            │ (None, 14, 14, 672)       │               0 │ block5b_bn[0][0]           │
│ (Activation)                  │                           │                 │                            │
├───────────────────────────────┼───────────────────────────┼─────────────────┼────────────────────────────┤
│ block5b_se_squeeze            │ (None, 672)               │               0 │ block5b_activation[0][0]   │
│ (GlobalAveragePooling2D)      │                           │                 │                            │
├───────────────────────────────┼───────────────────────────┼─────────────────┼────────────────────────────┤
│ block5b_se_reshape (Reshape)  │ (None, 1, 1, 672)         │               0 │ block5b_se_squeeze[0][0]   │
├───────────────────────────────┼───────────────────────────┼─────────────────┼────────────────────────────┤
│ block5b_se_reduce (Conv2D)    │ (None, 1, 1, 28)          │          18,844 │ block5b_se_reshape[0][0]   │
├───────────────────────────────┼───────────────────────────┼─────────────────┼────────────────────────────┤
│ block5b_se_expand (Conv2D)    │ (None, 1, 1, 672)         │          19,488 │ block5b_se_reduce[0][0]    │
├───────────────────────────────┼───────────────────────────┼─────────────────┼────────────────────────────┤
│ block5b_se_excite (Multiply)  │ (None, 14, 14, 672)       │               0 │ block5b_activation[0][0],  │
│                               │                           │                 │ block5b_se_expand[0][0]    │
├───────────────────────────────┼───────────────────────────┼─────────────────┼────────────────────────────┤
│ block5b_project_conv (Conv2D) │ (None, 14, 14, 112)       │          75,264 │ block5b_se_excite[0][0]    │
├───────────────────────────────┼───────────────────────────┼─────────────────┼────────────────────────────┤
│ block5b_project_bn            │ (None, 14, 14, 112)       │             448 │ block5b_project_conv[0][0] │
│ (BatchNormalization)          │                           │                 │                            │
├───────────────────────────────┼───────────────────────────┼─────────────────┼────────────────────────────┤
│ block5b_drop (Dropout)        │ (None, 14, 14, 112)       │               0 │ block5b_project_bn[0][0]   │
├───────────────────────────────┼───────────────────────────┼─────────────────┼────────────────────────────┤
│ block5b_add (Add)             │ (None, 14, 14, 112)       │               0 │ block5b_drop[0][0],        │
│                               │                           │                 │ block5a_project_bn[0][0]   │
├───────────────────────────────┼───────────────────────────┼─────────────────┼────────────────────────────┤
│ block5c_expand_conv (Conv2D)  │ (None, 14, 14, 672)       │          75,264 │ block5b_add[0][0]          │
├───────────────────────────────┼───────────────────────────┼─────────────────┼────────────────────────────┤
│ block5c_expand_bn             │ (None, 14, 14, 672)       │           2,688 │ block5c_expand_conv[0][0]  │
│ (BatchNormalization)          │                           │                 │                            │
├───────────────────────────────┼───────────────────────────┼─────────────────┼────────────────────────────┤
│ block5c_expand_activation     │ (None, 14, 14, 672)       │               0 │ block5c_expand_bn[0][0]    │
│ (Activation)                  │                           │                 │                            │
├───────────────────────────────┼───────────────────────────┼─────────────────┼────────────────────────────┤
│ block5c_dwconv                │ (None, 14, 14, 672)       │          16,800 │ block5c_expand_activation… │
│ (DepthwiseConv2D)             │                           │                 │                            │
├───────────────────────────────┼───────────────────────────┼─────────────────┼────────────────────────────┤
│ block5c_bn                    │ (None, 14, 14, 672)       │           2,688 │ block5c_dwconv[0][0]       │
│ (BatchNormalization)          │                           │                 │                            │
├───────────────────────────────┼───────────────────────────┼─────────────────┼────────────────────────────┤
│ block5c_activation            │ (None, 14, 14, 672)       │               0 │ block5c_bn[0][0]           │
│ (Activation)                  │                           │                 │                            │
├───────────────────────────────┼───────────────────────────┼─────────────────┼────────────────────────────┤
│ block5c_se_squeeze            │ (None, 672)               │               0 │ block5c_activation[0][0]   │
│ (GlobalAveragePooling2D)      │                           │                 │                            │
├───────────────────────────────┼───────────────────────────┼─────────────────┼────────────────────────────┤
│ block5c_se_reshape (Reshape)  │ (None, 1, 1, 672)         │               0 │ block5c_se_squeeze[0][0]   │
├───────────────────────────────┼───────────────────────────┼─────────────────┼────────────────────────────┤
│ block5c_se_reduce (Conv2D)    │ (None, 1, 1, 28)          │          18,844 │ block5c_se_reshape[0][0]   │
├───────────────────────────────┼───────────────────────────┼─────────────────┼────────────────────────────┤
│ block5c_se_expand (Conv2D)    │ (None, 1, 1, 672)         │          19,488 │ block5c_se_reduce[0][0]    │
├───────────────────────────────┼───────────────────────────┼─────────────────┼────────────────────────────┤
│ block5c_se_excite (Multiply)  │ (None, 14, 14, 672)       │               0 │ block5c_activation[0][0],  │
│                               │                           │                 │ block5c_se_expand[0][0]    │
├───────────────────────────────┼───────────────────────────┼─────────────────┼────────────────────────────┤
│ block5c_project_conv (Conv2D) │ (None, 14, 14, 112)       │          75,264 │ block5c_se_excite[0][0]    │
├───────────────────────────────┼───────────────────────────┼─────────────────┼────────────────────────────┤
│ block5c_project_bn            │ (None, 14, 14, 112)       │             448 │ block5c_project_conv[0][0] │
│ (BatchNormalization)          │                           │                 │                            │
├───────────────────────────────┼───────────────────────────┼─────────────────┼────────────────────────────┤
│ block5c_drop (Dropout)        │ (None, 14, 14, 112)       │               0 │ block5c_project_bn[0][0]   │
├───────────────────────────────┼───────────────────────────┼─────────────────┼────────────────────────────┤
│ block5c_add (Add)             │ (None, 14, 14, 112)       │               0 │ block5c_drop[0][0],        │
│                               │                           │                 │ block5b_add[0][0]          │
├───────────────────────────────┼───────────────────────────┼─────────────────┼────────────────────────────┤
│ block6a_expand_conv (Conv2D)  │ (None, 14, 14, 672)       │          75,264 │ block5c_add[0][0]          │
├───────────────────────────────┼───────────────────────────┼─────────────────┼────────────────────────────┤
│ block6a_expand_bn             │ (None, 14, 14, 672)       │           2,688 │ block6a_expand_conv[0][0]  │
│ (BatchNormalization)          │                           │                 │                            │
├───────────────────────────────┼───────────────────────────┼─────────────────┼────────────────────────────┤
│ block6a_expand_activation     │ (None, 14, 14, 672)       │               0 │ block6a_expand_bn[0][0]    │
│ (Activation)                  │                           │                 │                            │
├───────────────────────────────┼───────────────────────────┼─────────────────┼────────────────────────────┤
│ block6a_dwconv_pad            │ (None, 17, 17, 672)       │               0 │ block6a_expand_activation… │
│ (ZeroPadding2D)               │                           │                 │                            │
├───────────────────────────────┼───────────────────────────┼─────────────────┼────────────────────────────┤
│ block6a_dwconv                │ (None, 7, 7, 672)         │          16,800 │ block6a_dwconv_pad[0][0]   │
│ (DepthwiseConv2D)             │                           │                 │                            │
├───────────────────────────────┼───────────────────────────┼─────────────────┼────────────────────────────┤
│ block6a_bn                    │ (None, 7, 7, 672)         │           2,688 │ block6a_dwconv[0][0]       │
│ (BatchNormalization)          │                           │                 │                            │
├───────────────────────────────┼───────────────────────────┼─────────────────┼────────────────────────────┤
│ block6a_activation            │ (None, 7, 7, 672)         │               0 │ block6a_bn[0][0]           │
│ (Activation)                  │                           │                 │                            │
├───────────────────────────────┼───────────────────────────┼─────────────────┼────────────────────────────┤
│ block6a_se_squeeze            │ (None, 672)               │               0 │ block6a_activation[0][0]   │
│ (GlobalAveragePooling2D)      │                           │                 │                            │
├───────────────────────────────┼───────────────────────────┼─────────────────┼────────────────────────────┤
│ block6a_se_reshape (Reshape)  │ (None, 1, 1, 672)         │               0 │ block6a_se_squeeze[0][0]   │
├───────────────────────────────┼───────────────────────────┼─────────────────┼────────────────────────────┤
│ block6a_se_reduce (Conv2D)    │ (None, 1, 1, 28)          │          18,844 │ block6a_se_reshape[0][0]   │
├───────────────────────────────┼───────────────────────────┼─────────────────┼────────────────────────────┤
│ block6a_se_expand (Conv2D)    │ (None, 1, 1, 672)         │          19,488 │ block6a_se_reduce[0][0]    │
├───────────────────────────────┼───────────────────────────┼─────────────────┼────────────────────────────┤
│ block6a_se_excite (Multiply)  │ (None, 7, 7, 672)         │               0 │ block6a_activation[0][0],  │
│                               │                           │                 │ block6a_se_expand[0][0]    │
├───────────────────────────────┼───────────────────────────┼─────────────────┼────────────────────────────┤
│ block6a_project_conv (Conv2D) │ (None, 7, 7, 192)         │         129,024 │ block6a_se_excite[0][0]    │
├───────────────────────────────┼───────────────────────────┼─────────────────┼────────────────────────────┤
│ block6a_project_bn            │ (None, 7, 7, 192)         │             768 │ block6a_project_conv[0][0] │
│ (BatchNormalization)          │                           │                 │                            │
├───────────────────────────────┼───────────────────────────┼─────────────────┼────────────────────────────┤
│ block6b_expand_conv (Conv2D)  │ (None, 7, 7, 1152)        │         221,184 │ block6a_project_bn[0][0]   │
├───────────────────────────────┼───────────────────────────┼─────────────────┼────────────────────────────┤
│ block6b_expand_bn             │ (None, 7, 7, 1152)        │           4,608 │ block6b_expand_conv[0][0]  │
│ (BatchNormalization)          │                           │                 │                            │
├───────────────────────────────┼───────────────────────────┼─────────────────┼────────────────────────────┤
│ block6b_expand_activation     │ (None, 7, 7, 1152)        │               0 │ block6b_expand_bn[0][0]    │
│ (Activation)                  │                           │                 │                            │
├───────────────────────────────┼───────────────────────────┼─────────────────┼────────────────────────────┤
│ block6b_dwconv                │ (None, 7, 7, 1152)        │          28,800 │ block6b_expand_activation… │
│ (DepthwiseConv2D)             │                           │                 │                            │
├───────────────────────────────┼───────────────────────────┼─────────────────┼────────────────────────────┤
│ block6b_bn                    │ (None, 7, 7, 1152)        │           4,608 │ block6b_dwconv[0][0]       │
│ (BatchNormalization)          │                           │                 │                            │
├───────────────────────────────┼───────────────────────────┼─────────────────┼────────────────────────────┤
│ block6b_activation            │ (None, 7, 7, 1152)        │               0 │ block6b_bn[0][0]           │
│ (Activation)                  │                           │                 │                            │
├───────────────────────────────┼───────────────────────────┼─────────────────┼────────────────────────────┤
│ block6b_se_squeeze            │ (None, 1152)              │               0 │ block6b_activation[0][0]   │
│ (GlobalAveragePooling2D)      │                           │                 │                            │
├───────────────────────────────┼───────────────────────────┼─────────────────┼────────────────────────────┤
│ block6b_se_reshape (Reshape)  │ (None, 1, 1, 1152)        │               0 │ block6b_se_squeeze[0][0]   │
├───────────────────────────────┼───────────────────────────┼─────────────────┼────────────────────────────┤
│ block6b_se_reduce (Conv2D)    │ (None, 1, 1, 48)          │          55,344 │ block6b_se_reshape[0][0]   │
├───────────────────────────────┼───────────────────────────┼─────────────────┼────────────────────────────┤
│ block6b_se_expand (Conv2D)    │ (None, 1, 1, 1152)        │          56,448 │ block6b_se_reduce[0][0]    │
├───────────────────────────────┼───────────────────────────┼─────────────────┼────────────────────────────┤
│ block6b_se_excite (Multiply)  │ (None, 7, 7, 1152)        │               0 │ block6b_activation[0][0],  │
│                               │                           │                 │ block6b_se_expand[0][0]    │
├───────────────────────────────┼───────────────────────────┼─────────────────┼────────────────────────────┤
│ block6b_project_conv (Conv2D) │ (None, 7, 7, 192)         │         221,184 │ block6b_se_excite[0][0]    │
├───────────────────────────────┼───────────────────────────┼─────────────────┼────────────────────────────┤
│ block6b_project_bn            │ (None, 7, 7, 192)         │             768 │ block6b_project_conv[0][0] │
│ (BatchNormalization)          │                           │                 │                            │
├───────────────────────────────┼───────────────────────────┼─────────────────┼────────────────────────────┤
│ block6b_drop (Dropout)        │ (None, 7, 7, 192)         │               0 │ block6b_project_bn[0][0]   │
├───────────────────────────────┼───────────────────────────┼─────────────────┼────────────────────────────┤
│ block6b_add (Add)             │ (None, 7, 7, 192)         │               0 │ block6b_drop[0][0],        │
│                               │                           │                 │ block6a_project_bn[0][0]   │
├───────────────────────────────┼───────────────────────────┼─────────────────┼────────────────────────────┤
│ block6c_expand_conv (Conv2D)  │ (None, 7, 7, 1152)        │         221,184 │ block6b_add[0][0]          │
├───────────────────────────────┼───────────────────────────┼─────────────────┼────────────────────────────┤
│ block6c_expand_bn             │ (None, 7, 7, 1152)        │           4,608 │ block6c_expand_conv[0][0]  │
│ (BatchNormalization)          │                           │                 │                            │
├───────────────────────────────┼───────────────────────────┼─────────────────┼────────────────────────────┤
│ block6c_expand_activation     │ (None, 7, 7, 1152)        │               0 │ block6c_expand_bn[0][0]    │
│ (Activation)                  │                           │                 │                            │
├───────────────────────────────┼───────────────────────────┼─────────────────┼────────────────────────────┤
│ block6c_dwconv                │ (None, 7, 7, 1152)        │          28,800 │ block6c_expand_activation… │
│ (DepthwiseConv2D)             │                           │                 │                            │
├───────────────────────────────┼───────────────────────────┼─────────────────┼────────────────────────────┤
│ block6c_bn                    │ (None, 7, 7, 1152)        │           4,608 │ block6c_dwconv[0][0]       │
│ (BatchNormalization)          │                           │                 │                            │
├───────────────────────────────┼───────────────────────────┼─────────────────┼────────────────────────────┤
│ block6c_activation            │ (None, 7, 7, 1152)        │               0 │ block6c_bn[0][0]           │
│ (Activation)                  │                           │                 │                            │
├───────────────────────────────┼───────────────────────────┼─────────────────┼────────────────────────────┤
│ block6c_se_squeeze            │ (None, 1152)              │               0 │ block6c_activation[0][0]   │
│ (GlobalAveragePooling2D)      │                           │                 │                            │
├───────────────────────────────┼───────────────────────────┼─────────────────┼────────────────────────────┤
│ block6c_se_reshape (Reshape)  │ (None, 1, 1, 1152)        │               0 │ block6c_se_squeeze[0][0]   │
├───────────────────────────────┼───────────────────────────┼─────────────────┼────────────────────────────┤
│ block6c_se_reduce (Conv2D)    │ (None, 1, 1, 48)          │          55,344 │ block6c_se_reshape[0][0]   │
├───────────────────────────────┼───────────────────────────┼─────────────────┼────────────────────────────┤
│ block6c_se_expand (Conv2D)    │ (None, 1, 1, 1152)        │          56,448 │ block6c_se_reduce[0][0]    │
├───────────────────────────────┼───────────────────────────┼─────────────────┼────────────────────────────┤
│ block6c_se_excite (Multiply)  │ (None, 7, 7, 1152)        │               0 │ block6c_activation[0][0],  │
│                               │                           │                 │ block6c_se_expand[0][0]    │
├───────────────────────────────┼───────────────────────────┼─────────────────┼────────────────────────────┤
│ block6c_project_conv (Conv2D) │ (None, 7, 7, 192)         │         221,184 │ block6c_se_excite[0][0]    │
├───────────────────────────────┼───────────────────────────┼─────────────────┼────────────────────────────┤
│ block6c_project_bn            │ (None, 7, 7, 192)         │             768 │ block6c_project_conv[0][0] │
│ (BatchNormalization)          │                           │                 │                            │
├───────────────────────────────┼───────────────────────────┼─────────────────┼────────────────────────────┤
│ block6c_drop (Dropout)        │ (None, 7, 7, 192)         │               0 │ block6c_project_bn[0][0]   │
├───────────────────────────────┼───────────────────────────┼─────────────────┼────────────────────────────┤
│ block6c_add (Add)             │ (None, 7, 7, 192)         │               0 │ block6c_drop[0][0],        │
│                               │                           │                 │ block6b_add[0][0]          │
├───────────────────────────────┼───────────────────────────┼─────────────────┼────────────────────────────┤
│ block6d_expand_conv (Conv2D)  │ (None, 7, 7, 1152)        │         221,184 │ block6c_add[0][0]          │
├───────────────────────────────┼───────────────────────────┼─────────────────┼────────────────────────────┤
│ block6d_expand_bn             │ (None, 7, 7, 1152)        │           4,608 │ block6d_expand_conv[0][0]  │
│ (BatchNormalization)          │                           │                 │                            │
├───────────────────────────────┼───────────────────────────┼─────────────────┼────────────────────────────┤
│ block6d_expand_activation     │ (None, 7, 7, 1152)        │               0 │ block6d_expand_bn[0][0]    │
│ (Activation)                  │                           │                 │                            │
├───────────────────────────────┼───────────────────────────┼─────────────────┼────────────────────────────┤
│ block6d_dwconv                │ (None, 7, 7, 1152)        │          28,800 │ block6d_expand_activation… │
│ (DepthwiseConv2D)             │                           │                 │                            │
├───────────────────────────────┼───────────────────────────┼─────────────────┼────────────────────────────┤
│ block6d_bn                    │ (None, 7, 7, 1152)        │           4,608 │ block6d_dwconv[0][0]       │
│ (BatchNormalization)          │                           │                 │                            │
├───────────────────────────────┼───────────────────────────┼─────────────────┼────────────────────────────┤
│ block6d_activation            │ (None, 7, 7, 1152)        │               0 │ block6d_bn[0][0]           │
│ (Activation)                  │                           │                 │                            │
├───────────────────────────────┼───────────────────────────┼─────────────────┼────────────────────────────┤
│ block6d_se_squeeze            │ (None, 1152)              │               0 │ block6d_activation[0][0]   │
│ (GlobalAveragePooling2D)      │                           │                 │                            │
├───────────────────────────────┼───────────────────────────┼─────────────────┼────────────────────────────┤
│ block6d_se_reshape (Reshape)  │ (None, 1, 1, 1152)        │               0 │ block6d_se_squeeze[0][0]   │
├───────────────────────────────┼───────────────────────────┼─────────────────┼────────────────────────────┤
│ block6d_se_reduce (Conv2D)    │ (None, 1, 1, 48)          │          55,344 │ block6d_se_reshape[0][0]   │
├───────────────────────────────┼───────────────────────────┼─────────────────┼────────────────────────────┤
│ block6d_se_expand (Conv2D)    │ (None, 1, 1, 1152)        │          56,448 │ block6d_se_reduce[0][0]    │
├───────────────────────────────┼───────────────────────────┼─────────────────┼────────────────────────────┤
│ block6d_se_excite (Multiply)  │ (None, 7, 7, 1152)        │               0 │ block6d_activation[0][0],  │
│                               │                           │                 │ block6d_se_expand[0][0]    │
├───────────────────────────────┼───────────────────────────┼─────────────────┼────────────────────────────┤
│ block6d_project_conv (Conv2D) │ (None, 7, 7, 192)         │         221,184 │ block6d_se_excite[0][0]    │
├───────────────────────────────┼───────────────────────────┼─────────────────┼────────────────────────────┤
│ block6d_project_bn            │ (None, 7, 7, 192)         │             768 │ block6d_project_conv[0][0] │
│ (BatchNormalization)          │                           │                 │                            │
├───────────────────────────────┼───────────────────────────┼─────────────────┼────────────────────────────┤
│ block6d_drop (Dropout)        │ (None, 7, 7, 192)         │               0 │ block6d_project_bn[0][0]   │
├───────────────────────────────┼───────────────────────────┼─────────────────┼────────────────────────────┤
│ block6d_add (Add)             │ (None, 7, 7, 192)         │               0 │ block6d_drop[0][0],        │
│                               │                           │                 │ block6c_add[0][0]          │
├───────────────────────────────┼───────────────────────────┼─────────────────┼────────────────────────────┤
│ block7a_expand_conv (Conv2D)  │ (None, 7, 7, 1152)        │         221,184 │ block6d_add[0][0]          │
├───────────────────────────────┼───────────────────────────┼─────────────────┼────────────────────────────┤
│ block7a_expand_bn             │ (None, 7, 7, 1152)        │           4,608 │ block7a_expand_conv[0][0]  │
│ (BatchNormalization)          │                           │                 │                            │
├───────────────────────────────┼───────────────────────────┼─────────────────┼────────────────────────────┤
│ block7a_expand_activation     │ (None, 7, 7, 1152)        │               0 │ block7a_expand_bn[0][0]    │
│ (Activation)                  │                           │                 │                            │
├───────────────────────────────┼───────────────────────────┼─────────────────┼────────────────────────────┤
│ block7a_dwconv                │ (None, 7, 7, 1152)        │          10,368 │ block7a_expand_activation… │
│ (DepthwiseConv2D)             │                           │                 │                            │
├───────────────────────────────┼───────────────────────────┼─────────────────┼────────────────────────────┤
│ block7a_bn                    │ (None, 7, 7, 1152)        │           4,608 │ block7a_dwconv[0][0]       │
│ (BatchNormalization)          │                           │                 │                            │
├───────────────────────────────┼───────────────────────────┼─────────────────┼────────────────────────────┤
│ block7a_activation            │ (None, 7, 7, 1152)        │               0 │ block7a_bn[0][0]           │
│ (Activation)                  │                           │                 │                            │
├───────────────────────────────┼───────────────────────────┼─────────────────┼────────────────────────────┤
│ block7a_se_squeeze            │ (None, 1152)              │               0 │ block7a_activation[0][0]   │
│ (GlobalAveragePooling2D)      │                           │                 │                            │
├───────────────────────────────┼───────────────────────────┼─────────────────┼────────────────────────────┤
│ block7a_se_reshape (Reshape)  │ (None, 1, 1, 1152)        │               0 │ block7a_se_squeeze[0][0]   │
├───────────────────────────────┼───────────────────────────┼─────────────────┼────────────────────────────┤
│ block7a_se_reduce (Conv2D)    │ (None, 1, 1, 48)          │          55,344 │ block7a_se_reshape[0][0]   │
├───────────────────────────────┼───────────────────────────┼─────────────────┼────────────────────────────┤
│ block7a_se_expand (Conv2D)    │ (None, 1, 1, 1152)        │          56,448 │ block7a_se_reduce[0][0]    │
├───────────────────────────────┼───────────────────────────┼─────────────────┼────────────────────────────┤
│ block7a_se_excite (Multiply)  │ (None, 7, 7, 1152)        │               0 │ block7a_activation[0][0],  │
│                               │                           │                 │ block7a_se_expand[0][0]    │
├───────────────────────────────┼───────────────────────────┼─────────────────┼────────────────────────────┤
│ block7a_project_conv (Conv2D) │ (None, 7, 7, 320)         │         368,640 │ block7a_se_excite[0][0]    │
├───────────────────────────────┼───────────────────────────┼─────────────────┼────────────────────────────┤
│ block7a_project_bn            │ (None, 7, 7, 320)         │           1,280 │ block7a_project_conv[0][0] │
│ (BatchNormalization)          │                           │                 │                            │
├───────────────────────────────┼───────────────────────────┼─────────────────┼────────────────────────────┤
│ top_conv (Conv2D)             │ (None, 7, 7, 1280)        │         409,600 │ block7a_project_bn[0][0]   │
├───────────────────────────────┼───────────────────────────┼─────────────────┼────────────────────────────┤
│ top_bn (BatchNormalization)   │ (None, 7, 7, 1280)        │           5,120 │ top_conv[0][0]             │
├───────────────────────────────┼───────────────────────────┼─────────────────┼────────────────────────────┤
│ top_activation (Activation)   │ (None, 7, 7, 1280)        │               0 │ top_bn[0][0]               │
├───────────────────────────────┼───────────────────────────┼─────────────────┼────────────────────────────┤
│ gap (GlobalAveragePooling2D)  │ (None, 1280)              │               0 │ top_activation[0][0]       │
├───────────────────────────────┼───────────────────────────┼─────────────────┼────────────────────────────┤
│ batch_normalization           │ (None, 1280)              │           5,120 │ gap[0][0]                  │
│ (BatchNormalization)          │                           │                 │                            │
├───────────────────────────────┼───────────────────────────┼─────────────────┼────────────────────────────┤
│ dropout (Dropout)             │ (None, 1280)              │               0 │ batch_normalization[0][0]  │
├───────────────────────────────┼───────────────────────────┼─────────────────┼────────────────────────────┤
│ output (Dense)                │ (None, 1)                 │           1,281 │ dropout[0][0]              │
└───────────────────────────────┴───────────────────────────┴─────────────────┴────────────────────────────┘
 Total params: 4,055,972 (15.47 MB)
 Trainable params: 3,841 (15.00 KB)
 Non-trainable params: 4,052,131 (15.46 MB)

2026-07-01 17:46:12 [INFO] ━━━━━━━━━━━━━━━━━━━━━━━━━━━━━━━━━━━━━━━━━━━━━━━━━━━━━━━━━━━━
2026-07-01 17:46:12 [INFO] STAGE 4 — Phase 1: Feature Extraction (backbone frozen)
2026-07-01 17:46:12 [INFO] ━━━━━━━━━━━━━━━━━━━━━━━━━━━━━━━━━━━━━━━━━━━━━━━━━━━━━━━━━━━━
2026-07-01 17:46:12 [INFO] Epochs planned : 2
2026-07-01 17:46:12 [INFO] Learning rate  : 1.00e-03
2026-07-01 17:46:12 [INFO] Per-epoch weights → checkpoints/epoch_weights/phase1/
2026-07-01 17:46:12 [INFO]   ── Epoch 1 starting...
2026-07-01 17:46:26 [INFO]   epoch=1  accuracy=0.5500  auc=0.6003  loss=0.7530  precision=0.5263  recall=0.5263  val_accuracy=0.5000  val_auc=0.3600  val_loss=0.7327  val_precision=0.0000  val_recall=0.0000  learning_rate=0.0010
2026-07-01 17:46:26 [INFO]   ── Epoch 2 starting...
2026-07-01 17:46:32 [INFO]   epoch=2  accuracy=0.5500  auc=0.5589  loss=0.8603  precision=0.5714  recall=0.5714  val_accuracy=0.4000  val_auc=0.5000  val_loss=0.7438  val_precision=0.0000  val_recall=0.0000  learning_rate=0.0010
2026-07-01 17:46:32 [INFO] Phase 1 done in 0.3 min  (2 epochs)
2026-07-01 17:46:32 [INFO] Best val_auc      : 0.5000
2026-07-01 17:46:32 [INFO] Best val_accuracy : 0.5000
2026-07-01 17:46:32 [INFO] ✔ CHECKPOINT [phase1_training] — 2 epochs, best val_auc=0.5000
2026-07-01 17:46:32 [INFO] ━━━━━━━━━━━━━━━━━━━━━━━━━━━━━━━━━━━━━━━━━━━━━━━━━━━━━━━━━━━━
2026-07-01 17:46:32 [INFO] STAGE 5 — Enabling fine-tuning (unfreezing top backbone layers)
2026-07-01 17:46:32 [INFO] ━━━━━━━━━━━━━━━━━━━━━━━━━━━━━━━━━━━━━━━━━━━━━━━━━━━━━━━━━━━━
2026-07-01 17:46:32 [INFO] Backbone layers   : 238
2026-07-01 17:46:32 [INFO] Frozen up to      : layer 100
2026-07-01 17:46:32 [INFO] Trainable layers : 138 backbone + head
2026-07-01 17:46:32 [INFO] ✔ CHECKPOINT [fine_tune_enabled] — unfrozen 138/238 backbone layers
2026-07-01 17:46:32 [INFO] Compiling model — lr=1.00e-05  phase=phase2
2026-07-01 17:46:32 [INFO] ✔ CHECKPOINT [compile_phase2] — lr=1.00e-05
2026-07-01 17:46:32 [INFO] ━━━━━━━━━━━━━━━━━━━━━━━━━━━━━━━━━━━━━━━━━━━━━━━━━━━━━━━━━━━━
2026-07-01 17:46:32 [INFO] STAGE 6 — Phase 2: Fine-Tuning
2026-07-01 17:46:32 [INFO] ━━━━━━━━━━━━━━━━━━━━━━━━━━━━━━━━━━━━━━━━━━━━━━━━━━━━━━━━━━━━
2026-07-01 17:46:32 [INFO] Epochs planned : 1
2026-07-01 17:46:32 [INFO] Learning rate  : 1.00e-05
2026-07-01 17:46:32 [INFO] Per-epoch weights → checkpoints/epoch_weights/phase2/
2026-07-01 17:46:32 [INFO]   ── Epoch 1 starting...
2026-07-01 17:46:59 [INFO]   epoch=1  accuracy=0.5000  auc=0.5763  loss=0.8740  precision=0.5000  recall=0.5500  val_accuracy=0.5000  val_auc=0.4050  val_loss=0.7201  val_precision=0.0000  val_recall=0.0000  learning_rate=0.0000
2026-07-01 17:46:59 [INFO] Phase 2 done in 0.5 min  (1 epochs)
2026-07-01 17:46:59 [INFO] Best val_auc      : 0.4050
2026-07-01 17:46:59 [INFO] Best val_accuracy : 0.5000
2026-07-01 17:46:59 [INFO] ✔ CHECKPOINT [phase2_training] — 1 epochs, best val_auc=0.4050
2026-07-01 17:46:59 [INFO] ━━━━━━━━━━━━━━━━━━━━━━━━━━━━━━━━━━━━━━━━━━━━━━━━━━━━━━━━━━━━
2026-07-01 17:46:59 [INFO] STAGE 7 — Training curves
2026-07-01 17:46:59 [INFO] ━━━━━━━━━━━━━━━━━━━━━━━━━━━━━━━━━━━━━━━━━━━━━━━━━━━━━━━━━━━━
2026-07-01 17:47:00 [INFO] Saved checkpoints/training_curves.png
2026-07-01 17:47:00 [INFO] ✔ CHECKPOINT [plots_saved] — checkpoints/training_curves.png
2026-07-01 17:47:00 [INFO] ━━━━━━━━━━━━━━━━━━━━━━━━━━━━━━━━━━━━━━━━━━━━━━━━━━━━━━━━━━━━
2026-07-01 17:47:00 [INFO] STAGE 8 — Test-set evaluation
2026-07-01 17:47:00 [INFO] ━━━━━━━━━━━━━━━━━━━━━━━━━━━━━━━━━━━━━━━━━━━━━━━━━━━━━━━━━━━━
2026-07-01 17:47:01 [INFO]           loss : 0.7080
2026-07-01 17:47:01 [INFO]       accuracy : 0.5000
2026-07-01 17:47:01 [INFO]            auc : 0.5100
2026-07-01 17:47:01 [INFO]      precision : 0.0000
2026-07-01 17:47:01 [INFO]         recall : 0.0000
2026-07-01 17:47:05 [INFO] 
              precision    recall  f1-score   support

         Cat       0.50      1.00      0.67        10
         Dog       0.00      0.00      0.00        10

    accuracy                           0.50        20
   macro avg       0.25      0.50      0.33        20
weighted avg       0.25      0.50      0.33        20

2026-07-01 17:47:05 [INFO] Saved checkpoints/confusion_matrix.png
2026-07-01 17:47:05 [INFO] ✔ CHECKPOINT [evaluation] — test_accuracy=0.5000
2026-07-01 17:47:05 [INFO] ━━━━━━━━━━━━━━━━━━━━━━━━━━━━━━━━━━━━━━━━━━━━━━━━━━━━━━━━━━━━
2026-07-01 17:47:05 [INFO] STAGE 9 — Sample predictions grid
2026-07-01 17:47:05 [INFO] ━━━━━━━━━━━━━━━━━━━━━━━━━━━━━━━━━━━━━━━━━━━━━━━━━━━━━━━━━━━━
2026-07-01 18:09:42 [INFO] ⚠ SMOKE TEST MODE — using tiny dataset & epoch counts
2026-07-01 18:09:42 [INFO]   This only checks the code runs end-to-end, NOT model quality.
2026-07-01 18:09:42 [INFO] ════════════════════════════════════════════════════════════
2026-07-01 18:09:42 [INFO]   Cats vs Dogs — EfficientNetB0 Transfer Learning
2026-07-01 18:09:42 [INFO]   Mode: SMOKE TEST
2026-07-01 18:09:42 [INFO]   Started: 2026-07-01 18:09:42
2026-07-01 18:09:42 [INFO] ════════════════════════════════════════════════════════════
2026-07-01 18:09:42 [INFO] ━━━━━━━━━━━━━━━━━━━━━━━━━━━━━━━━━━━━━━━━━━━━━━━━━━━━━━━━━━━━
2026-07-01 18:09:42 [INFO] STAGE 1 — Environment check
2026-07-01 18:09:42 [INFO] ━━━━━━━━━━━━━━━━━━━━━━━━━━━━━━━━━━━━━━━━━━━━━━━━━━━━━━━━━━━━
2026-07-01 18:09:42 [INFO] Python       : 3.11.15 (main, Mar 11 2026, 17:20:07) [GCC 14.3.0]
2026-07-01 18:09:42 [INFO] TensorFlow   : 2.21.0
2026-07-01 18:09:42 [INFO] GPUs visible : 0
2026-07-01 18:09:42 [WARNING] No GPU found — training will run on CPU (slow on HPC!)
2026-07-01 18:09:42 [INFO] Working dir  : /mnt/appbio_a/groups/Year_4/NChasan/DMining_project
2026-07-01 18:09:42 [INFO] Data dir     : /mnt/appbio_a/groups/Year_4/NChasan/DMining_project/PetImages_mini
2026-07-01 18:09:42 [INFO] ✔ CHECKPOINT [env_check] — TF 2.21.0, 0 GPU(s)
2026-07-01 18:09:42 [INFO] ━━━━━━━━━━━━━━━━━━━━━━━━━━━━━━━━━━━━━━━━━━━━━━━━━━━━━━━━━━━━
2026-07-01 18:09:42 [INFO] STAGE 2 — Data loading & pipeline
2026-07-01 18:09:42 [INFO] ━━━━━━━━━━━━━━━━━━━━━━━━━━━━━━━━━━━━━━━━━━━━━━━━━━━━━━━━━━━━
2026-07-01 18:09:42 [INFO] Reading images from: PetImages_mini
2026-07-01 18:09:43 [INFO] Directory scan done in 0.1s
2026-07-01 18:09:43 [INFO] Total images : 80
2026-07-01 18:09:43 [INFO] Train        : 40
2026-07-01 18:09:43 [INFO] Val          : 20
2026-07-01 18:09:43 [INFO] Test         : 20
2026-07-01 18:09:43 [INFO] Building augmentation pipeline...
2026-07-01 18:09:43 [INFO] Train batches : 5
2026-07-01 18:09:43 [INFO] Val   batches : 3
2026-07-01 18:09:43 [INFO] Test  batches : 3
2026-07-01 18:09:43 [INFO] Pulling one batch to verify pipeline...
2026-07-01 18:09:43 [INFO]   Batch shape  : images=(8, 224, 224, 3)  labels=(8, 1)
2026-07-01 18:09:43 [INFO]   Pixel range  : [0.0, 255.0]
2026-07-01 18:09:43 [INFO]   Label dtype  : <dtype: 'float32'>
2026-07-01 18:09:43 [INFO] ✔ CHECKPOINT [data_pipeline] — 40 train / 20 val / 20 test images
2026-07-01 18:09:43 [INFO] ━━━━━━━━━━━━━━━━━━━━━━━━━━━━━━━━━━━━━━━━━━━━━━━━━━━━━━━━━━━━
2026-07-01 18:09:43 [INFO] STAGE 3 — Model construction (EfficientNetB0 backbone)
2026-07-01 18:09:43 [INFO] ━━━━━━━━━━━━━━━━━━━━━━━━━━━━━━━━━━━━━━━━━━━━━━━━━━━━━━━━━━━━
2026-07-01 18:09:43 [INFO] Loading EfficientNetB0 with ImageNet weights...
2026-07-01 18:09:46 [INFO] Backbone loaded in 3.1s
2026-07-01 18:09:46 [INFO] Total params     : 4,055,972
2026-07-01 18:09:46 [INFO] Trainable params : 3,841
2026-07-01 18:09:46 [INFO] Frozen params    : 4,052,151.0
2026-07-01 18:09:46 [INFO] Model diagram saved to checkpoints/model_architecture.png
2026-07-01 18:09:46 [INFO] ✔ CHECKPOINT [model_built] — 4,055,972 total params
2026-07-01 18:09:46 [INFO] Compiling model — lr=1.00e-03  phase=phase1
2026-07-01 18:09:46 [INFO] ✔ CHECKPOINT [compile_phase1] — lr=1.00e-03
2026-07-01 18:09:47 [INFO] Model: "CatsVsDogs_EfficientNetB0"
┏━━━━━━━━━━━━━━━━━━━━━━━━━━━━━━━┳━━━━━━━━━━━━━━━━━━━━━━━━━━━┳━━━━━━━━━━━━━━━━━┳━━━━━━━━━━━━━━━━━━━━━━━━━━━━┓
┃ Layer (type)                  ┃ Output Shape              ┃         Param # ┃ Connected to               ┃
┡━━━━━━━━━━━━━━━━━━━━━━━━━━━━━━━╇━━━━━━━━━━━━━━━━━━━━━━━━━━━╇━━━━━━━━━━━━━━━━━╇━━━━━━━━━━━━━━━━━━━━━━━━━━━━┩
│ input_image (InputLayer)      │ (None, 224, 224, 3)       │               0 │ -                          │
├───────────────────────────────┼───────────────────────────┼─────────────────┼────────────────────────────┤
│ rescaling (Rescaling)         │ (None, 224, 224, 3)       │               0 │ input_image[0][0]          │
├───────────────────────────────┼───────────────────────────┼─────────────────┼────────────────────────────┤
│ normalization (Normalization) │ (None, 224, 224, 3)       │               7 │ rescaling[0][0]            │
├───────────────────────────────┼───────────────────────────┼─────────────────┼────────────────────────────┤
│ rescaling_1 (Rescaling)       │ (None, 224, 224, 3)       │               0 │ normalization[0][0]        │
├───────────────────────────────┼───────────────────────────┼─────────────────┼────────────────────────────┤
│ stem_conv_pad (ZeroPadding2D) │ (None, 225, 225, 3)       │               0 │ rescaling_1[0][0]          │
├───────────────────────────────┼───────────────────────────┼─────────────────┼────────────────────────────┤
│ stem_conv (Conv2D)            │ (None, 112, 112, 32)      │             864 │ stem_conv_pad[0][0]        │
├───────────────────────────────┼───────────────────────────┼─────────────────┼────────────────────────────┤
│ stem_bn (BatchNormalization)  │ (None, 112, 112, 32)      │             128 │ stem_conv[0][0]            │
├───────────────────────────────┼───────────────────────────┼─────────────────┼────────────────────────────┤
│ stem_activation (Activation)  │ (None, 112, 112, 32)      │               0 │ stem_bn[0][0]              │
├───────────────────────────────┼───────────────────────────┼─────────────────┼────────────────────────────┤
│ block1a_dwconv                │ (None, 112, 112, 32)      │             288 │ stem_activation[0][0]      │
│ (DepthwiseConv2D)             │                           │                 │                            │
├───────────────────────────────┼───────────────────────────┼─────────────────┼────────────────────────────┤
│ block1a_bn                    │ (None, 112, 112, 32)      │             128 │ block1a_dwconv[0][0]       │
│ (BatchNormalization)          │                           │                 │                            │
├───────────────────────────────┼───────────────────────────┼─────────────────┼────────────────────────────┤
│ block1a_activation            │ (None, 112, 112, 32)      │               0 │ block1a_bn[0][0]           │
│ (Activation)                  │                           │                 │                            │
├───────────────────────────────┼───────────────────────────┼─────────────────┼────────────────────────────┤
│ block1a_se_squeeze            │ (None, 32)                │               0 │ block1a_activation[0][0]   │
│ (GlobalAveragePooling2D)      │                           │                 │                            │
├───────────────────────────────┼───────────────────────────┼─────────────────┼────────────────────────────┤
│ block1a_se_reshape (Reshape)  │ (None, 1, 1, 32)          │               0 │ block1a_se_squeeze[0][0]   │
├───────────────────────────────┼───────────────────────────┼─────────────────┼────────────────────────────┤
│ block1a_se_reduce (Conv2D)    │ (None, 1, 1, 8)           │             264 │ block1a_se_reshape[0][0]   │
├───────────────────────────────┼───────────────────────────┼─────────────────┼────────────────────────────┤
│ block1a_se_expand (Conv2D)    │ (None, 1, 1, 32)          │             288 │ block1a_se_reduce[0][0]    │
├───────────────────────────────┼───────────────────────────┼─────────────────┼────────────────────────────┤
│ block1a_se_excite (Multiply)  │ (None, 112, 112, 32)      │               0 │ block1a_activation[0][0],  │
│                               │                           │                 │ block1a_se_expand[0][0]    │
├───────────────────────────────┼───────────────────────────┼─────────────────┼────────────────────────────┤
│ block1a_project_conv (Conv2D) │ (None, 112, 112, 16)      │             512 │ block1a_se_excite[0][0]    │
├───────────────────────────────┼───────────────────────────┼─────────────────┼────────────────────────────┤
│ block1a_project_bn            │ (None, 112, 112, 16)      │              64 │ block1a_project_conv[0][0] │
│ (BatchNormalization)          │                           │                 │                            │
├───────────────────────────────┼───────────────────────────┼─────────────────┼────────────────────────────┤
│ block2a_expand_conv (Conv2D)  │ (None, 112, 112, 96)      │           1,536 │ block1a_project_bn[0][0]   │
├───────────────────────────────┼───────────────────────────┼─────────────────┼────────────────────────────┤
│ block2a_expand_bn             │ (None, 112, 112, 96)      │             384 │ block2a_expand_conv[0][0]  │
│ (BatchNormalization)          │                           │                 │                            │
├───────────────────────────────┼───────────────────────────┼─────────────────┼────────────────────────────┤
│ block2a_expand_activation     │ (None, 112, 112, 96)      │               0 │ block2a_expand_bn[0][0]    │
│ (Activation)                  │                           │                 │                            │
├───────────────────────────────┼───────────────────────────┼─────────────────┼────────────────────────────┤
│ block2a_dwconv_pad            │ (None, 113, 113, 96)      │               0 │ block2a_expand_activation… │
│ (ZeroPadding2D)               │                           │                 │                            │
├───────────────────────────────┼───────────────────────────┼─────────────────┼────────────────────────────┤
│ block2a_dwconv                │ (None, 56, 56, 96)        │             864 │ block2a_dwconv_pad[0][0]   │
│ (DepthwiseConv2D)             │                           │                 │                            │
├───────────────────────────────┼───────────────────────────┼─────────────────┼────────────────────────────┤
│ block2a_bn                    │ (None, 56, 56, 96)        │             384 │ block2a_dwconv[0][0]       │
│ (BatchNormalization)          │                           │                 │                            │
├───────────────────────────────┼───────────────────────────┼─────────────────┼────────────────────────────┤
│ block2a_activation            │ (None, 56, 56, 96)        │               0 │ block2a_bn[0][0]           │
│ (Activation)                  │                           │                 │                            │
├───────────────────────────────┼───────────────────────────┼─────────────────┼────────────────────────────┤
│ block2a_se_squeeze            │ (None, 96)                │               0 │ block2a_activation[0][0]   │
│ (GlobalAveragePooling2D)      │                           │                 │                            │
├───────────────────────────────┼───────────────────────────┼─────────────────┼────────────────────────────┤
│ block2a_se_reshape (Reshape)  │ (None, 1, 1, 96)          │               0 │ block2a_se_squeeze[0][0]   │
├───────────────────────────────┼───────────────────────────┼─────────────────┼────────────────────────────┤
│ block2a_se_reduce (Conv2D)    │ (None, 1, 1, 4)           │             388 │ block2a_se_reshape[0][0]   │
├───────────────────────────────┼───────────────────────────┼─────────────────┼────────────────────────────┤
│ block2a_se_expand (Conv2D)    │ (None, 1, 1, 96)          │             480 │ block2a_se_reduce[0][0]    │
├───────────────────────────────┼───────────────────────────┼─────────────────┼────────────────────────────┤
│ block2a_se_excite (Multiply)  │ (None, 56, 56, 96)        │               0 │ block2a_activation[0][0],  │
│                               │                           │                 │ block2a_se_expand[0][0]    │
├───────────────────────────────┼───────────────────────────┼─────────────────┼────────────────────────────┤
│ block2a_project_conv (Conv2D) │ (None, 56, 56, 24)        │           2,304 │ block2a_se_excite[0][0]    │
├───────────────────────────────┼───────────────────────────┼─────────────────┼────────────────────────────┤
│ block2a_project_bn            │ (None, 56, 56, 24)        │              96 │ block2a_project_conv[0][0] │
│ (BatchNormalization)          │                           │                 │                            │
├───────────────────────────────┼───────────────────────────┼─────────────────┼────────────────────────────┤
│ block2b_expand_conv (Conv2D)  │ (None, 56, 56, 144)       │           3,456 │ block2a_project_bn[0][0]   │
├───────────────────────────────┼───────────────────────────┼─────────────────┼────────────────────────────┤
│ block2b_expand_bn             │ (None, 56, 56, 144)       │             576 │ block2b_expand_conv[0][0]  │
│ (BatchNormalization)          │                           │                 │                            │
├───────────────────────────────┼───────────────────────────┼─────────────────┼────────────────────────────┤
│ block2b_expand_activation     │ (None, 56, 56, 144)       │               0 │ block2b_expand_bn[0][0]    │
│ (Activation)                  │                           │                 │                            │
├───────────────────────────────┼───────────────────────────┼─────────────────┼────────────────────────────┤
│ block2b_dwconv                │ (None, 56, 56, 144)       │           1,296 │ block2b_expand_activation… │
│ (DepthwiseConv2D)             │                           │                 │                            │
├───────────────────────────────┼───────────────────────────┼─────────────────┼────────────────────────────┤
│ block2b_bn                    │ (None, 56, 56, 144)       │             576 │ block2b_dwconv[0][0]       │
│ (BatchNormalization)          │                           │                 │                            │
├───────────────────────────────┼───────────────────────────┼─────────────────┼────────────────────────────┤
│ block2b_activation            │ (None, 56, 56, 144)       │               0 │ block2b_bn[0][0]           │
│ (Activation)                  │                           │                 │                            │
├───────────────────────────────┼───────────────────────────┼─────────────────┼────────────────────────────┤
│ block2b_se_squeeze            │ (None, 144)               │               0 │ block2b_activation[0][0]   │
│ (GlobalAveragePooling2D)      │                           │                 │                            │
├───────────────────────────────┼───────────────────────────┼─────────────────┼────────────────────────────┤
│ block2b_se_reshape (Reshape)  │ (None, 1, 1, 144)         │               0 │ block2b_se_squeeze[0][0]   │
├───────────────────────────────┼───────────────────────────┼─────────────────┼────────────────────────────┤
│ block2b_se_reduce (Conv2D)    │ (None, 1, 1, 6)           │             870 │ block2b_se_reshape[0][0]   │
├───────────────────────────────┼───────────────────────────┼─────────────────┼────────────────────────────┤
│ block2b_se_expand (Conv2D)    │ (None, 1, 1, 144)         │           1,008 │ block2b_se_reduce[0][0]    │
├───────────────────────────────┼───────────────────────────┼─────────────────┼────────────────────────────┤
│ block2b_se_excite (Multiply)  │ (None, 56, 56, 144)       │               0 │ block2b_activation[0][0],  │
│                               │                           │                 │ block2b_se_expand[0][0]    │
├───────────────────────────────┼───────────────────────────┼─────────────────┼────────────────────────────┤
│ block2b_project_conv (Conv2D) │ (None, 56, 56, 24)        │           3,456 │ block2b_se_excite[0][0]    │
├───────────────────────────────┼───────────────────────────┼─────────────────┼────────────────────────────┤
│ block2b_project_bn            │ (None, 56, 56, 24)        │              96 │ block2b_project_conv[0][0] │
│ (BatchNormalization)          │                           │                 │                            │
├───────────────────────────────┼───────────────────────────┼─────────────────┼────────────────────────────┤
│ block2b_drop (Dropout)        │ (None, 56, 56, 24)        │               0 │ block2b_project_bn[0][0]   │
├───────────────────────────────┼───────────────────────────┼─────────────────┼────────────────────────────┤
│ block2b_add (Add)             │ (None, 56, 56, 24)        │               0 │ block2b_drop[0][0],        │
│                               │                           │                 │ block2a_project_bn[0][0]   │
├───────────────────────────────┼───────────────────────────┼─────────────────┼────────────────────────────┤
│ block3a_expand_conv (Conv2D)  │ (None, 56, 56, 144)       │           3,456 │ block2b_add[0][0]          │
├───────────────────────────────┼───────────────────────────┼─────────────────┼────────────────────────────┤
│ block3a_expand_bn             │ (None, 56, 56, 144)       │             576 │ block3a_expand_conv[0][0]  │
│ (BatchNormalization)          │                           │                 │                            │
├───────────────────────────────┼───────────────────────────┼─────────────────┼────────────────────────────┤
│ block3a_expand_activation     │ (None, 56, 56, 144)       │               0 │ block3a_expand_bn[0][0]    │
│ (Activation)                  │                           │                 │                            │
├───────────────────────────────┼───────────────────────────┼─────────────────┼────────────────────────────┤
│ block3a_dwconv_pad            │ (None, 59, 59, 144)       │               0 │ block3a_expand_activation… │
│ (ZeroPadding2D)               │                           │                 │                            │
├───────────────────────────────┼───────────────────────────┼─────────────────┼────────────────────────────┤
│ block3a_dwconv                │ (None, 28, 28, 144)       │           3,600 │ block3a_dwconv_pad[0][0]   │
│ (DepthwiseConv2D)             │                           │                 │                            │
├───────────────────────────────┼───────────────────────────┼─────────────────┼────────────────────────────┤
│ block3a_bn                    │ (None, 28, 28, 144)       │             576 │ block3a_dwconv[0][0]       │
│ (BatchNormalization)          │                           │                 │                            │
├───────────────────────────────┼───────────────────────────┼─────────────────┼────────────────────────────┤
│ block3a_activation            │ (None, 28, 28, 144)       │               0 │ block3a_bn[0][0]           │
│ (Activation)                  │                           │                 │                            │
├───────────────────────────────┼───────────────────────────┼─────────────────┼────────────────────────────┤
│ block3a_se_squeeze            │ (None, 144)               │               0 │ block3a_activation[0][0]   │
│ (GlobalAveragePooling2D)      │                           │                 │                            │
├───────────────────────────────┼───────────────────────────┼─────────────────┼────────────────────────────┤
│ block3a_se_reshape (Reshape)  │ (None, 1, 1, 144)         │               0 │ block3a_se_squeeze[0][0]   │
├───────────────────────────────┼───────────────────────────┼─────────────────┼────────────────────────────┤
│ block3a_se_reduce (Conv2D)    │ (None, 1, 1, 6)           │             870 │ block3a_se_reshape[0][0]   │
├───────────────────────────────┼───────────────────────────┼─────────────────┼────────────────────────────┤
│ block3a_se_expand (Conv2D)    │ (None, 1, 1, 144)         │           1,008 │ block3a_se_reduce[0][0]    │
├───────────────────────────────┼───────────────────────────┼─────────────────┼────────────────────────────┤
│ block3a_se_excite (Multiply)  │ (None, 28, 28, 144)       │               0 │ block3a_activation[0][0],  │
│                               │                           │                 │ block3a_se_expand[0][0]    │
├───────────────────────────────┼───────────────────────────┼─────────────────┼────────────────────────────┤
│ block3a_project_conv (Conv2D) │ (None, 28, 28, 40)        │           5,760 │ block3a_se_excite[0][0]    │
├───────────────────────────────┼───────────────────────────┼─────────────────┼────────────────────────────┤
│ block3a_project_bn            │ (None, 28, 28, 40)        │             160 │ block3a_project_conv[0][0] │
│ (BatchNormalization)          │                           │                 │                            │
├───────────────────────────────┼───────────────────────────┼─────────────────┼────────────────────────────┤
│ block3b_expand_conv (Conv2D)  │ (None, 28, 28, 240)       │           9,600 │ block3a_project_bn[0][0]   │
├───────────────────────────────┼───────────────────────────┼─────────────────┼────────────────────────────┤
│ block3b_expand_bn             │ (None, 28, 28, 240)       │             960 │ block3b_expand_conv[0][0]  │
│ (BatchNormalization)          │                           │                 │                            │
├───────────────────────────────┼───────────────────────────┼─────────────────┼────────────────────────────┤
│ block3b_expand_activation     │ (None, 28, 28, 240)       │               0 │ block3b_expand_bn[0][0]    │
│ (Activation)                  │                           │                 │                            │
├───────────────────────────────┼───────────────────────────┼─────────────────┼────────────────────────────┤
│ block3b_dwconv                │ (None, 28, 28, 240)       │           6,000 │ block3b_expand_activation… │
│ (DepthwiseConv2D)             │                           │                 │                            │
├───────────────────────────────┼───────────────────────────┼─────────────────┼────────────────────────────┤
│ block3b_bn                    │ (None, 28, 28, 240)       │             960 │ block3b_dwconv[0][0]       │
│ (BatchNormalization)          │                           │                 │                            │
├───────────────────────────────┼───────────────────────────┼─────────────────┼────────────────────────────┤
│ block3b_activation            │ (None, 28, 28, 240)       │               0 │ block3b_bn[0][0]           │
│ (Activation)                  │                           │                 │                            │
├───────────────────────────────┼───────────────────────────┼─────────────────┼────────────────────────────┤
│ block3b_se_squeeze            │ (None, 240)               │               0 │ block3b_activation[0][0]   │
│ (GlobalAveragePooling2D)      │                           │                 │                            │
├───────────────────────────────┼───────────────────────────┼─────────────────┼────────────────────────────┤
│ block3b_se_reshape (Reshape)  │ (None, 1, 1, 240)         │               0 │ block3b_se_squeeze[0][0]   │
├───────────────────────────────┼───────────────────────────┼─────────────────┼────────────────────────────┤
│ block3b_se_reduce (Conv2D)    │ (None, 1, 1, 10)          │           2,410 │ block3b_se_reshape[0][0]   │
├───────────────────────────────┼───────────────────────────┼─────────────────┼────────────────────────────┤
│ block3b_se_expand (Conv2D)    │ (None, 1, 1, 240)         │           2,640 │ block3b_se_reduce[0][0]    │
├───────────────────────────────┼───────────────────────────┼─────────────────┼────────────────────────────┤
│ block3b_se_excite (Multiply)  │ (None, 28, 28, 240)       │               0 │ block3b_activation[0][0],  │
│                               │                           │                 │ block3b_se_expand[0][0]    │
├───────────────────────────────┼───────────────────────────┼─────────────────┼────────────────────────────┤
│ block3b_project_conv (Conv2D) │ (None, 28, 28, 40)        │           9,600 │ block3b_se_excite[0][0]    │
├───────────────────────────────┼───────────────────────────┼─────────────────┼────────────────────────────┤
│ block3b_project_bn            │ (None, 28, 28, 40)        │             160 │ block3b_project_conv[0][0] │
│ (BatchNormalization)          │                           │                 │                            │
├───────────────────────────────┼───────────────────────────┼─────────────────┼────────────────────────────┤
│ block3b_drop (Dropout)        │ (None, 28, 28, 40)        │               0 │ block3b_project_bn[0][0]   │
├───────────────────────────────┼───────────────────────────┼─────────────────┼────────────────────────────┤
│ block3b_add (Add)             │ (None, 28, 28, 40)        │               0 │ block3b_drop[0][0],        │
│                               │                           │                 │ block3a_project_bn[0][0]   │
├───────────────────────────────┼───────────────────────────┼─────────────────┼────────────────────────────┤
│ block4a_expand_conv (Conv2D)  │ (None, 28, 28, 240)       │           9,600 │ block3b_add[0][0]          │
├───────────────────────────────┼───────────────────────────┼─────────────────┼────────────────────────────┤
│ block4a_expand_bn             │ (None, 28, 28, 240)       │             960 │ block4a_expand_conv[0][0]  │
│ (BatchNormalization)          │                           │                 │                            │
├───────────────────────────────┼───────────────────────────┼─────────────────┼────────────────────────────┤
│ block4a_expand_activation     │ (None, 28, 28, 240)       │               0 │ block4a_expand_bn[0][0]    │
│ (Activation)                  │                           │                 │                            │
├───────────────────────────────┼───────────────────────────┼─────────────────┼────────────────────────────┤
│ block4a_dwconv_pad            │ (None, 29, 29, 240)       │               0 │ block4a_expand_activation… │
│ (ZeroPadding2D)               │                           │                 │                            │
├───────────────────────────────┼───────────────────────────┼─────────────────┼────────────────────────────┤
│ block4a_dwconv                │ (None, 14, 14, 240)       │           2,160 │ block4a_dwconv_pad[0][0]   │
│ (DepthwiseConv2D)             │                           │                 │                            │
├───────────────────────────────┼───────────────────────────┼─────────────────┼────────────────────────────┤
│ block4a_bn                    │ (None, 14, 14, 240)       │             960 │ block4a_dwconv[0][0]       │
│ (BatchNormalization)          │                           │                 │                            │
├───────────────────────────────┼───────────────────────────┼─────────────────┼────────────────────────────┤
│ block4a_activation            │ (None, 14, 14, 240)       │               0 │ block4a_bn[0][0]           │
│ (Activation)                  │                           │                 │                            │
├───────────────────────────────┼───────────────────────────┼─────────────────┼────────────────────────────┤
│ block4a_se_squeeze            │ (None, 240)               │               0 │ block4a_activation[0][0]   │
│ (GlobalAveragePooling2D)      │                           │                 │                            │
├───────────────────────────────┼───────────────────────────┼─────────────────┼────────────────────────────┤
│ block4a_se_reshape (Reshape)  │ (None, 1, 1, 240)         │               0 │ block4a_se_squeeze[0][0]   │
├───────────────────────────────┼───────────────────────────┼─────────────────┼────────────────────────────┤
│ block4a_se_reduce (Conv2D)    │ (None, 1, 1, 10)          │           2,410 │ block4a_se_reshape[0][0]   │
├───────────────────────────────┼───────────────────────────┼─────────────────┼────────────────────────────┤
│ block4a_se_expand (Conv2D)    │ (None, 1, 1, 240)         │           2,640 │ block4a_se_reduce[0][0]    │
├───────────────────────────────┼───────────────────────────┼─────────────────┼────────────────────────────┤
│ block4a_se_excite (Multiply)  │ (None, 14, 14, 240)       │               0 │ block4a_activation[0][0],  │
│                               │                           │                 │ block4a_se_expand[0][0]    │
├───────────────────────────────┼───────────────────────────┼─────────────────┼────────────────────────────┤
│ block4a_project_conv (Conv2D) │ (None, 14, 14, 80)        │          19,200 │ block4a_se_excite[0][0]    │
├───────────────────────────────┼───────────────────────────┼─────────────────┼────────────────────────────┤
│ block4a_project_bn            │ (None, 14, 14, 80)        │             320 │ block4a_project_conv[0][0] │
│ (BatchNormalization)          │                           │                 │                            │
├───────────────────────────────┼───────────────────────────┼─────────────────┼────────────────────────────┤
│ block4b_expand_conv (Conv2D)  │ (None, 14, 14, 480)       │          38,400 │ block4a_project_bn[0][0]   │
├───────────────────────────────┼───────────────────────────┼─────────────────┼────────────────────────────┤
│ block4b_expand_bn             │ (None, 14, 14, 480)       │           1,920 │ block4b_expand_conv[0][0]  │
│ (BatchNormalization)          │                           │                 │                            │
├───────────────────────────────┼───────────────────────────┼─────────────────┼────────────────────────────┤
│ block4b_expand_activation     │ (None, 14, 14, 480)       │               0 │ block4b_expand_bn[0][0]    │
│ (Activation)                  │                           │                 │                            │
├───────────────────────────────┼───────────────────────────┼─────────────────┼────────────────────────────┤
│ block4b_dwconv                │ (None, 14, 14, 480)       │           4,320 │ block4b_expand_activation… │
│ (DepthwiseConv2D)             │                           │                 │                            │
├───────────────────────────────┼───────────────────────────┼─────────────────┼────────────────────────────┤
│ block4b_bn                    │ (None, 14, 14, 480)       │           1,920 │ block4b_dwconv[0][0]       │
│ (BatchNormalization)          │                           │                 │                            │
├───────────────────────────────┼───────────────────────────┼─────────────────┼────────────────────────────┤
│ block4b_activation            │ (None, 14, 14, 480)       │               0 │ block4b_bn[0][0]           │
│ (Activation)                  │                           │                 │                            │
├───────────────────────────────┼───────────────────────────┼─────────────────┼────────────────────────────┤
│ block4b_se_squeeze            │ (None, 480)               │               0 │ block4b_activation[0][0]   │
│ (GlobalAveragePooling2D)      │                           │                 │                            │
├───────────────────────────────┼───────────────────────────┼─────────────────┼────────────────────────────┤
│ block4b_se_reshape (Reshape)  │ (None, 1, 1, 480)         │               0 │ block4b_se_squeeze[0][0]   │
├───────────────────────────────┼───────────────────────────┼─────────────────┼────────────────────────────┤
│ block4b_se_reduce (Conv2D)    │ (None, 1, 1, 20)          │           9,620 │ block4b_se_reshape[0][0]   │
├───────────────────────────────┼───────────────────────────┼─────────────────┼────────────────────────────┤
│ block4b_se_expand (Conv2D)    │ (None, 1, 1, 480)         │          10,080 │ block4b_se_reduce[0][0]    │
├───────────────────────────────┼───────────────────────────┼─────────────────┼────────────────────────────┤
│ block4b_se_excite (Multiply)  │ (None, 14, 14, 480)       │               0 │ block4b_activation[0][0],  │
│                               │                           │                 │ block4b_se_expand[0][0]    │
├───────────────────────────────┼───────────────────────────┼─────────────────┼────────────────────────────┤
│ block4b_project_conv (Conv2D) │ (None, 14, 14, 80)        │          38,400 │ block4b_se_excite[0][0]    │
├───────────────────────────────┼───────────────────────────┼─────────────────┼────────────────────────────┤
│ block4b_project_bn            │ (None, 14, 14, 80)        │             320 │ block4b_project_conv[0][0] │
│ (BatchNormalization)          │                           │                 │                            │
├───────────────────────────────┼───────────────────────────┼─────────────────┼────────────────────────────┤
│ block4b_drop (Dropout)        │ (None, 14, 14, 80)        │               0 │ block4b_project_bn[0][0]   │
├───────────────────────────────┼───────────────────────────┼─────────────────┼────────────────────────────┤
│ block4b_add (Add)             │ (None, 14, 14, 80)        │               0 │ block4b_drop[0][0],        │
│                               │                           │                 │ block4a_project_bn[0][0]   │
├───────────────────────────────┼───────────────────────────┼─────────────────┼────────────────────────────┤
│ block4c_expand_conv (Conv2D)  │ (None, 14, 14, 480)       │          38,400 │ block4b_add[0][0]          │
├───────────────────────────────┼───────────────────────────┼─────────────────┼────────────────────────────┤
│ block4c_expand_bn             │ (None, 14, 14, 480)       │           1,920 │ block4c_expand_conv[0][0]  │
│ (BatchNormalization)          │                           │                 │                            │
├───────────────────────────────┼───────────────────────────┼─────────────────┼────────────────────────────┤
│ block4c_expand_activation     │ (None, 14, 14, 480)       │               0 │ block4c_expand_bn[0][0]    │
│ (Activation)                  │                           │                 │                            │
├───────────────────────────────┼───────────────────────────┼─────────────────┼────────────────────────────┤
│ block4c_dwconv                │ (None, 14, 14, 480)       │           4,320 │ block4c_expand_activation… │
│ (DepthwiseConv2D)             │                           │                 │                            │
├───────────────────────────────┼───────────────────────────┼─────────────────┼────────────────────────────┤
│ block4c_bn                    │ (None, 14, 14, 480)       │           1,920 │ block4c_dwconv[0][0]       │
│ (BatchNormalization)          │                           │                 │                            │
├───────────────────────────────┼───────────────────────────┼─────────────────┼────────────────────────────┤
│ block4c_activation            │ (None, 14, 14, 480)       │               0 │ block4c_bn[0][0]           │
│ (Activation)                  │                           │                 │                            │
├───────────────────────────────┼───────────────────────────┼─────────────────┼────────────────────────────┤
│ block4c_se_squeeze            │ (None, 480)               │               0 │ block4c_activation[0][0]   │
│ (GlobalAveragePooling2D)      │                           │                 │                            │
├───────────────────────────────┼───────────────────────────┼─────────────────┼────────────────────────────┤
│ block4c_se_reshape (Reshape)  │ (None, 1, 1, 480)         │               0 │ block4c_se_squeeze[0][0]   │
├───────────────────────────────┼───────────────────────────┼─────────────────┼────────────────────────────┤
│ block4c_se_reduce (Conv2D)    │ (None, 1, 1, 20)          │           9,620 │ block4c_se_reshape[0][0]   │
├───────────────────────────────┼───────────────────────────┼─────────────────┼────────────────────────────┤
│ block4c_se_expand (Conv2D)    │ (None, 1, 1, 480)         │          10,080 │ block4c_se_reduce[0][0]    │
├───────────────────────────────┼───────────────────────────┼─────────────────┼────────────────────────────┤
│ block4c_se_excite (Multiply)  │ (None, 14, 14, 480)       │               0 │ block4c_activation[0][0],  │
│                               │                           │                 │ block4c_se_expand[0][0]    │
├───────────────────────────────┼───────────────────────────┼─────────────────┼────────────────────────────┤
│ block4c_project_conv (Conv2D) │ (None, 14, 14, 80)        │          38,400 │ block4c_se_excite[0][0]    │
├───────────────────────────────┼───────────────────────────┼─────────────────┼────────────────────────────┤
│ block4c_project_bn            │ (None, 14, 14, 80)        │             320 │ block4c_project_conv[0][0] │
│ (BatchNormalization)          │                           │                 │                            │
├───────────────────────────────┼───────────────────────────┼─────────────────┼────────────────────────────┤
│ block4c_drop (Dropout)        │ (None, 14, 14, 80)        │               0 │ block4c_project_bn[0][0]   │
├───────────────────────────────┼───────────────────────────┼─────────────────┼────────────────────────────┤
│ block4c_add (Add)             │ (None, 14, 14, 80)        │               0 │ block4c_drop[0][0],        │
│                               │                           │                 │ block4b_add[0][0]          │
├───────────────────────────────┼───────────────────────────┼─────────────────┼────────────────────────────┤
│ block5a_expand_conv (Conv2D)  │ (None, 14, 14, 480)       │          38,400 │ block4c_add[0][0]          │
├───────────────────────────────┼───────────────────────────┼─────────────────┼────────────────────────────┤
│ block5a_expand_bn             │ (None, 14, 14, 480)       │           1,920 │ block5a_expand_conv[0][0]  │
│ (BatchNormalization)          │                           │                 │                            │
├───────────────────────────────┼───────────────────────────┼─────────────────┼────────────────────────────┤
│ block5a_expand_activation     │ (None, 14, 14, 480)       │               0 │ block5a_expand_bn[0][0]    │
│ (Activation)                  │                           │                 │                            │
├───────────────────────────────┼───────────────────────────┼─────────────────┼────────────────────────────┤
│ block5a_dwconv                │ (None, 14, 14, 480)       │          12,000 │ block5a_expand_activation… │
│ (DepthwiseConv2D)             │                           │                 │                            │
├───────────────────────────────┼───────────────────────────┼─────────────────┼────────────────────────────┤
│ block5a_bn                    │ (None, 14, 14, 480)       │           1,920 │ block5a_dwconv[0][0]       │
│ (BatchNormalization)          │                           │                 │                            │
├───────────────────────────────┼───────────────────────────┼─────────────────┼────────────────────────────┤
│ block5a_activation            │ (None, 14, 14, 480)       │               0 │ block5a_bn[0][0]           │
│ (Activation)                  │                           │                 │                            │
├───────────────────────────────┼───────────────────────────┼─────────────────┼────────────────────────────┤
│ block5a_se_squeeze            │ (None, 480)               │               0 │ block5a_activation[0][0]   │
│ (GlobalAveragePooling2D)      │                           │                 │                            │
├───────────────────────────────┼───────────────────────────┼─────────────────┼────────────────────────────┤
│ block5a_se_reshape (Reshape)  │ (None, 1, 1, 480)         │               0 │ block5a_se_squeeze[0][0]   │
├───────────────────────────────┼───────────────────────────┼─────────────────┼────────────────────────────┤
│ block5a_se_reduce (Conv2D)    │ (None, 1, 1, 20)          │           9,620 │ block5a_se_reshape[0][0]   │
├───────────────────────────────┼───────────────────────────┼─────────────────┼────────────────────────────┤
│ block5a_se_expand (Conv2D)    │ (None, 1, 1, 480)         │          10,080 │ block5a_se_reduce[0][0]    │
├───────────────────────────────┼───────────────────────────┼─────────────────┼────────────────────────────┤
│ block5a_se_excite (Multiply)  │ (None, 14, 14, 480)       │               0 │ block5a_activation[0][0],  │
│                               │                           │                 │ block5a_se_expand[0][0]    │
├───────────────────────────────┼───────────────────────────┼─────────────────┼────────────────────────────┤
│ block5a_project_conv (Conv2D) │ (None, 14, 14, 112)       │          53,760 │ block5a_se_excite[0][0]    │
├───────────────────────────────┼───────────────────────────┼─────────────────┼────────────────────────────┤
│ block5a_project_bn            │ (None, 14, 14, 112)       │             448 │ block5a_project_conv[0][0] │
│ (BatchNormalization)          │                           │                 │                            │
├───────────────────────────────┼───────────────────────────┼─────────────────┼────────────────────────────┤
│ block5b_expand_conv (Conv2D)  │ (None, 14, 14, 672)       │          75,264 │ block5a_project_bn[0][0]   │
├───────────────────────────────┼───────────────────────────┼─────────────────┼────────────────────────────┤
│ block5b_expand_bn             │ (None, 14, 14, 672)       │           2,688 │ block5b_expand_conv[0][0]  │
│ (BatchNormalization)          │                           │                 │                            │
├───────────────────────────────┼───────────────────────────┼─────────────────┼────────────────────────────┤
│ block5b_expand_activation     │ (None, 14, 14, 672)       │               0 │ block5b_expand_bn[0][0]    │
│ (Activation)                  │                           │                 │                            │
├───────────────────────────────┼───────────────────────────┼─────────────────┼────────────────────────────┤
│ block5b_dwconv                │ (None, 14, 14, 672)       │          16,800 │ block5b_expand_activation… │
│ (DepthwiseConv2D)             │                           │                 │                            │
├───────────────────────────────┼───────────────────────────┼─────────────────┼────────────────────────────┤
│ block5b_bn                    │ (None, 14, 14, 672)       │           2,688 │ block5b_dwconv[0][0]       │
│ (BatchNormalization)          │                           │                 │                            │
├───────────────────────────────┼───────────────────────────┼─────────────────┼────────────────────────────┤
│ block5b_activation            │ (None, 14, 14, 672)       │               0 │ block5b_bn[0][0]           │
│ (Activation)                  │                           │                 │                            │
├───────────────────────────────┼───────────────────────────┼─────────────────┼────────────────────────────┤
│ block5b_se_squeeze            │ (None, 672)               │               0 │ block5b_activation[0][0]   │
│ (GlobalAveragePooling2D)      │                           │                 │                            │
├───────────────────────────────┼───────────────────────────┼─────────────────┼────────────────────────────┤
│ block5b_se_reshape (Reshape)  │ (None, 1, 1, 672)         │               0 │ block5b_se_squeeze[0][0]   │
├───────────────────────────────┼───────────────────────────┼─────────────────┼────────────────────────────┤
│ block5b_se_reduce (Conv2D)    │ (None, 1, 1, 28)          │          18,844 │ block5b_se_reshape[0][0]   │
├───────────────────────────────┼───────────────────────────┼─────────────────┼────────────────────────────┤
│ block5b_se_expand (Conv2D)    │ (None, 1, 1, 672)         │          19,488 │ block5b_se_reduce[0][0]    │
├───────────────────────────────┼───────────────────────────┼─────────────────┼────────────────────────────┤
│ block5b_se_excite (Multiply)  │ (None, 14, 14, 672)       │               0 │ block5b_activation[0][0],  │
│                               │                           │                 │ block5b_se_expand[0][0]    │
├───────────────────────────────┼───────────────────────────┼─────────────────┼────────────────────────────┤
│ block5b_project_conv (Conv2D) │ (None, 14, 14, 112)       │          75,264 │ block5b_se_excite[0][0]    │
├───────────────────────────────┼───────────────────────────┼─────────────────┼────────────────────────────┤
│ block5b_project_bn            │ (None, 14, 14, 112)       │             448 │ block5b_project_conv[0][0] │
│ (BatchNormalization)          │                           │                 │                            │
├───────────────────────────────┼───────────────────────────┼─────────────────┼────────────────────────────┤
│ block5b_drop (Dropout)        │ (None, 14, 14, 112)       │               0 │ block5b_project_bn[0][0]   │
├───────────────────────────────┼───────────────────────────┼─────────────────┼────────────────────────────┤
│ block5b_add (Add)             │ (None, 14, 14, 112)       │               0 │ block5b_drop[0][0],        │
│                               │                           │                 │ block5a_project_bn[0][0]   │
├───────────────────────────────┼───────────────────────────┼─────────────────┼────────────────────────────┤
│ block5c_expand_conv (Conv2D)  │ (None, 14, 14, 672)       │          75,264 │ block5b_add[0][0]          │
├───────────────────────────────┼───────────────────────────┼─────────────────┼────────────────────────────┤
│ block5c_expand_bn             │ (None, 14, 14, 672)       │           2,688 │ block5c_expand_conv[0][0]  │
│ (BatchNormalization)          │                           │                 │                            │
├───────────────────────────────┼───────────────────────────┼─────────────────┼────────────────────────────┤
│ block5c_expand_activation     │ (None, 14, 14, 672)       │               0 │ block5c_expand_bn[0][0]    │
│ (Activation)                  │                           │                 │                            │
├───────────────────────────────┼───────────────────────────┼─────────────────┼────────────────────────────┤
│ block5c_dwconv                │ (None, 14, 14, 672)       │          16,800 │ block5c_expand_activation… │
│ (DepthwiseConv2D)             │                           │                 │                            │
├───────────────────────────────┼───────────────────────────┼─────────────────┼────────────────────────────┤
│ block5c_bn                    │ (None, 14, 14, 672)       │           2,688 │ block5c_dwconv[0][0]       │
│ (BatchNormalization)          │                           │                 │                            │
├───────────────────────────────┼───────────────────────────┼─────────────────┼────────────────────────────┤
│ block5c_activation            │ (None, 14, 14, 672)       │               0 │ block5c_bn[0][0]           │
│ (Activation)                  │                           │                 │                            │
├───────────────────────────────┼───────────────────────────┼─────────────────┼────────────────────────────┤
│ block5c_se_squeeze            │ (None, 672)               │               0 │ block5c_activation[0][0]   │
│ (GlobalAveragePooling2D)      │                           │                 │                            │
├───────────────────────────────┼───────────────────────────┼─────────────────┼────────────────────────────┤
│ block5c_se_reshape (Reshape)  │ (None, 1, 1, 672)         │               0 │ block5c_se_squeeze[0][0]   │
├───────────────────────────────┼───────────────────────────┼─────────────────┼────────────────────────────┤
│ block5c_se_reduce (Conv2D)    │ (None, 1, 1, 28)          │          18,844 │ block5c_se_reshape[0][0]   │
├───────────────────────────────┼───────────────────────────┼─────────────────┼────────────────────────────┤
│ block5c_se_expand (Conv2D)    │ (None, 1, 1, 672)         │          19,488 │ block5c_se_reduce[0][0]    │
├───────────────────────────────┼───────────────────────────┼─────────────────┼────────────────────────────┤
│ block5c_se_excite (Multiply)  │ (None, 14, 14, 672)       │               0 │ block5c_activation[0][0],  │
│                               │                           │                 │ block5c_se_expand[0][0]    │
├───────────────────────────────┼───────────────────────────┼─────────────────┼────────────────────────────┤
│ block5c_project_conv (Conv2D) │ (None, 14, 14, 112)       │          75,264 │ block5c_se_excite[0][0]    │
├───────────────────────────────┼───────────────────────────┼─────────────────┼────────────────────────────┤
│ block5c_project_bn            │ (None, 14, 14, 112)       │             448 │ block5c_project_conv[0][0] │
│ (BatchNormalization)          │                           │                 │                            │
├───────────────────────────────┼───────────────────────────┼─────────────────┼────────────────────────────┤
│ block5c_drop (Dropout)        │ (None, 14, 14, 112)       │               0 │ block5c_project_bn[0][0]   │
├───────────────────────────────┼───────────────────────────┼─────────────────┼────────────────────────────┤
│ block5c_add (Add)             │ (None, 14, 14, 112)       │               0 │ block5c_drop[0][0],        │
│                               │                           │                 │ block5b_add[0][0]          │
├───────────────────────────────┼───────────────────────────┼─────────────────┼────────────────────────────┤
│ block6a_expand_conv (Conv2D)  │ (None, 14, 14, 672)       │          75,264 │ block5c_add[0][0]          │
├───────────────────────────────┼───────────────────────────┼─────────────────┼────────────────────────────┤
│ block6a_expand_bn             │ (None, 14, 14, 672)       │           2,688 │ block6a_expand_conv[0][0]  │
│ (BatchNormalization)          │                           │                 │                            │
├───────────────────────────────┼───────────────────────────┼─────────────────┼────────────────────────────┤
│ block6a_expand_activation     │ (None, 14, 14, 672)       │               0 │ block6a_expand_bn[0][0]    │
│ (Activation)                  │                           │                 │                            │
├───────────────────────────────┼───────────────────────────┼─────────────────┼────────────────────────────┤
│ block6a_dwconv_pad            │ (None, 17, 17, 672)       │               0 │ block6a_expand_activation… │
│ (ZeroPadding2D)               │                           │                 │                            │
├───────────────────────────────┼───────────────────────────┼─────────────────┼────────────────────────────┤
│ block6a_dwconv                │ (None, 7, 7, 672)         │          16,800 │ block6a_dwconv_pad[0][0]   │
│ (DepthwiseConv2D)             │                           │                 │                            │
├───────────────────────────────┼───────────────────────────┼─────────────────┼────────────────────────────┤
│ block6a_bn                    │ (None, 7, 7, 672)         │           2,688 │ block6a_dwconv[0][0]       │
│ (BatchNormalization)          │                           │                 │                            │
├───────────────────────────────┼───────────────────────────┼─────────────────┼────────────────────────────┤
│ block6a_activation            │ (None, 7, 7, 672)         │               0 │ block6a_bn[0][0]           │
│ (Activation)                  │                           │                 │                            │
├───────────────────────────────┼───────────────────────────┼─────────────────┼────────────────────────────┤
│ block6a_se_squeeze            │ (None, 672)               │               0 │ block6a_activation[0][0]   │
│ (GlobalAveragePooling2D)      │                           │                 │                            │
├───────────────────────────────┼───────────────────────────┼─────────────────┼────────────────────────────┤
│ block6a_se_reshape (Reshape)  │ (None, 1, 1, 672)         │               0 │ block6a_se_squeeze[0][0]   │
├───────────────────────────────┼───────────────────────────┼─────────────────┼────────────────────────────┤
│ block6a_se_reduce (Conv2D)    │ (None, 1, 1, 28)          │          18,844 │ block6a_se_reshape[0][0]   │
├───────────────────────────────┼───────────────────────────┼─────────────────┼────────────────────────────┤
│ block6a_se_expand (Conv2D)    │ (None, 1, 1, 672)         │          19,488 │ block6a_se_reduce[0][0]    │
├───────────────────────────────┼───────────────────────────┼─────────────────┼────────────────────────────┤
│ block6a_se_excite (Multiply)  │ (None, 7, 7, 672)         │               0 │ block6a_activation[0][0],  │
│                               │                           │                 │ block6a_se_expand[0][0]    │
├───────────────────────────────┼───────────────────────────┼─────────────────┼────────────────────────────┤
│ block6a_project_conv (Conv2D) │ (None, 7, 7, 192)         │         129,024 │ block6a_se_excite[0][0]    │
├───────────────────────────────┼───────────────────────────┼─────────────────┼────────────────────────────┤
│ block6a_project_bn            │ (None, 7, 7, 192)         │             768 │ block6a_project_conv[0][0] │
│ (BatchNormalization)          │                           │                 │                            │
├───────────────────────────────┼───────────────────────────┼─────────────────┼────────────────────────────┤
│ block6b_expand_conv (Conv2D)  │ (None, 7, 7, 1152)        │         221,184 │ block6a_project_bn[0][0]   │
├───────────────────────────────┼───────────────────────────┼─────────────────┼────────────────────────────┤
│ block6b_expand_bn             │ (None, 7, 7, 1152)        │           4,608 │ block6b_expand_conv[0][0]  │
│ (BatchNormalization)          │                           │                 │                            │
├───────────────────────────────┼───────────────────────────┼─────────────────┼────────────────────────────┤
│ block6b_expand_activation     │ (None, 7, 7, 1152)        │               0 │ block6b_expand_bn[0][0]    │
│ (Activation)                  │                           │                 │                            │
├───────────────────────────────┼───────────────────────────┼─────────────────┼────────────────────────────┤
│ block6b_dwconv                │ (None, 7, 7, 1152)        │          28,800 │ block6b_expand_activation… │
│ (DepthwiseConv2D)             │                           │                 │                            │
├───────────────────────────────┼───────────────────────────┼─────────────────┼────────────────────────────┤
│ block6b_bn                    │ (None, 7, 7, 1152)        │           4,608 │ block6b_dwconv[0][0]       │
│ (BatchNormalization)          │                           │                 │                            │
├───────────────────────────────┼───────────────────────────┼─────────────────┼────────────────────────────┤
│ block6b_activation            │ (None, 7, 7, 1152)        │               0 │ block6b_bn[0][0]           │
│ (Activation)                  │                           │                 │                            │
├───────────────────────────────┼───────────────────────────┼─────────────────┼────────────────────────────┤
│ block6b_se_squeeze            │ (None, 1152)              │               0 │ block6b_activation[0][0]   │
│ (GlobalAveragePooling2D)      │                           │                 │                            │
├───────────────────────────────┼───────────────────────────┼─────────────────┼────────────────────────────┤
│ block6b_se_reshape (Reshape)  │ (None, 1, 1, 1152)        │               0 │ block6b_se_squeeze[0][0]   │
├───────────────────────────────┼───────────────────────────┼─────────────────┼────────────────────────────┤
│ block6b_se_reduce (Conv2D)    │ (None, 1, 1, 48)          │          55,344 │ block6b_se_reshape[0][0]   │
├───────────────────────────────┼───────────────────────────┼─────────────────┼────────────────────────────┤
│ block6b_se_expand (Conv2D)    │ (None, 1, 1, 1152)        │          56,448 │ block6b_se_reduce[0][0]    │
├───────────────────────────────┼───────────────────────────┼─────────────────┼────────────────────────────┤
│ block6b_se_excite (Multiply)  │ (None, 7, 7, 1152)        │               0 │ block6b_activation[0][0],  │
│                               │                           │                 │ block6b_se_expand[0][0]    │
├───────────────────────────────┼───────────────────────────┼─────────────────┼────────────────────────────┤
│ block6b_project_conv (Conv2D) │ (None, 7, 7, 192)         │         221,184 │ block6b_se_excite[0][0]    │
├───────────────────────────────┼───────────────────────────┼─────────────────┼────────────────────────────┤
│ block6b_project_bn            │ (None, 7, 7, 192)         │             768 │ block6b_project_conv[0][0] │
│ (BatchNormalization)          │                           │                 │                            │
├───────────────────────────────┼───────────────────────────┼─────────────────┼────────────────────────────┤
│ block6b_drop (Dropout)        │ (None, 7, 7, 192)         │               0 │ block6b_project_bn[0][0]   │
├───────────────────────────────┼───────────────────────────┼─────────────────┼────────────────────────────┤
│ block6b_add (Add)             │ (None, 7, 7, 192)         │               0 │ block6b_drop[0][0],        │
│                               │                           │                 │ block6a_project_bn[0][0]   │
├───────────────────────────────┼───────────────────────────┼─────────────────┼────────────────────────────┤
│ block6c_expand_conv (Conv2D)  │ (None, 7, 7, 1152)        │         221,184 │ block6b_add[0][0]          │
├───────────────────────────────┼───────────────────────────┼─────────────────┼────────────────────────────┤
│ block6c_expand_bn             │ (None, 7, 7, 1152)        │           4,608 │ block6c_expand_conv[0][0]  │
│ (BatchNormalization)          │                           │                 │                            │
├───────────────────────────────┼───────────────────────────┼─────────────────┼────────────────────────────┤
│ block6c_expand_activation     │ (None, 7, 7, 1152)        │               0 │ block6c_expand_bn[0][0]    │
│ (Activation)                  │                           │                 │                            │
├───────────────────────────────┼───────────────────────────┼─────────────────┼────────────────────────────┤
│ block6c_dwconv                │ (None, 7, 7, 1152)        │          28,800 │ block6c_expand_activation… │
│ (DepthwiseConv2D)             │                           │                 │                            │
├───────────────────────────────┼───────────────────────────┼─────────────────┼────────────────────────────┤
│ block6c_bn                    │ (None, 7, 7, 1152)        │           4,608 │ block6c_dwconv[0][0]       │
│ (BatchNormalization)          │                           │                 │                            │
├───────────────────────────────┼───────────────────────────┼─────────────────┼────────────────────────────┤
│ block6c_activation            │ (None, 7, 7, 1152)        │               0 │ block6c_bn[0][0]           │
│ (Activation)                  │                           │                 │                            │
├───────────────────────────────┼───────────────────────────┼─────────────────┼────────────────────────────┤
│ block6c_se_squeeze            │ (None, 1152)              │               0 │ block6c_activation[0][0]   │
│ (GlobalAveragePooling2D)      │                           │                 │                            │
├───────────────────────────────┼───────────────────────────┼─────────────────┼────────────────────────────┤
│ block6c_se_reshape (Reshape)  │ (None, 1, 1, 1152)        │               0 │ block6c_se_squeeze[0][0]   │
├───────────────────────────────┼───────────────────────────┼─────────────────┼────────────────────────────┤
│ block6c_se_reduce (Conv2D)    │ (None, 1, 1, 48)          │          55,344 │ block6c_se_reshape[0][0]   │
├───────────────────────────────┼───────────────────────────┼─────────────────┼────────────────────────────┤
│ block6c_se_expand (Conv2D)    │ (None, 1, 1, 1152)        │          56,448 │ block6c_se_reduce[0][0]    │
├───────────────────────────────┼───────────────────────────┼─────────────────┼────────────────────────────┤
│ block6c_se_excite (Multiply)  │ (None, 7, 7, 1152)        │               0 │ block6c_activation[0][0],  │
│                               │                           │                 │ block6c_se_expand[0][0]    │
├───────────────────────────────┼───────────────────────────┼─────────────────┼────────────────────────────┤
│ block6c_project_conv (Conv2D) │ (None, 7, 7, 192)         │         221,184 │ block6c_se_excite[0][0]    │
├───────────────────────────────┼───────────────────────────┼─────────────────┼────────────────────────────┤
│ block6c_project_bn            │ (None, 7, 7, 192)         │             768 │ block6c_project_conv[0][0] │
│ (BatchNormalization)          │                           │                 │                            │
├───────────────────────────────┼───────────────────────────┼─────────────────┼────────────────────────────┤
│ block6c_drop (Dropout)        │ (None, 7, 7, 192)         │               0 │ block6c_project_bn[0][0]   │
├───────────────────────────────┼───────────────────────────┼─────────────────┼────────────────────────────┤
│ block6c_add (Add)             │ (None, 7, 7, 192)         │               0 │ block6c_drop[0][0],        │
│                               │                           │                 │ block6b_add[0][0]          │
├───────────────────────────────┼───────────────────────────┼─────────────────┼────────────────────────────┤
│ block6d_expand_conv (Conv2D)  │ (None, 7, 7, 1152)        │         221,184 │ block6c_add[0][0]          │
├───────────────────────────────┼───────────────────────────┼─────────────────┼────────────────────────────┤
│ block6d_expand_bn             │ (None, 7, 7, 1152)        │           4,608 │ block6d_expand_conv[0][0]  │
│ (BatchNormalization)          │                           │                 │                            │
├───────────────────────────────┼───────────────────────────┼─────────────────┼────────────────────────────┤
│ block6d_expand_activation     │ (None, 7, 7, 1152)        │               0 │ block6d_expand_bn[0][0]    │
│ (Activation)                  │                           │                 │                            │
├───────────────────────────────┼───────────────────────────┼─────────────────┼────────────────────────────┤
│ block6d_dwconv                │ (None, 7, 7, 1152)        │          28,800 │ block6d_expand_activation… │
│ (DepthwiseConv2D)             │                           │                 │                            │
├───────────────────────────────┼───────────────────────────┼─────────────────┼────────────────────────────┤
│ block6d_bn                    │ (None, 7, 7, 1152)        │           4,608 │ block6d_dwconv[0][0]       │
│ (BatchNormalization)          │                           │                 │                            │
├───────────────────────────────┼───────────────────────────┼─────────────────┼────────────────────────────┤
│ block6d_activation            │ (None, 7, 7, 1152)        │               0 │ block6d_bn[0][0]           │
│ (Activation)                  │                           │                 │                            │
├───────────────────────────────┼───────────────────────────┼─────────────────┼────────────────────────────┤
│ block6d_se_squeeze            │ (None, 1152)              │               0 │ block6d_activation[0][0]   │
│ (GlobalAveragePooling2D)      │                           │                 │                            │
├───────────────────────────────┼───────────────────────────┼─────────────────┼────────────────────────────┤
│ block6d_se_reshape (Reshape)  │ (None, 1, 1, 1152)        │               0 │ block6d_se_squeeze[0][0]   │
├───────────────────────────────┼───────────────────────────┼─────────────────┼────────────────────────────┤
│ block6d_se_reduce (Conv2D)    │ (None, 1, 1, 48)          │          55,344 │ block6d_se_reshape[0][0]   │
├───────────────────────────────┼───────────────────────────┼─────────────────┼────────────────────────────┤
│ block6d_se_expand (Conv2D)    │ (None, 1, 1, 1152)        │          56,448 │ block6d_se_reduce[0][0]    │
├───────────────────────────────┼───────────────────────────┼─────────────────┼────────────────────────────┤
│ block6d_se_excite (Multiply)  │ (None, 7, 7, 1152)        │               0 │ block6d_activation[0][0],  │
│                               │                           │                 │ block6d_se_expand[0][0]    │
├───────────────────────────────┼───────────────────────────┼─────────────────┼────────────────────────────┤
│ block6d_project_conv (Conv2D) │ (None, 7, 7, 192)         │         221,184 │ block6d_se_excite[0][0]    │
├───────────────────────────────┼───────────────────────────┼─────────────────┼────────────────────────────┤
│ block6d_project_bn            │ (None, 7, 7, 192)         │             768 │ block6d_project_conv[0][0] │
│ (BatchNormalization)          │                           │                 │                            │
├───────────────────────────────┼───────────────────────────┼─────────────────┼────────────────────────────┤
│ block6d_drop (Dropout)        │ (None, 7, 7, 192)         │               0 │ block6d_project_bn[0][0]   │
├───────────────────────────────┼───────────────────────────┼─────────────────┼────────────────────────────┤
│ block6d_add (Add)             │ (None, 7, 7, 192)         │               0 │ block6d_drop[0][0],        │
│                               │                           │                 │ block6c_add[0][0]          │
├───────────────────────────────┼───────────────────────────┼─────────────────┼────────────────────────────┤
│ block7a_expand_conv (Conv2D)  │ (None, 7, 7, 1152)        │         221,184 │ block6d_add[0][0]          │
├───────────────────────────────┼───────────────────────────┼─────────────────┼────────────────────────────┤
│ block7a_expand_bn             │ (None, 7, 7, 1152)        │           4,608 │ block7a_expand_conv[0][0]  │
│ (BatchNormalization)          │                           │                 │                            │
├───────────────────────────────┼───────────────────────────┼─────────────────┼────────────────────────────┤
│ block7a_expand_activation     │ (None, 7, 7, 1152)        │               0 │ block7a_expand_bn[0][0]    │
│ (Activation)                  │                           │                 │                            │
├───────────────────────────────┼───────────────────────────┼─────────────────┼────────────────────────────┤
│ block7a_dwconv                │ (None, 7, 7, 1152)        │          10,368 │ block7a_expand_activation… │
│ (DepthwiseConv2D)             │                           │                 │                            │
├───────────────────────────────┼───────────────────────────┼─────────────────┼────────────────────────────┤
│ block7a_bn                    │ (None, 7, 7, 1152)        │           4,608 │ block7a_dwconv[0][0]       │
│ (BatchNormalization)          │                           │                 │                            │
├───────────────────────────────┼───────────────────────────┼─────────────────┼────────────────────────────┤
│ block7a_activation            │ (None, 7, 7, 1152)        │               0 │ block7a_bn[0][0]           │
│ (Activation)                  │                           │                 │                            │
├───────────────────────────────┼───────────────────────────┼─────────────────┼────────────────────────────┤
│ block7a_se_squeeze            │ (None, 1152)              │               0 │ block7a_activation[0][0]   │
│ (GlobalAveragePooling2D)      │                           │                 │                            │
├───────────────────────────────┼───────────────────────────┼─────────────────┼────────────────────────────┤
│ block7a_se_reshape (Reshape)  │ (None, 1, 1, 1152)        │               0 │ block7a_se_squeeze[0][0]   │
├───────────────────────────────┼───────────────────────────┼─────────────────┼────────────────────────────┤
│ block7a_se_reduce (Conv2D)    │ (None, 1, 1, 48)          │          55,344 │ block7a_se_reshape[0][0]   │
├───────────────────────────────┼───────────────────────────┼─────────────────┼────────────────────────────┤
│ block7a_se_expand (Conv2D)    │ (None, 1, 1, 1152)        │          56,448 │ block7a_se_reduce[0][0]    │
├───────────────────────────────┼───────────────────────────┼─────────────────┼────────────────────────────┤
│ block7a_se_excite (Multiply)  │ (None, 7, 7, 1152)        │               0 │ block7a_activation[0][0],  │
│                               │                           │                 │ block7a_se_expand[0][0]    │
├───────────────────────────────┼───────────────────────────┼─────────────────┼────────────────────────────┤
│ block7a_project_conv (Conv2D) │ (None, 7, 7, 320)         │         368,640 │ block7a_se_excite[0][0]    │
├───────────────────────────────┼───────────────────────────┼─────────────────┼────────────────────────────┤
│ block7a_project_bn            │ (None, 7, 7, 320)         │           1,280 │ block7a_project_conv[0][0] │
│ (BatchNormalization)          │                           │                 │                            │
├───────────────────────────────┼───────────────────────────┼─────────────────┼────────────────────────────┤
│ top_conv (Conv2D)             │ (None, 7, 7, 1280)        │         409,600 │ block7a_project_bn[0][0]   │
├───────────────────────────────┼───────────────────────────┼─────────────────┼────────────────────────────┤
│ top_bn (BatchNormalization)   │ (None, 7, 7, 1280)        │           5,120 │ top_conv[0][0]             │
├───────────────────────────────┼───────────────────────────┼─────────────────┼────────────────────────────┤
│ top_activation (Activation)   │ (None, 7, 7, 1280)        │               0 │ top_bn[0][0]               │
├───────────────────────────────┼───────────────────────────┼─────────────────┼────────────────────────────┤
│ gap (GlobalAveragePooling2D)  │ (None, 1280)              │               0 │ top_activation[0][0]       │
├───────────────────────────────┼───────────────────────────┼─────────────────┼────────────────────────────┤
│ batch_normalization           │ (None, 1280)              │           5,120 │ gap[0][0]                  │
│ (BatchNormalization)          │                           │                 │                            │
├───────────────────────────────┼───────────────────────────┼─────────────────┼────────────────────────────┤
│ dropout (Dropout)             │ (None, 1280)              │               0 │ batch_normalization[0][0]  │
├───────────────────────────────┼───────────────────────────┼─────────────────┼────────────────────────────┤
│ output (Dense)                │ (None, 1)                 │           1,281 │ dropout[0][0]              │
└───────────────────────────────┴───────────────────────────┴─────────────────┴────────────────────────────┘
 Total params: 4,055,972 (15.47 MB)
 Trainable params: 3,841 (15.00 KB)
 Non-trainable params: 4,052,131 (15.46 MB)

2026-07-01 18:09:47 [INFO] ━━━━━━━━━━━━━━━━━━━━━━━━━━━━━━━━━━━━━━━━━━━━━━━━━━━━━━━━━━━━
2026-07-01 18:09:47 [INFO] STAGE 4 — Phase 1: Feature Extraction (backbone frozen)
2026-07-01 18:09:47 [INFO] ━━━━━━━━━━━━━━━━━━━━━━━━━━━━━━━━━━━━━━━━━━━━━━━━━━━━━━━━━━━━
2026-07-01 18:09:47 [INFO] Epochs planned : 2
2026-07-01 18:09:47 [INFO] Learning rate  : 1.00e-03
2026-07-01 18:09:47 [INFO] Per-epoch weights → checkpoints/epoch_weights/phase1/
2026-07-01 18:09:47 [INFO]   ── Epoch 1 starting...
2026-07-01 18:10:02 [INFO]   epoch=1  accuracy=0.4000  auc=0.4073  loss=0.9270  precision=0.3684  recall=0.3684  val_accuracy=0.5000  val_auc=0.6250  val_loss=0.6803  val_precision=0.5000  val_recall=0.5000  learning_rate=0.0010
2026-07-01 18:10:02 [INFO]   ── Epoch 2 starting...
2026-07-01 18:10:06 [INFO]   epoch=2  accuracy=0.4000  auc=0.4511  loss=0.9180  precision=0.4118  recall=0.3333  val_accuracy=0.4500  val_auc=0.4896  val_loss=0.6877  val_precision=0.5333  val_recall=0.6667  learning_rate=0.0010
2026-07-01 18:10:06 [INFO] Phase 1 done in 0.3 min  (2 epochs)
2026-07-01 18:10:06 [INFO] Best val_auc      : 0.6250
2026-07-01 18:10:06 [INFO] Best val_accuracy : 0.5000
2026-07-01 18:10:06 [INFO] ✔ CHECKPOINT [phase1_training] — 2 epochs, best val_auc=0.6250
2026-07-01 18:10:06 [INFO] ━━━━━━━━━━━━━━━━━━━━━━━━━━━━━━━━━━━━━━━━━━━━━━━━━━━━━━━━━━━━
2026-07-01 18:10:06 [INFO] STAGE 5 — Enabling fine-tuning (unfreezing top backbone layers)
2026-07-01 18:10:06 [INFO] ━━━━━━━━━━━━━━━━━━━━━━━━━━━━━━━━━━━━━━━━━━━━━━━━━━━━━━━━━━━━
2026-07-01 18:10:06 [INFO] Backbone layers   : 238
2026-07-01 18:10:06 [INFO] Frozen up to      : layer 100
2026-07-01 18:10:06 [INFO] Trainable layers : 138 backbone + head
2026-07-01 18:10:06 [INFO] ✔ CHECKPOINT [fine_tune_enabled] — unfrozen 138/238 backbone layers
2026-07-01 18:10:06 [INFO] Compiling model — lr=1.00e-05  phase=phase2
2026-07-01 18:10:07 [INFO] ✔ CHECKPOINT [compile_phase2] — lr=1.00e-05
2026-07-01 18:10:07 [INFO] ━━━━━━━━━━━━━━━━━━━━━━━━━━━━━━━━━━━━━━━━━━━━━━━━━━━━━━━━━━━━
2026-07-01 18:10:07 [INFO] STAGE 6 — Phase 2: Fine-Tuning
2026-07-01 18:10:07 [INFO] ━━━━━━━━━━━━━━━━━━━━━━━━━━━━━━━━━━━━━━━━━━━━━━━━━━━━━━━━━━━━
2026-07-01 18:10:07 [INFO] Epochs planned : 1
2026-07-01 18:10:07 [INFO] Learning rate  : 1.00e-05
2026-07-01 18:10:07 [INFO] Per-epoch weights → checkpoints/epoch_weights/phase2/
2026-07-01 18:10:07 [INFO]   ── Epoch 1 starting...
2026-07-01 18:10:33 [INFO]   epoch=1  accuracy=0.4250  auc=0.4737  loss=1.0350  precision=0.4286  recall=0.4500  val_accuracy=0.6500  val_auc=0.7100  val_loss=0.6715  val_precision=0.6364  val_recall=0.7000  learning_rate=0.0000
2026-07-01 18:10:33 [INFO] Phase 2 done in 0.4 min  (1 epochs)
2026-07-01 18:10:33 [INFO] Best val_auc      : 0.7100
2026-07-01 18:10:33 [INFO] Best val_accuracy : 0.6500
2026-07-01 18:10:33 [INFO] ✔ CHECKPOINT [phase2_training] — 1 epochs, best val_auc=0.7100
2026-07-01 18:10:33 [INFO] ━━━━━━━━━━━━━━━━━━━━━━━━━━━━━━━━━━━━━━━━━━━━━━━━━━━━━━━━━━━━
2026-07-01 18:10:33 [INFO] STAGE 7 — Training curves
2026-07-01 18:10:33 [INFO] ━━━━━━━━━━━━━━━━━━━━━━━━━━━━━━━━━━━━━━━━━━━━━━━━━━━━━━━━━━━━
2026-07-01 18:10:34 [INFO] Saved checkpoints/training_curves.png
2026-07-01 18:10:34 [INFO] ✔ CHECKPOINT [plots_saved] — checkpoints/training_curves.png
2026-07-01 18:10:34 [INFO] ━━━━━━━━━━━━━━━━━━━━━━━━━━━━━━━━━━━━━━━━━━━━━━━━━━━━━━━━━━━━
2026-07-01 18:10:34 [INFO] STAGE 8 — Test-set evaluation
2026-07-01 18:10:34 [INFO] ━━━━━━━━━━━━━━━━━━━━━━━━━━━━━━━━━━━━━━━━━━━━━━━━━━━━━━━━━━━━
2026-07-01 18:10:35 [INFO]           loss : 0.6910
2026-07-01 18:10:35 [INFO]       accuracy : 0.5000
2026-07-01 18:10:35 [INFO]            auc : 0.5050
2026-07-01 18:10:35 [INFO]      precision : 0.5000
2026-07-01 18:10:35 [INFO]         recall : 0.6000
2026-07-01 18:10:39 [INFO] 
              precision    recall  f1-score   support

         Cat       0.42      0.50      0.45        10
         Dog       0.38      0.30      0.33        10

    accuracy                           0.40        20
   macro avg       0.40      0.40      0.39        20
weighted avg       0.40      0.40      0.39        20

2026-07-01 18:10:39 [INFO] Saved checkpoints/confusion_matrix.png
2026-07-01 18:10:39 [INFO] ✔ CHECKPOINT [evaluation] — test_accuracy=0.5000
2026-07-01 18:10:39 [INFO] ━━━━━━━━━━━━━━━━━━━━━━━━━━━━━━━━━━━━━━━━━━━━━━━━━━━━━━━━━━━━
2026-07-01 18:10:39 [INFO] STAGE 9 — Sample predictions grid
2026-07-01 18:10:39 [INFO] ━━━━━━━━━━━━━━━━━━━━━━━━━━━━━━━━━━━━━━━━━━━━━━━━━━━━━━━━━━━━
2026-07-01 18:10:41 [INFO] Saved checkpoints/sample_predictions.png
2026-07-01 18:10:41 [INFO] ✔ CHECKPOINT [predictions_saved] — checkpoints/sample_predictions.png
2026-07-01 18:10:41 [INFO] ════════════════════════════════════════════════════════════
2026-07-01 18:10:41 [INFO]   ALL STAGES COMPLETE
2026-07-01 18:10:41 [INFO]   Finished: 2026-07-01 18:10:41
2026-07-01 18:10:41 [INFO]   Artefacts in checkpoints/
2026-07-01 18:10:41 [INFO]     best_model.keras
2026-07-01 18:10:41 [INFO]     epoch_weights/phase1/   (per-epoch weight snapshots)
2026-07-01 18:10:41 [INFO]     epoch_weights/phase2/   (per-epoch weight snapshots)
2026-07-01 18:10:41 [INFO]     phase1_metrics.csv  phase2_metrics.csv
2026-07-01 18:10:41 [INFO]     training_curves.png   confusion_matrix.png
2026-07-01 18:10:41 [INFO]     classification_report.txt
2026-07-01 18:10:41 [INFO]     run.log  completed_stages.json
2026-07-01 18:10:41 [INFO] ════════════════════════════════════════════════════════════
2026-07-02 00:06:19 [INFO] ════════════════════════════════════════════════════════════
2026-07-02 00:06:19 [INFO]   Cats vs Dogs — EfficientNetB0 Transfer Learning
2026-07-02 00:06:19 [INFO]   Mode: FULL TRAINING
2026-07-02 00:06:19 [INFO]   Started: 2026-07-02 00:06:19
2026-07-02 00:06:19 [INFO] ════════════════════════════════════════════════════════════
2026-07-02 00:06:19 [INFO] ━━━━━━━━━━━━━━━━━━━━━━━━━━━━━━━━━━━━━━━━━━━━━━━━━━━━━━━━━━━━
2026-07-02 00:06:19 [INFO] STAGE 1 — Environment check
2026-07-02 00:06:19 [INFO] ━━━━━━━━━━━━━━━━━━━━━━━━━━━━━━━━━━━━━━━━━━━━━━━━━━━━━━━━━━━━
2026-07-02 00:06:19 [INFO] Python       : 3.11.15 (main, Mar 11 2026, 17:20:07) [GCC 14.3.0]
2026-07-02 00:06:19 [INFO] TensorFlow   : 2.21.0
2026-07-02 00:06:36 [INFO] GPUs visible : 1
2026-07-02 00:06:36 [INFO]   PhysicalDevice(name='/physical_device:GPU:0', device_type='GPU')
2026-07-02 00:06:36 [INFO]   Memory growth enabled on /physical_device:GPU:0
2026-07-02 00:06:36 [INFO] Working dir  : /mnt/appbio_a/groups/Year_4/NChasan/DMining_project
2026-07-02 00:06:36 [INFO] Data dir     : /mnt/appbio_a/groups/Year_4/NChasan/DMining_project/PetImages
2026-07-02 00:06:36 [INFO] ✔ CHECKPOINT [env_check] — TF 2.21.0, 1 GPU(s)
2026-07-02 00:06:36 [INFO] ━━━━━━━━━━━━━━━━━━━━━━━━━━━━━━━━━━━━━━━━━━━━━━━━━━━━━━━━━━━━
2026-07-02 00:06:36 [INFO] STAGE 2 — Data loading & pipeline
2026-07-02 00:06:36 [INFO] ━━━━━━━━━━━━━━━━━━━━━━━━━━━━━━━━━━━━━━━━━━━━━━━━━━━━━━━━━━━━
2026-07-02 00:06:36 [INFO] Reading images from: PetImages
2026-07-02 00:06:51 [INFO] Directory scan done in 14.3s
2026-07-02 00:06:51 [INFO] Total images : 24998
2026-07-02 00:06:51 [INFO] Train        : 17500
2026-07-02 00:06:51 [INFO] Val          : 3749
2026-07-02 00:06:51 [INFO] Test         : 3749
2026-07-02 00:06:51 [INFO] Building augmentation pipeline...
2026-07-02 00:06:51 [INFO] Train batches : 547
2026-07-02 00:06:51 [INFO] Val   batches : 118
2026-07-02 00:06:51 [INFO] Test  batches : 118
2026-07-02 00:06:51 [INFO] Pulling one batch to verify pipeline...
2026-07-02 00:06:52 [INFO]   Batch shape  : images=(32, 224, 224, 3)  labels=(32, 1)
2026-07-02 00:06:52 [INFO]   Pixel range  : [0.0, 255.0]
2026-07-02 00:06:52 [INFO]   Label dtype  : <dtype: 'float32'>
2026-07-02 00:06:52 [INFO] ✔ CHECKPOINT [data_pipeline] — 17500 train / 3749 val / 3749 test images
2026-07-02 00:06:52 [INFO] ━━━━━━━━━━━━━━━━━━━━━━━━━━━━━━━━━━━━━━━━━━━━━━━━━━━━━━━━━━━━
2026-07-02 00:06:52 [INFO] STAGE 3 — Model construction (EfficientNetB0 backbone)
2026-07-02 00:06:52 [INFO] ━━━━━━━━━━━━━━━━━━━━━━━━━━━━━━━━━━━━━━━━━━━━━━━━━━━━━━━━━━━━
2026-07-02 00:06:52 [INFO] Loading EfficientNetB0 with ImageNet weights...
2026-07-02 00:06:55 [INFO] Backbone loaded in 2.9s
2026-07-02 00:06:55 [INFO] Total params     : 4,055,972
2026-07-02 00:06:55 [INFO] Trainable params : 3,841
2026-07-02 00:06:55 [INFO] Frozen params    : 4,052,151.0
2026-07-02 00:06:55 [INFO] Model diagram saved to checkpoints/model_architecture.png
2026-07-02 00:06:55 [INFO] ✔ CHECKPOINT [model_built] — 4,055,972 total params
2026-07-02 00:06:55 [INFO] Compiling model — lr=1.00e-03  phase=phase1
2026-07-02 00:06:55 [INFO] ✔ CHECKPOINT [compile_phase1] — lr=1.00e-03
2026-07-02 00:06:55 [INFO] Model: "CatsVsDogs_EfficientNetB0"
┏━━━━━━━━━━━━━━━━━━━━━┳━━━━━━━━━━━━━━━━━━━┳━━━━━━━━━━━━┳━━━━━━━━━━━━━━━━━━━┓
┃ Layer (type)        ┃ Output Shape      ┃    Param # ┃ Connected to      ┃
┡━━━━━━━━━━━━━━━━━━━━━╇━━━━━━━━━━━━━━━━━━━╇━━━━━━━━━━━━╇━━━━━━━━━━━━━━━━━━━┩
│ input_image         │ (None, 224, 224,  │          0 │ -                 │
│ (InputLayer)        │ 3)                │            │                   │
├─────────────────────┼───────────────────┼────────────┼───────────────────┤
│ rescaling           │ (None, 224, 224,  │          0 │ input_image[0][0] │
│ (Rescaling)         │ 3)                │            │                   │
├─────────────────────┼───────────────────┼────────────┼───────────────────┤
│ normalization       │ (None, 224, 224,  │          7 │ rescaling[0][0]   │
│ (Normalization)     │ 3)                │            │                   │
├─────────────────────┼───────────────────┼────────────┼───────────────────┤
│ rescaling_1         │ (None, 224, 224,  │          0 │ normalization[0]… │
│ (Rescaling)         │ 3)                │            │                   │
├─────────────────────┼───────────────────┼────────────┼───────────────────┤
│ stem_conv_pad       │ (None, 225, 225,  │          0 │ rescaling_1[0][0] │
│ (ZeroPadding2D)     │ 3)                │            │                   │
├─────────────────────┼───────────────────┼────────────┼───────────────────┤
│ stem_conv (Conv2D)  │ (None, 112, 112,  │        864 │ stem_conv_pad[0]… │
│                     │ 32)               │            │                   │
├─────────────────────┼───────────────────┼────────────┼───────────────────┤
│ stem_bn             │ (None, 112, 112,  │        128 │ stem_conv[0][0]   │
│ (BatchNormalizatio… │ 32)               │            │                   │
├─────────────────────┼───────────────────┼────────────┼───────────────────┤
│ stem_activation     │ (None, 112, 112,  │          0 │ stem_bn[0][0]     │
│ (Activation)        │ 32)               │            │                   │
├─────────────────────┼───────────────────┼────────────┼───────────────────┤
│ block1a_dwconv      │ (None, 112, 112,  │        288 │ stem_activation[… │
│ (DepthwiseConv2D)   │ 32)               │            │                   │
├─────────────────────┼───────────────────┼────────────┼───────────────────┤
│ block1a_bn          │ (None, 112, 112,  │        128 │ block1a_dwconv[0… │
│ (BatchNormalizatio… │ 32)               │            │                   │
├─────────────────────┼───────────────────┼────────────┼───────────────────┤
│ block1a_activation  │ (None, 112, 112,  │          0 │ block1a_bn[0][0]  │
│ (Activation)        │ 32)               │            │                   │
├─────────────────────┼───────────────────┼────────────┼───────────────────┤
│ block1a_se_squeeze  │ (None, 32)        │          0 │ block1a_activati… │
│ (GlobalAveragePool… │                   │            │                   │
├─────────────────────┼───────────────────┼────────────┼───────────────────┤
│ block1a_se_reshape  │ (None, 1, 1, 32)  │          0 │ block1a_se_squee… │
│ (Reshape)           │                   │            │                   │
├─────────────────────┼───────────────────┼────────────┼───────────────────┤
│ block1a_se_reduce   │ (None, 1, 1, 8)   │        264 │ block1a_se_resha… │
│ (Conv2D)            │                   │            │                   │
├─────────────────────┼───────────────────┼────────────┼───────────────────┤
│ block1a_se_expand   │ (None, 1, 1, 32)  │        288 │ block1a_se_reduc… │
│ (Conv2D)            │                   │            │                   │
├─────────────────────┼───────────────────┼────────────┼───────────────────┤
│ block1a_se_excite   │ (None, 112, 112,  │          0 │ block1a_activati… │
│ (Multiply)          │ 32)               │            │ block1a_se_expan… │
├─────────────────────┼───────────────────┼────────────┼───────────────────┤
│ block1a_project_co… │ (None, 112, 112,  │        512 │ block1a_se_excit… │
│ (Conv2D)            │ 16)               │            │                   │
├─────────────────────┼───────────────────┼────────────┼───────────────────┤
│ block1a_project_bn  │ (None, 112, 112,  │         64 │ block1a_project_… │
│ (BatchNormalizatio… │ 16)               │            │                   │
├─────────────────────┼───────────────────┼────────────┼───────────────────┤
│ block2a_expand_conv │ (None, 112, 112,  │      1,536 │ block1a_project_… │
│ (Conv2D)            │ 96)               │            │                   │
├─────────────────────┼───────────────────┼────────────┼───────────────────┤
│ block2a_expand_bn   │ (None, 112, 112,  │        384 │ block2a_expand_c… │
│ (BatchNormalizatio… │ 96)               │            │                   │
├─────────────────────┼───────────────────┼────────────┼───────────────────┤
│ block2a_expand_act… │ (None, 112, 112,  │          0 │ block2a_expand_b… │
│ (Activation)        │ 96)               │            │                   │
├─────────────────────┼───────────────────┼────────────┼───────────────────┤
│ block2a_dwconv_pad  │ (None, 113, 113,  │          0 │ block2a_expand_a… │
│ (ZeroPadding2D)     │ 96)               │            │                   │
├─────────────────────┼───────────────────┼────────────┼───────────────────┤
│ block2a_dwconv      │ (None, 56, 56,    │        864 │ block2a_dwconv_p… │
│ (DepthwiseConv2D)   │ 96)               │            │                   │
├─────────────────────┼───────────────────┼────────────┼───────────────────┤
│ block2a_bn          │ (None, 56, 56,    │        384 │ block2a_dwconv[0… │
│ (BatchNormalizatio… │ 96)               │            │                   │
├─────────────────────┼───────────────────┼────────────┼───────────────────┤
│ block2a_activation  │ (None, 56, 56,    │          0 │ block2a_bn[0][0]  │
│ (Activation)        │ 96)               │            │                   │
├─────────────────────┼───────────────────┼────────────┼───────────────────┤
│ block2a_se_squeeze  │ (None, 96)        │          0 │ block2a_activati… │
│ (GlobalAveragePool… │                   │            │                   │
├─────────────────────┼───────────────────┼────────────┼───────────────────┤
│ block2a_se_reshape  │ (None, 1, 1, 96)  │          0 │ block2a_se_squee… │
│ (Reshape)           │                   │            │                   │
├─────────────────────┼───────────────────┼────────────┼───────────────────┤
│ block2a_se_reduce   │ (None, 1, 1, 4)   │        388 │ block2a_se_resha… │
│ (Conv2D)            │                   │            │                   │
├─────────────────────┼───────────────────┼────────────┼───────────────────┤
│ block2a_se_expand   │ (None, 1, 1, 96)  │        480 │ block2a_se_reduc… │
│ (Conv2D)            │                   │            │                   │
├─────────────────────┼───────────────────┼────────────┼───────────────────┤
│ block2a_se_excite   │ (None, 56, 56,    │          0 │ block2a_activati… │
│ (Multiply)          │ 96)               │            │ block2a_se_expan… │
├─────────────────────┼───────────────────┼────────────┼───────────────────┤
│ block2a_project_co… │ (None, 56, 56,    │      2,304 │ block2a_se_excit… │
│ (Conv2D)            │ 24)               │            │                   │
├─────────────────────┼───────────────────┼────────────┼───────────────────┤
│ block2a_project_bn  │ (None, 56, 56,    │         96 │ block2a_project_… │
│ (BatchNormalizatio… │ 24)               │            │                   │
├─────────────────────┼───────────────────┼────────────┼───────────────────┤
│ block2b_expand_conv │ (None, 56, 56,    │      3,456 │ block2a_project_… │
│ (Conv2D)            │ 144)              │            │                   │
├─────────────────────┼───────────────────┼────────────┼───────────────────┤
│ block2b_expand_bn   │ (None, 56, 56,    │        576 │ block2b_expand_c… │
│ (BatchNormalizatio… │ 144)              │            │                   │
├─────────────────────┼───────────────────┼────────────┼───────────────────┤
│ block2b_expand_act… │ (None, 56, 56,    │          0 │ block2b_expand_b… │
│ (Activation)        │ 144)              │            │                   │
├─────────────────────┼───────────────────┼────────────┼───────────────────┤
│ block2b_dwconv      │ (None, 56, 56,    │      1,296 │ block2b_expand_a… │
│ (DepthwiseConv2D)   │ 144)              │            │                   │
├─────────────────────┼───────────────────┼────────────┼───────────────────┤
│ block2b_bn          │ (None, 56, 56,    │        576 │ block2b_dwconv[0… │
│ (BatchNormalizatio… │ 144)              │            │                   │
├─────────────────────┼───────────────────┼────────────┼───────────────────┤
│ block2b_activation  │ (None, 56, 56,    │          0 │ block2b_bn[0][0]  │
│ (Activation)        │ 144)              │            │                   │
├─────────────────────┼───────────────────┼────────────┼───────────────────┤
│ block2b_se_squeeze  │ (None, 144)       │          0 │ block2b_activati… │
│ (GlobalAveragePool… │                   │            │                   │
├─────────────────────┼───────────────────┼────────────┼───────────────────┤
│ block2b_se_reshape  │ (None, 1, 1, 144) │          0 │ block2b_se_squee… │
│ (Reshape)           │                   │            │                   │
├─────────────────────┼───────────────────┼────────────┼───────────────────┤
│ block2b_se_reduce   │ (None, 1, 1, 6)   │        870 │ block2b_se_resha… │
│ (Conv2D)            │                   │            │                   │
├─────────────────────┼───────────────────┼────────────┼───────────────────┤
│ block2b_se_expand   │ (None, 1, 1, 144) │      1,008 │ block2b_se_reduc… │
│ (Conv2D)            │                   │            │                   │
├─────────────────────┼───────────────────┼────────────┼───────────────────┤
│ block2b_se_excite   │ (None, 56, 56,    │          0 │ block2b_activati… │
│ (Multiply)          │ 144)              │            │ block2b_se_expan… │
├─────────────────────┼───────────────────┼────────────┼───────────────────┤
│ block2b_project_co… │ (None, 56, 56,    │      3,456 │ block2b_se_excit… │
│ (Conv2D)            │ 24)               │            │                   │
├─────────────────────┼───────────────────┼────────────┼───────────────────┤
│ block2b_project_bn  │ (None, 56, 56,    │         96 │ block2b_project_… │
│ (BatchNormalizatio… │ 24)               │            │                   │
├─────────────────────┼───────────────────┼────────────┼───────────────────┤
│ block2b_drop        │ (None, 56, 56,    │          0 │ block2b_project_… │
│ (Dropout)           │ 24)               │            │                   │
├─────────────────────┼───────────────────┼────────────┼───────────────────┤
│ block2b_add (Add)   │ (None, 56, 56,    │          0 │ block2b_drop[0][… │
│                     │ 24)               │            │ block2a_project_… │
├─────────────────────┼───────────────────┼────────────┼───────────────────┤
│ block3a_expand_conv │ (None, 56, 56,    │      3,456 │ block2b_add[0][0] │
│ (Conv2D)            │ 144)              │            │                   │
├─────────────────────┼───────────────────┼────────────┼───────────────────┤
│ block3a_expand_bn   │ (None, 56, 56,    │        576 │ block3a_expand_c… │
│ (BatchNormalizatio… │ 144)              │            │                   │
├─────────────────────┼───────────────────┼────────────┼───────────────────┤
│ block3a_expand_act… │ (None, 56, 56,    │          0 │ block3a_expand_b… │
│ (Activation)        │ 144)              │            │                   │
├─────────────────────┼───────────────────┼────────────┼───────────────────┤
│ block3a_dwconv_pad  │ (None, 59, 59,    │          0 │ block3a_expand_a… │
│ (ZeroPadding2D)     │ 144)              │            │                   │
├─────────────────────┼───────────────────┼────────────┼───────────────────┤
│ block3a_dwconv      │ (None, 28, 28,    │      3,600 │ block3a_dwconv_p… │
│ (DepthwiseConv2D)   │ 144)              │            │                   │
├─────────────────────┼───────────────────┼────────────┼───────────────────┤
│ block3a_bn          │ (None, 28, 28,    │        576 │ block3a_dwconv[0… │
│ (BatchNormalizatio… │ 144)              │            │                   │
├─────────────────────┼───────────────────┼────────────┼───────────────────┤
│ block3a_activation  │ (None, 28, 28,    │          0 │ block3a_bn[0][0]  │
│ (Activation)        │ 144)              │            │                   │
├─────────────────────┼───────────────────┼────────────┼───────────────────┤
│ block3a_se_squeeze  │ (None, 144)       │          0 │ block3a_activati… │
│ (GlobalAveragePool… │                   │            │                   │
├─────────────────────┼───────────────────┼────────────┼───────────────────┤
│ block3a_se_reshape  │ (None, 1, 1, 144) │          0 │ block3a_se_squee… │
│ (Reshape)           │                   │            │                   │
├─────────────────────┼───────────────────┼────────────┼───────────────────┤
│ block3a_se_reduce   │ (None, 1, 1, 6)   │        870 │ block3a_se_resha… │
│ (Conv2D)            │                   │            │                   │
├─────────────────────┼───────────────────┼────────────┼───────────────────┤
│ block3a_se_expand   │ (None, 1, 1, 144) │      1,008 │ block3a_se_reduc… │
│ (Conv2D)            │                   │            │                   │
├─────────────────────┼───────────────────┼────────────┼───────────────────┤
│ block3a_se_excite   │ (None, 28, 28,    │          0 │ block3a_activati… │
│ (Multiply)          │ 144)              │            │ block3a_se_expan… │
├─────────────────────┼───────────────────┼────────────┼───────────────────┤
│ block3a_project_co… │ (None, 28, 28,    │      5,760 │ block3a_se_excit… │
│ (Conv2D)            │ 40)               │            │                   │
├─────────────────────┼───────────────────┼────────────┼───────────────────┤
│ block3a_project_bn  │ (None, 28, 28,    │        160 │ block3a_project_… │
│ (BatchNormalizatio… │ 40)               │            │                   │
├─────────────────────┼───────────────────┼────────────┼───────────────────┤
│ block3b_expand_conv │ (None, 28, 28,    │      9,600 │ block3a_project_… │
│ (Conv2D)            │ 240)              │            │                   │
├─────────────────────┼───────────────────┼────────────┼───────────────────┤
│ block3b_expand_bn   │ (None, 28, 28,    │        960 │ block3b_expand_c… │
│ (BatchNormalizatio… │ 240)              │            │                   │
├─────────────────────┼───────────────────┼────────────┼───────────────────┤
│ block3b_expand_act… │ (None, 28, 28,    │          0 │ block3b_expand_b… │
│ (Activation)        │ 240)              │            │                   │
├─────────────────────┼───────────────────┼────────────┼───────────────────┤
│ block3b_dwconv      │ (None, 28, 28,    │      6,000 │ block3b_expand_a… │
│ (DepthwiseConv2D)   │ 240)              │            │                   │
├─────────────────────┼───────────────────┼────────────┼───────────────────┤
│ block3b_bn          │ (None, 28, 28,    │        960 │ block3b_dwconv[0… │
│ (BatchNormalizatio… │ 240)              │            │                   │
├─────────────────────┼───────────────────┼────────────┼───────────────────┤
│ block3b_activation  │ (None, 28, 28,    │          0 │ block3b_bn[0][0]  │
│ (Activation)        │ 240)              │            │                   │
├─────────────────────┼───────────────────┼────────────┼───────────────────┤
│ block3b_se_squeeze  │ (None, 240)       │          0 │ block3b_activati… │
│ (GlobalAveragePool… │                   │            │                   │
├─────────────────────┼───────────────────┼────────────┼───────────────────┤
│ block3b_se_reshape  │ (None, 1, 1, 240) │          0 │ block3b_se_squee… │
│ (Reshape)           │                   │            │                   │
├─────────────────────┼───────────────────┼────────────┼───────────────────┤
│ block3b_se_reduce   │ (None, 1, 1, 10)  │      2,410 │ block3b_se_resha… │
│ (Conv2D)            │                   │            │                   │
├─────────────────────┼───────────────────┼────────────┼───────────────────┤
│ block3b_se_expand   │ (None, 1, 1, 240) │      2,640 │ block3b_se_reduc… │
│ (Conv2D)            │                   │            │                   │
├─────────────────────┼───────────────────┼────────────┼───────────────────┤
│ block3b_se_excite   │ (None, 28, 28,    │          0 │ block3b_activati… │
│ (Multiply)          │ 240)              │            │ block3b_se_expan… │
├─────────────────────┼───────────────────┼────────────┼───────────────────┤
│ block3b_project_co… │ (None, 28, 28,    │      9,600 │ block3b_se_excit… │
│ (Conv2D)            │ 40)               │            │                   │
├─────────────────────┼───────────────────┼────────────┼───────────────────┤
│ block3b_project_bn  │ (None, 28, 28,    │        160 │ block3b_project_… │
│ (BatchNormalizatio… │ 40)               │            │                   │
├─────────────────────┼───────────────────┼────────────┼───────────────────┤
│ block3b_drop        │ (None, 28, 28,    │          0 │ block3b_project_… │
│ (Dropout)           │ 40)               │            │                   │
├─────────────────────┼───────────────────┼────────────┼───────────────────┤
│ block3b_add (Add)   │ (None, 28, 28,    │          0 │ block3b_drop[0][… │
│                     │ 40)               │            │ block3a_project_… │
├─────────────────────┼───────────────────┼────────────┼───────────────────┤
│ block4a_expand_conv │ (None, 28, 28,    │      9,600 │ block3b_add[0][0] │
│ (Conv2D)            │ 240)              │            │                   │
├─────────────────────┼───────────────────┼────────────┼───────────────────┤
│ block4a_expand_bn   │ (None, 28, 28,    │        960 │ block4a_expand_c… │
│ (BatchNormalizatio… │ 240)              │            │                   │
├─────────────────────┼───────────────────┼────────────┼───────────────────┤
│ block4a_expand_act… │ (None, 28, 28,    │          0 │ block4a_expand_b… │
│ (Activation)        │ 240)              │            │                   │
├─────────────────────┼───────────────────┼────────────┼───────────────────┤
│ block4a_dwconv_pad  │ (None, 29, 29,    │          0 │ block4a_expand_a… │
│ (ZeroPadding2D)     │ 240)              │            │                   │
├─────────────────────┼───────────────────┼────────────┼───────────────────┤
│ block4a_dwconv      │ (None, 14, 14,    │      2,160 │ block4a_dwconv_p… │
│ (DepthwiseConv2D)   │ 240)              │            │                   │
├─────────────────────┼───────────────────┼────────────┼───────────────────┤
│ block4a_bn          │ (None, 14, 14,    │        960 │ block4a_dwconv[0… │
│ (BatchNormalizatio… │ 240)              │            │                   │
├─────────────────────┼───────────────────┼────────────┼───────────────────┤
│ block4a_activation  │ (None, 14, 14,    │          0 │ block4a_bn[0][0]  │
│ (Activation)        │ 240)              │            │                   │
├─────────────────────┼───────────────────┼────────────┼───────────────────┤
│ block4a_se_squeeze  │ (None, 240)       │          0 │ block4a_activati… │
│ (GlobalAveragePool… │                   │            │                   │
├─────────────────────┼───────────────────┼────────────┼───────────────────┤
│ block4a_se_reshape  │ (None, 1, 1, 240) │          0 │ block4a_se_squee… │
│ (Reshape)           │                   │            │                   │
├─────────────────────┼───────────────────┼────────────┼───────────────────┤
│ block4a_se_reduce   │ (None, 1, 1, 10)  │      2,410 │ block4a_se_resha… │
│ (Conv2D)            │                   │            │                   │
├─────────────────────┼───────────────────┼────────────┼───────────────────┤
│ block4a_se_expand   │ (None, 1, 1, 240) │      2,640 │ block4a_se_reduc… │
│ (Conv2D)            │                   │            │                   │
├─────────────────────┼───────────────────┼────────────┼───────────────────┤
│ block4a_se_excite   │ (None, 14, 14,    │          0 │ block4a_activati… │
│ (Multiply)          │ 240)              │            │ block4a_se_expan… │
├─────────────────────┼───────────────────┼────────────┼───────────────────┤
│ block4a_project_co… │ (None, 14, 14,    │     19,200 │ block4a_se_excit… │
│ (Conv2D)            │ 80)               │            │                   │
├─────────────────────┼───────────────────┼────────────┼───────────────────┤
│ block4a_project_bn  │ (None, 14, 14,    │        320 │ block4a_project_… │
│ (BatchNormalizatio… │ 80)               │            │                   │
├─────────────────────┼───────────────────┼────────────┼───────────────────┤
│ block4b_expand_conv │ (None, 14, 14,    │     38,400 │ block4a_project_… │
│ (Conv2D)            │ 480)              │            │                   │
├─────────────────────┼───────────────────┼────────────┼───────────────────┤
│ block4b_expand_bn   │ (None, 14, 14,    │      1,920 │ block4b_expand_c… │
│ (BatchNormalizatio… │ 480)              │            │                   │
├─────────────────────┼───────────────────┼────────────┼───────────────────┤
│ block4b_expand_act… │ (None, 14, 14,    │          0 │ block4b_expand_b… │
│ (Activation)        │ 480)              │            │                   │
├─────────────────────┼───────────────────┼────────────┼───────────────────┤
│ block4b_dwconv      │ (None, 14, 14,    │      4,320 │ block4b_expand_a… │
│ (DepthwiseConv2D)   │ 480)              │            │                   │
├─────────────────────┼───────────────────┼────────────┼───────────────────┤
│ block4b_bn          │ (None, 14, 14,    │      1,920 │ block4b_dwconv[0… │
│ (BatchNormalizatio… │ 480)              │            │                   │
├─────────────────────┼───────────────────┼────────────┼───────────────────┤
│ block4b_activation  │ (None, 14, 14,    │          0 │ block4b_bn[0][0]  │
│ (Activation)        │ 480)              │            │                   │
├─────────────────────┼───────────────────┼────────────┼───────────────────┤
│ block4b_se_squeeze  │ (None, 480)       │          0 │ block4b_activati… │
│ (GlobalAveragePool… │                   │            │                   │
├─────────────────────┼───────────────────┼────────────┼───────────────────┤
│ block4b_se_reshape  │ (None, 1, 1, 480) │          0 │ block4b_se_squee… │
│ (Reshape)           │                   │            │                   │
├─────────────────────┼───────────────────┼────────────┼───────────────────┤
│ block4b_se_reduce   │ (None, 1, 1, 20)  │      9,620 │ block4b_se_resha… │
│ (Conv2D)            │                   │            │                   │
├─────────────────────┼───────────────────┼────────────┼───────────────────┤
│ block4b_se_expand   │ (None, 1, 1, 480) │     10,080 │ block4b_se_reduc… │
│ (Conv2D)            │                   │            │                   │
├─────────────────────┼───────────────────┼────────────┼───────────────────┤
│ block4b_se_excite   │ (None, 14, 14,    │          0 │ block4b_activati… │
│ (Multiply)          │ 480)              │            │ block4b_se_expan… │
├─────────────────────┼───────────────────┼────────────┼───────────────────┤
│ block4b_project_co… │ (None, 14, 14,    │     38,400 │ block4b_se_excit… │
│ (Conv2D)            │ 80)               │            │                   │
├─────────────────────┼───────────────────┼────────────┼───────────────────┤
│ block4b_project_bn  │ (None, 14, 14,    │        320 │ block4b_project_… │
│ (BatchNormalizatio… │ 80)               │            │                   │
├─────────────────────┼───────────────────┼────────────┼───────────────────┤
│ block4b_drop        │ (None, 14, 14,    │          0 │ block4b_project_… │
│ (Dropout)           │ 80)               │            │                   │
├─────────────────────┼───────────────────┼────────────┼───────────────────┤
│ block4b_add (Add)   │ (None, 14, 14,    │          0 │ block4b_drop[0][… │
│                     │ 80)               │            │ block4a_project_… │
├─────────────────────┼───────────────────┼────────────┼───────────────────┤
│ block4c_expand_conv │ (None, 14, 14,    │     38,400 │ block4b_add[0][0] │
│ (Conv2D)            │ 480)              │            │                   │
├─────────────────────┼───────────────────┼────────────┼───────────────────┤
│ block4c_expand_bn   │ (None, 14, 14,    │      1,920 │ block4c_expand_c… │
│ (BatchNormalizatio… │ 480)              │            │                   │
├─────────────────────┼───────────────────┼────────────┼───────────────────┤
│ block4c_expand_act… │ (None, 14, 14,    │          0 │ block4c_expand_b… │
│ (Activation)        │ 480)              │            │                   │
├─────────────────────┼───────────────────┼────────────┼───────────────────┤
│ block4c_dwconv      │ (None, 14, 14,    │      4,320 │ block4c_expand_a… │
│ (DepthwiseConv2D)   │ 480)              │            │                   │
├─────────────────────┼───────────────────┼────────────┼───────────────────┤
│ block4c_bn          │ (None, 14, 14,    │      1,920 │ block4c_dwconv[0… │
│ (BatchNormalizatio… │ 480)              │            │                   │
├─────────────────────┼───────────────────┼────────────┼───────────────────┤
│ block4c_activation  │ (None, 14, 14,    │          0 │ block4c_bn[0][0]  │
│ (Activation)        │ 480)              │            │                   │
├─────────────────────┼───────────────────┼────────────┼───────────────────┤
│ block4c_se_squeeze  │ (None, 480)       │          0 │ block4c_activati… │
│ (GlobalAveragePool… │                   │            │                   │
├─────────────────────┼───────────────────┼────────────┼───────────────────┤
│ block4c_se_reshape  │ (None, 1, 1, 480) │          0 │ block4c_se_squee… │
│ (Reshape)           │                   │            │                   │
├─────────────────────┼───────────────────┼────────────┼───────────────────┤
│ block4c_se_reduce   │ (None, 1, 1, 20)  │      9,620 │ block4c_se_resha… │
│ (Conv2D)            │                   │            │                   │
├─────────────────────┼───────────────────┼────────────┼───────────────────┤
│ block4c_se_expand   │ (None, 1, 1, 480) │     10,080 │ block4c_se_reduc… │
│ (Conv2D)            │                   │            │                   │
├─────────────────────┼───────────────────┼────────────┼───────────────────┤
│ block4c_se_excite   │ (None, 14, 14,    │          0 │ block4c_activati… │
│ (Multiply)          │ 480)              │            │ block4c_se_expan… │
├─────────────────────┼───────────────────┼────────────┼───────────────────┤
│ block4c_project_co… │ (None, 14, 14,    │     38,400 │ block4c_se_excit… │
│ (Conv2D)            │ 80)               │            │                   │
├─────────────────────┼───────────────────┼────────────┼───────────────────┤
│ block4c_project_bn  │ (None, 14, 14,    │        320 │ block4c_project_… │
│ (BatchNormalizatio… │ 80)               │            │                   │
├─────────────────────┼───────────────────┼────────────┼───────────────────┤
│ block4c_drop        │ (None, 14, 14,    │          0 │ block4c_project_… │
│ (Dropout)           │ 80)               │            │                   │
├─────────────────────┼───────────────────┼────────────┼───────────────────┤
│ block4c_add (Add)   │ (None, 14, 14,    │          0 │ block4c_drop[0][… │
│                     │ 80)               │            │ block4b_add[0][0] │
├─────────────────────┼───────────────────┼────────────┼───────────────────┤
│ block5a_expand_conv │ (None, 14, 14,    │     38,400 │ block4c_add[0][0] │
│ (Conv2D)            │ 480)              │            │                   │
├─────────────────────┼───────────────────┼────────────┼───────────────────┤
│ block5a_expand_bn   │ (None, 14, 14,    │      1,920 │ block5a_expand_c… │
│ (BatchNormalizatio… │ 480)              │            │                   │
├─────────────────────┼───────────────────┼────────────┼───────────────────┤
│ block5a_expand_act… │ (None, 14, 14,    │          0 │ block5a_expand_b… │
│ (Activation)        │ 480)              │            │                   │
├─────────────────────┼───────────────────┼────────────┼───────────────────┤
│ block5a_dwconv      │ (None, 14, 14,    │     12,000 │ block5a_expand_a… │
│ (DepthwiseConv2D)   │ 480)              │            │                   │
├─────────────────────┼───────────────────┼────────────┼───────────────────┤
│ block5a_bn          │ (None, 14, 14,    │      1,920 │ block5a_dwconv[0… │
│ (BatchNormalizatio… │ 480)              │            │                   │
├─────────────────────┼───────────────────┼────────────┼───────────────────┤
│ block5a_activation  │ (None, 14, 14,    │          0 │ block5a_bn[0][0]  │
│ (Activation)        │ 480)              │            │                   │
├─────────────────────┼───────────────────┼────────────┼───────────────────┤
│ block5a_se_squeeze  │ (None, 480)       │          0 │ block5a_activati… │
│ (GlobalAveragePool… │                   │            │                   │
├─────────────────────┼───────────────────┼────────────┼───────────────────┤
│ block5a_se_reshape  │ (None, 1, 1, 480) │          0 │ block5a_se_squee… │
│ (Reshape)           │                   │            │                   │
├─────────────────────┼───────────────────┼────────────┼───────────────────┤
│ block5a_se_reduce   │ (None, 1, 1, 20)  │      9,620 │ block5a_se_resha… │
│ (Conv2D)            │                   │            │                   │
├─────────────────────┼───────────────────┼────────────┼───────────────────┤
│ block5a_se_expand   │ (None, 1, 1, 480) │     10,080 │ block5a_se_reduc… │
│ (Conv2D)            │                   │            │                   │
├─────────────────────┼───────────────────┼────────────┼───────────────────┤
│ block5a_se_excite   │ (None, 14, 14,    │          0 │ block5a_activati… │
│ (Multiply)          │ 480)              │            │ block5a_se_expan… │
├─────────────────────┼───────────────────┼────────────┼───────────────────┤
│ block5a_project_co… │ (None, 14, 14,    │     53,760 │ block5a_se_excit… │
│ (Conv2D)            │ 112)              │            │                   │
├─────────────────────┼───────────────────┼────────────┼───────────────────┤
│ block5a_project_bn  │ (None, 14, 14,    │        448 │ block5a_project_… │
│ (BatchNormalizatio… │ 112)              │            │                   │
├─────────────────────┼───────────────────┼────────────┼───────────────────┤
│ block5b_expand_conv │ (None, 14, 14,    │     75,264 │ block5a_project_… │
│ (Conv2D)            │ 672)              │            │                   │
├─────────────────────┼───────────────────┼────────────┼───────────────────┤
│ block5b_expand_bn   │ (None, 14, 14,    │      2,688 │ block5b_expand_c… │
│ (BatchNormalizatio… │ 672)              │            │                   │
├─────────────────────┼───────────────────┼────────────┼───────────────────┤
│ block5b_expand_act… │ (None, 14, 14,    │          0 │ block5b_expand_b… │
│ (Activation)        │ 672)              │            │                   │
├─────────────────────┼───────────────────┼────────────┼───────────────────┤
│ block5b_dwconv      │ (None, 14, 14,    │     16,800 │ block5b_expand_a… │
│ (DepthwiseConv2D)   │ 672)              │            │                   │
├─────────────────────┼───────────────────┼────────────┼───────────────────┤
│ block5b_bn          │ (None, 14, 14,    │      2,688 │ block5b_dwconv[0… │
│ (BatchNormalizatio… │ 672)              │            │                   │
├─────────────────────┼───────────────────┼────────────┼───────────────────┤
│ block5b_activation  │ (None, 14, 14,    │          0 │ block5b_bn[0][0]  │
│ (Activation)        │ 672)              │            │                   │
├─────────────────────┼───────────────────┼────────────┼───────────────────┤
│ block5b_se_squeeze  │ (None, 672)       │          0 │ block5b_activati… │
│ (GlobalAveragePool… │                   │            │                   │
├─────────────────────┼───────────────────┼────────────┼───────────────────┤
│ block5b_se_reshape  │ (None, 1, 1, 672) │          0 │ block5b_se_squee… │
│ (Reshape)           │                   │            │                   │
├─────────────────────┼───────────────────┼────────────┼───────────────────┤
│ block5b_se_reduce   │ (None, 1, 1, 28)  │     18,844 │ block5b_se_resha… │
│ (Conv2D)            │                   │            │                   │
├─────────────────────┼───────────────────┼────────────┼───────────────────┤
│ block5b_se_expand   │ (None, 1, 1, 672) │     19,488 │ block5b_se_reduc… │
│ (Conv2D)            │                   │            │                   │
├─────────────────────┼───────────────────┼────────────┼───────────────────┤
│ block5b_se_excite   │ (None, 14, 14,    │          0 │ block5b_activati… │
│ (Multiply)          │ 672)              │            │ block5b_se_expan… │
├─────────────────────┼───────────────────┼────────────┼───────────────────┤
│ block5b_project_co… │ (None, 14, 14,    │     75,264 │ block5b_se_excit… │
│ (Conv2D)            │ 112)              │            │                   │
├─────────────────────┼───────────────────┼────────────┼───────────────────┤
│ block5b_project_bn  │ (None, 14, 14,    │        448 │ block5b_project_… │
│ (BatchNormalizatio… │ 112)              │            │                   │
├─────────────────────┼───────────────────┼────────────┼───────────────────┤
│ block5b_drop        │ (None, 14, 14,    │          0 │ block5b_project_… │
│ (Dropout)           │ 112)              │            │                   │
├─────────────────────┼───────────────────┼────────────┼───────────────────┤
│ block5b_add (Add)   │ (None, 14, 14,    │          0 │ block5b_drop[0][… │
│                     │ 112)              │            │ block5a_project_… │
├─────────────────────┼───────────────────┼────────────┼───────────────────┤
│ block5c_expand_conv │ (None, 14, 14,    │     75,264 │ block5b_add[0][0] │
│ (Conv2D)            │ 672)              │            │                   │
├─────────────────────┼───────────────────┼────────────┼───────────────────┤
│ block5c_expand_bn   │ (None, 14, 14,    │      2,688 │ block5c_expand_c… │
│ (BatchNormalizatio… │ 672)              │            │                   │
├─────────────────────┼───────────────────┼────────────┼───────────────────┤
│ block5c_expand_act… │ (None, 14, 14,    │          0 │ block5c_expand_b… │
│ (Activation)        │ 672)              │            │                   │
├─────────────────────┼───────────────────┼────────────┼───────────────────┤
│ block5c_dwconv      │ (None, 14, 14,    │     16,800 │ block5c_expand_a… │
│ (DepthwiseConv2D)   │ 672)              │            │                   │
├─────────────────────┼───────────────────┼────────────┼───────────────────┤
│ block5c_bn          │ (None, 14, 14,    │      2,688 │ block5c_dwconv[0… │
│ (BatchNormalizatio… │ 672)              │            │                   │
├─────────────────────┼───────────────────┼────────────┼───────────────────┤
│ block5c_activation  │ (None, 14, 14,    │          0 │ block5c_bn[0][0]  │
│ (Activation)        │ 672)              │            │                   │
├─────────────────────┼───────────────────┼────────────┼───────────────────┤
│ block5c_se_squeeze  │ (None, 672)       │          0 │ block5c_activati… │
│ (GlobalAveragePool… │                   │            │                   │
├─────────────────────┼───────────────────┼────────────┼───────────────────┤
│ block5c_se_reshape  │ (None, 1, 1, 672) │          0 │ block5c_se_squee… │
│ (Reshape)           │                   │            │                   │
├─────────────────────┼───────────────────┼────────────┼───────────────────┤
│ block5c_se_reduce   │ (None, 1, 1, 28)  │     18,844 │ block5c_se_resha… │
│ (Conv2D)            │                   │            │                   │
├─────────────────────┼───────────────────┼────────────┼───────────────────┤
│ block5c_se_expand   │ (None, 1, 1, 672) │     19,488 │ block5c_se_reduc… │
│ (Conv2D)            │                   │            │                   │
├─────────────────────┼───────────────────┼────────────┼───────────────────┤
│ block5c_se_excite   │ (None, 14, 14,    │          0 │ block5c_activati… │
│ (Multiply)          │ 672)              │            │ block5c_se_expan… │
├─────────────────────┼───────────────────┼────────────┼───────────────────┤
│ block5c_project_co… │ (None, 14, 14,    │     75,264 │ block5c_se_excit… │
│ (Conv2D)            │ 112)              │            │                   │
├─────────────────────┼───────────────────┼────────────┼───────────────────┤
│ block5c_project_bn  │ (None, 14, 14,    │        448 │ block5c_project_… │
│ (BatchNormalizatio… │ 112)              │            │                   │
├─────────────────────┼───────────────────┼────────────┼───────────────────┤
│ block5c_drop        │ (None, 14, 14,    │          0 │ block5c_project_… │
│ (Dropout)           │ 112)              │            │                   │
├─────────────────────┼───────────────────┼────────────┼───────────────────┤
│ block5c_add (Add)   │ (None, 14, 14,    │          0 │ block5c_drop[0][… │
│                     │ 112)              │            │ block5b_add[0][0] │
├─────────────────────┼───────────────────┼────────────┼───────────────────┤
│ block6a_expand_conv │ (None, 14, 14,    │     75,264 │ block5c_add[0][0] │
│ (Conv2D)            │ 672)              │            │                   │
├─────────────────────┼───────────────────┼────────────┼───────────────────┤
│ block6a_expand_bn   │ (None, 14, 14,    │      2,688 │ block6a_expand_c… │
│ (BatchNormalizatio… │ 672)              │            │                   │
├─────────────────────┼───────────────────┼────────────┼───────────────────┤
│ block6a_expand_act… │ (None, 14, 14,    │          0 │ block6a_expand_b… │
│ (Activation)        │ 672)              │            │                   │
├─────────────────────┼───────────────────┼────────────┼───────────────────┤
│ block6a_dwconv_pad  │ (None, 17, 17,    │          0 │ block6a_expand_a… │
│ (ZeroPadding2D)     │ 672)              │            │                   │
├─────────────────────┼───────────────────┼────────────┼───────────────────┤
│ block6a_dwconv      │ (None, 7, 7, 672) │     16,800 │ block6a_dwconv_p… │
│ (DepthwiseConv2D)   │                   │            │                   │
├─────────────────────┼───────────────────┼────────────┼───────────────────┤
│ block6a_bn          │ (None, 7, 7, 672) │      2,688 │ block6a_dwconv[0… │
│ (BatchNormalizatio… │                   │            │                   │
├─────────────────────┼───────────────────┼────────────┼───────────────────┤
│ block6a_activation  │ (None, 7, 7, 672) │          0 │ block6a_bn[0][0]  │
│ (Activation)        │                   │            │                   │
├─────────────────────┼───────────────────┼────────────┼───────────────────┤
│ block6a_se_squeeze  │ (None, 672)       │          0 │ block6a_activati… │
│ (GlobalAveragePool… │                   │            │                   │
├─────────────────────┼───────────────────┼────────────┼───────────────────┤
│ block6a_se_reshape  │ (None, 1, 1, 672) │          0 │ block6a_se_squee… │
│ (Reshape)           │                   │            │                   │
├─────────────────────┼───────────────────┼────────────┼───────────────────┤
│ block6a_se_reduce   │ (None, 1, 1, 28)  │     18,844 │ block6a_se_resha… │
│ (Conv2D)            │                   │            │                   │
├─────────────────────┼───────────────────┼────────────┼───────────────────┤
│ block6a_se_expand   │ (None, 1, 1, 672) │     19,488 │ block6a_se_reduc… │
│ (Conv2D)            │                   │            │                   │
├─────────────────────┼───────────────────┼────────────┼───────────────────┤
│ block6a_se_excite   │ (None, 7, 7, 672) │          0 │ block6a_activati… │
│ (Multiply)          │                   │            │ block6a_se_expan… │
├─────────────────────┼───────────────────┼────────────┼───────────────────┤
│ block6a_project_co… │ (None, 7, 7, 192) │    129,024 │ block6a_se_excit… │
│ (Conv2D)            │                   │            │                   │
├─────────────────────┼───────────────────┼────────────┼───────────────────┤
│ block6a_project_bn  │ (None, 7, 7, 192) │        768 │ block6a_project_… │
│ (BatchNormalizatio… │                   │            │                   │
├─────────────────────┼───────────────────┼────────────┼───────────────────┤
│ block6b_expand_conv │ (None, 7, 7,      │    221,184 │ block6a_project_… │
│ (Conv2D)            │ 1152)             │            │                   │
├─────────────────────┼───────────────────┼────────────┼───────────────────┤
│ block6b_expand_bn   │ (None, 7, 7,      │      4,608 │ block6b_expand_c… │
│ (BatchNormalizatio… │ 1152)             │            │                   │
├─────────────────────┼───────────────────┼────────────┼───────────────────┤
│ block6b_expand_act… │ (None, 7, 7,      │          0 │ block6b_expand_b… │
│ (Activation)        │ 1152)             │            │                   │
├─────────────────────┼───────────────────┼────────────┼───────────────────┤
│ block6b_dwconv      │ (None, 7, 7,      │     28,800 │ block6b_expand_a… │
│ (DepthwiseConv2D)   │ 1152)             │            │                   │
├─────────────────────┼───────────────────┼────────────┼───────────────────┤
│ block6b_bn          │ (None, 7, 7,      │      4,608 │ block6b_dwconv[0… │
│ (BatchNormalizatio… │ 1152)             │            │                   │
├─────────────────────┼───────────────────┼────────────┼───────────────────┤
│ block6b_activation  │ (None, 7, 7,      │          0 │ block6b_bn[0][0]  │
│ (Activation)        │ 1152)             │            │                   │
├─────────────────────┼───────────────────┼────────────┼───────────────────┤
│ block6b_se_squeeze  │ (None, 1152)      │          0 │ block6b_activati… │
│ (GlobalAveragePool… │                   │            │                   │
├─────────────────────┼───────────────────┼────────────┼───────────────────┤
│ block6b_se_reshape  │ (None, 1, 1,      │          0 │ block6b_se_squee… │
│ (Reshape)           │ 1152)             │            │                   │
├─────────────────────┼───────────────────┼────────────┼───────────────────┤
│ block6b_se_reduce   │ (None, 1, 1, 48)  │     55,344 │ block6b_se_resha… │
│ (Conv2D)            │                   │            │                   │
├─────────────────────┼───────────────────┼────────────┼───────────────────┤
│ block6b_se_expand   │ (None, 1, 1,      │     56,448 │ block6b_se_reduc… │
│ (Conv2D)            │ 1152)             │            │                   │
├─────────────────────┼───────────────────┼────────────┼───────────────────┤
│ block6b_se_excite   │ (None, 7, 7,      │          0 │ block6b_activati… │
│ (Multiply)          │ 1152)             │            │ block6b_se_expan… │
├─────────────────────┼───────────────────┼────────────┼───────────────────┤
│ block6b_project_co… │ (None, 7, 7, 192) │    221,184 │ block6b_se_excit… │
│ (Conv2D)            │                   │            │                   │
├─────────────────────┼───────────────────┼────────────┼───────────────────┤
│ block6b_project_bn  │ (None, 7, 7, 192) │        768 │ block6b_project_… │
│ (BatchNormalizatio… │                   │            │                   │
├─────────────────────┼───────────────────┼────────────┼───────────────────┤
│ block6b_drop        │ (None, 7, 7, 192) │          0 │ block6b_project_… │
│ (Dropout)           │                   │            │                   │
├─────────────────────┼───────────────────┼────────────┼───────────────────┤
│ block6b_add (Add)   │ (None, 7, 7, 192) │          0 │ block6b_drop[0][… │
│                     │                   │            │ block6a_project_… │
├─────────────────────┼───────────────────┼────────────┼───────────────────┤
│ block6c_expand_conv │ (None, 7, 7,      │    221,184 │ block6b_add[0][0] │
│ (Conv2D)            │ 1152)             │            │                   │
├─────────────────────┼───────────────────┼────────────┼───────────────────┤
│ block6c_expand_bn   │ (None, 7, 7,      │      4,608 │ block6c_expand_c… │
│ (BatchNormalizatio… │ 1152)             │            │                   │
├─────────────────────┼───────────────────┼────────────┼───────────────────┤
│ block6c_expand_act… │ (None, 7, 7,      │          0 │ block6c_expand_b… │
│ (Activation)        │ 1152)             │            │                   │
├─────────────────────┼───────────────────┼────────────┼───────────────────┤
│ block6c_dwconv      │ (None, 7, 7,      │     28,800 │ block6c_expand_a… │
│ (DepthwiseConv2D)   │ 1152)             │            │                   │
├─────────────────────┼───────────────────┼────────────┼───────────────────┤
│ block6c_bn          │ (None, 7, 7,      │      4,608 │ block6c_dwconv[0… │
│ (BatchNormalizatio… │ 1152)             │            │                   │
├─────────────────────┼───────────────────┼────────────┼───────────────────┤
│ block6c_activation  │ (None, 7, 7,      │          0 │ block6c_bn[0][0]  │
│ (Activation)        │ 1152)             │            │                   │
├─────────────────────┼───────────────────┼────────────┼───────────────────┤
│ block6c_se_squeeze  │ (None, 1152)      │          0 │ block6c_activati… │
│ (GlobalAveragePool… │                   │            │                   │
├─────────────────────┼───────────────────┼────────────┼───────────────────┤
│ block6c_se_reshape  │ (None, 1, 1,      │          0 │ block6c_se_squee… │
│ (Reshape)           │ 1152)             │            │                   │
├─────────────────────┼───────────────────┼────────────┼───────────────────┤
│ block6c_se_reduce   │ (None, 1, 1, 48)  │     55,344 │ block6c_se_resha… │
│ (Conv2D)            │                   │            │                   │
├─────────────────────┼───────────────────┼────────────┼───────────────────┤
│ block6c_se_expand   │ (None, 1, 1,      │     56,448 │ block6c_se_reduc… │
│ (Conv2D)            │ 1152)             │            │                   │
├─────────────────────┼───────────────────┼────────────┼───────────────────┤
│ block6c_se_excite   │ (None, 7, 7,      │          0 │ block6c_activati… │
│ (Multiply)          │ 1152)             │            │ block6c_se_expan… │
├─────────────────────┼───────────────────┼────────────┼───────────────────┤
│ block6c_project_co… │ (None, 7, 7, 192) │    221,184 │ block6c_se_excit… │
│ (Conv2D)            │                   │            │                   │
├─────────────────────┼───────────────────┼────────────┼───────────────────┤
│ block6c_project_bn  │ (None, 7, 7, 192) │        768 │ block6c_project_… │
│ (BatchNormalizatio… │                   │            │                   │
├─────────────────────┼───────────────────┼────────────┼───────────────────┤
│ block6c_drop        │ (None, 7, 7, 192) │          0 │ block6c_project_… │
│ (Dropout)           │                   │            │                   │
├─────────────────────┼───────────────────┼────────────┼───────────────────┤
│ block6c_add (Add)   │ (None, 7, 7, 192) │          0 │ block6c_drop[0][… │
│                     │                   │            │ block6b_add[0][0] │
├─────────────────────┼───────────────────┼────────────┼───────────────────┤
│ block6d_expand_conv │ (None, 7, 7,      │    221,184 │ block6c_add[0][0] │
│ (Conv2D)            │ 1152)             │            │                   │
├─────────────────────┼───────────────────┼────────────┼───────────────────┤
│ block6d_expand_bn   │ (None, 7, 7,      │      4,608 │ block6d_expand_c… │
│ (BatchNormalizatio… │ 1152)             │            │                   │
├─────────────────────┼───────────────────┼────────────┼───────────────────┤
│ block6d_expand_act… │ (None, 7, 7,      │          0 │ block6d_expand_b… │
│ (Activation)        │ 1152)             │            │                   │
├─────────────────────┼───────────────────┼────────────┼───────────────────┤
│ block6d_dwconv      │ (None, 7, 7,      │     28,800 │ block6d_expand_a… │
│ (DepthwiseConv2D)   │ 1152)             │            │                   │
├─────────────────────┼───────────────────┼────────────┼───────────────────┤
│ block6d_bn          │ (None, 7, 7,      │      4,608 │ block6d_dwconv[0… │
│ (BatchNormalizatio… │ 1152)             │            │                   │
├─────────────────────┼───────────────────┼────────────┼───────────────────┤
│ block6d_activation  │ (None, 7, 7,      │          0 │ block6d_bn[0][0]  │
│ (Activation)        │ 1152)             │            │                   │
├─────────────────────┼───────────────────┼────────────┼───────────────────┤
│ block6d_se_squeeze  │ (None, 1152)      │          0 │ block6d_activati… │
│ (GlobalAveragePool… │                   │            │                   │
├─────────────────────┼───────────────────┼────────────┼───────────────────┤
│ block6d_se_reshape  │ (None, 1, 1,      │          0 │ block6d_se_squee… │
│ (Reshape)           │ 1152)             │            │                   │
├─────────────────────┼───────────────────┼────────────┼───────────────────┤
│ block6d_se_reduce   │ (None, 1, 1, 48)  │     55,344 │ block6d_se_resha… │
│ (Conv2D)            │                   │            │                   │
├─────────────────────┼───────────────────┼────────────┼───────────────────┤
│ block6d_se_expand   │ (None, 1, 1,      │     56,448 │ block6d_se_reduc… │
│ (Conv2D)            │ 1152)             │            │                   │
├─────────────────────┼───────────────────┼────────────┼───────────────────┤
│ block6d_se_excite   │ (None, 7, 7,      │          0 │ block6d_activati… │
│ (Multiply)          │ 1152)             │            │ block6d_se_expan… │
├─────────────────────┼───────────────────┼────────────┼───────────────────┤
│ block6d_project_co… │ (None, 7, 7, 192) │    221,184 │ block6d_se_excit… │
│ (Conv2D)            │                   │            │                   │
├─────────────────────┼───────────────────┼────────────┼───────────────────┤
│ block6d_project_bn  │ (None, 7, 7, 192) │        768 │ block6d_project_… │
│ (BatchNormalizatio… │                   │            │                   │
├─────────────────────┼───────────────────┼────────────┼───────────────────┤
│ block6d_drop        │ (None, 7, 7, 192) │          0 │ block6d_project_… │
│ (Dropout)           │                   │            │                   │
├─────────────────────┼───────────────────┼────────────┼───────────────────┤
│ block6d_add (Add)   │ (None, 7, 7, 192) │          0 │ block6d_drop[0][… │
│                     │                   │            │ block6c_add[0][0] │
├─────────────────────┼───────────────────┼────────────┼───────────────────┤
│ block7a_expand_conv │ (None, 7, 7,      │    221,184 │ block6d_add[0][0] │
│ (Conv2D)            │ 1152)             │            │                   │
├─────────────────────┼───────────────────┼────────────┼───────────────────┤
│ block7a_expand_bn   │ (None, 7, 7,      │      4,608 │ block7a_expand_c… │
│ (BatchNormalizatio… │ 1152)             │            │                   │
├─────────────────────┼───────────────────┼────────────┼───────────────────┤
│ block7a_expand_act… │ (None, 7, 7,      │          0 │ block7a_expand_b… │
│ (Activation)        │ 1152)             │            │                   │
├─────────────────────┼───────────────────┼────────────┼───────────────────┤
│ block7a_dwconv      │ (None, 7, 7,      │     10,368 │ block7a_expand_a… │
│ (DepthwiseConv2D)   │ 1152)             │            │                   │
├─────────────────────┼───────────────────┼────────────┼───────────────────┤
│ block7a_bn          │ (None, 7, 7,      │      4,608 │ block7a_dwconv[0… │
│ (BatchNormalizatio… │ 1152)             │            │                   │
├─────────────────────┼───────────────────┼────────────┼───────────────────┤
│ block7a_activation  │ (None, 7, 7,      │          0 │ block7a_bn[0][0]  │
│ (Activation)        │ 1152)             │            │                   │
├─────────────────────┼───────────────────┼────────────┼───────────────────┤
│ block7a_se_squeeze  │ (None, 1152)      │          0 │ block7a_activati… │
│ (GlobalAveragePool… │                   │            │                   │
├─────────────────────┼───────────────────┼────────────┼───────────────────┤
│ block7a_se_reshape  │ (None, 1, 1,      │          0 │ block7a_se_squee… │
│ (Reshape)           │ 1152)             │            │                   │
├─────────────────────┼───────────────────┼────────────┼───────────────────┤
│ block7a_se_reduce   │ (None, 1, 1, 48)  │     55,344 │ block7a_se_resha… │
│ (Conv2D)            │                   │            │                   │
├─────────────────────┼───────────────────┼────────────┼───────────────────┤
│ block7a_se_expand   │ (None, 1, 1,      │     56,448 │ block7a_se_reduc… │
│ (Conv2D)            │ 1152)             │            │                   │
├─────────────────────┼───────────────────┼────────────┼───────────────────┤
│ block7a_se_excite   │ (None, 7, 7,      │          0 │ block7a_activati… │
│ (Multiply)          │ 1152)             │            │ block7a_se_expan… │
├─────────────────────┼───────────────────┼────────────┼───────────────────┤
│ block7a_project_co… │ (None, 7, 7, 320) │    368,640 │ block7a_se_excit… │
│ (Conv2D)            │                   │            │                   │
├─────────────────────┼───────────────────┼────────────┼───────────────────┤
│ block7a_project_bn  │ (None, 7, 7, 320) │      1,280 │ block7a_project_… │
│ (BatchNormalizatio… │                   │            │                   │
├─────────────────────┼───────────────────┼────────────┼───────────────────┤
│ top_conv (Conv2D)   │ (None, 7, 7,      │    409,600 │ block7a_project_… │
│                     │ 1280)             │            │                   │
├─────────────────────┼───────────────────┼────────────┼───────────────────┤
│ top_bn              │ (None, 7, 7,      │      5,120 │ top_conv[0][0]    │
│ (BatchNormalizatio… │ 1280)             │            │                   │
├─────────────────────┼───────────────────┼────────────┼───────────────────┤
│ top_activation      │ (None, 7, 7,      │          0 │ top_bn[0][0]      │
│ (Activation)        │ 1280)             │            │                   │
├─────────────────────┼───────────────────┼────────────┼───────────────────┤
│ gap                 │ (None, 1280)      │          0 │ top_activation[0… │
│ (GlobalAveragePool… │                   │            │                   │
├─────────────────────┼───────────────────┼────────────┼───────────────────┤
│ batch_normalization │ (None, 1280)      │      5,120 │ gap[0][0]         │
│ (BatchNormalizatio… │                   │            │                   │
├─────────────────────┼───────────────────┼────────────┼───────────────────┤
│ dropout (Dropout)   │ (None, 1280)      │          0 │ batch_normalizat… │
├─────────────────────┼───────────────────┼────────────┼───────────────────┤
│ output (Dense)      │ (None, 1)         │      1,281 │ dropout[0][0]     │
└─────────────────────┴───────────────────┴────────────┴───────────────────┘
 Total params: 4,055,972 (15.47 MB)
 Trainable params: 3,841 (15.00 KB)
 Non-trainable params: 4,052,131 (15.46 MB)

2026-07-02 00:06:55 [INFO] ━━━━━━━━━━━━━━━━━━━━━━━━━━━━━━━━━━━━━━━━━━━━━━━━━━━━━━━━━━━━
2026-07-02 00:06:55 [INFO] STAGE 4 — Phase 1: Feature Extraction (backbone frozen)
2026-07-02 00:06:55 [INFO] ━━━━━━━━━━━━━━━━━━━━━━━━━━━━━━━━━━━━━━━━━━━━━━━━━━━━━━━━━━━━
2026-07-02 00:06:55 [INFO] Epochs planned : 20
2026-07-02 00:06:55 [INFO] Learning rate  : 1.00e-03
2026-07-02 00:06:55 [INFO] Per-epoch weights → checkpoints/epoch_weights/phase1/
2026-07-02 00:06:55 [INFO]   ── Epoch 1 starting...
2026-07-02 02:48:16 [INFO] ════════════════════════════════════════════════════════════
2026-07-02 02:48:16 [INFO]   Cats vs Dogs — EfficientNetB0 Transfer Learning
2026-07-02 02:48:16 [INFO]   Mode: FULL TRAINING
2026-07-02 02:48:16 [INFO]   Started: 2026-07-02 02:48:16
2026-07-02 02:48:16 [INFO] ════════════════════════════════════════════════════════════
2026-07-02 02:48:16 [INFO] ━━━━━━━━━━━━━━━━━━━━━━━━━━━━━━━━━━━━━━━━━━━━━━━━━━━━━━━━━━━━
2026-07-02 02:48:16 [INFO] STAGE 1 — Environment check
2026-07-02 02:48:16 [INFO] ━━━━━━━━━━━━━━━━━━━━━━━━━━━━━━━━━━━━━━━━━━━━━━━━━━━━━━━━━━━━
2026-07-02 02:48:16 [INFO] Python       : 3.11.15 (main, Mar 11 2026, 17:20:07) [GCC 14.3.0]
2026-07-02 02:48:16 [INFO] TensorFlow   : 2.21.0
2026-07-02 02:48:17 [INFO] GPUs visible : 1
2026-07-02 02:48:17 [INFO]   PhysicalDevice(name='/physical_device:GPU:0', device_type='GPU')
2026-07-02 02:48:17 [INFO]   Memory growth enabled on /physical_device:GPU:0
2026-07-02 02:48:17 [INFO] Working dir  : /mnt/appbio_a/groups/Year_4/NChasan/DMining_project
2026-07-02 02:48:17 [INFO] Data dir     : /mnt/appbio_a/groups/Year_4/NChasan/DMining_project/PetImages
2026-07-02 02:48:17 [INFO] ✔ CHECKPOINT [env_check] — TF 2.21.0, 1 GPU(s)
2026-07-02 02:48:17 [INFO] ━━━━━━━━━━━━━━━━━━━━━━━━━━━━━━━━━━━━━━━━━━━━━━━━━━━━━━━━━━━━
2026-07-02 02:48:17 [INFO] STAGE 2 — Data loading & pipeline
2026-07-02 02:48:17 [INFO] ━━━━━━━━━━━━━━━━━━━━━━━━━━━━━━━━━━━━━━━━━━━━━━━━━━━━━━━━━━━━
2026-07-02 02:48:17 [INFO] Reading images from: PetImages
2026-07-02 02:48:24 [INFO] Directory scan done in 7.6s
2026-07-02 02:48:24 [INFO] Total images : 24998
2026-07-02 02:48:24 [INFO] Train        : 17500
2026-07-02 02:48:24 [INFO] Val          : 3749
2026-07-02 02:48:24 [INFO] Test         : 3749
2026-07-02 02:48:24 [INFO] Building augmentation pipeline...
2026-07-02 02:48:24 [INFO] Train batches : 547
2026-07-02 02:48:24 [INFO] Val   batches : 118
2026-07-02 02:48:24 [INFO] Test  batches : 118
2026-07-02 02:48:24 [INFO] Pulling one batch to verify pipeline...
2026-07-02 02:48:25 [INFO]   Batch shape  : images=(32, 224, 224, 3)  labels=(32, 1)
2026-07-02 02:48:25 [INFO]   Pixel range  : [0.0, 255.0]
2026-07-02 02:48:25 [INFO]   Label dtype  : <dtype: 'float32'>
2026-07-02 02:48:25 [INFO] ✔ CHECKPOINT [data_pipeline] — 17500 train / 3749 val / 3749 test images
2026-07-02 02:48:25 [INFO] ━━━━━━━━━━━━━━━━━━━━━━━━━━━━━━━━━━━━━━━━━━━━━━━━━━━━━━━━━━━━
2026-07-02 02:48:25 [INFO] STAGE 3 — Model construction (EfficientNetB0 backbone)
2026-07-02 02:48:25 [INFO] ━━━━━━━━━━━━━━━━━━━━━━━━━━━━━━━━━━━━━━━━━━━━━━━━━━━━━━━━━━━━
2026-07-02 02:48:25 [INFO] Loading EfficientNetB0 with ImageNet weights...
2026-07-02 02:48:29 [INFO] Backbone loaded in 4.3s
2026-07-02 02:48:29 [INFO] Total params     : 4,055,972
2026-07-02 02:48:29 [INFO] Trainable params : 3,841
2026-07-02 02:48:29 [INFO] Frozen params    : 4,052,151.0
2026-07-02 02:48:29 [INFO] Model diagram saved to checkpoints/model_architecture.png
2026-07-02 02:48:29 [INFO] ✔ CHECKPOINT [model_built] — 4,055,972 total params
2026-07-02 02:48:29 [INFO] Compiling model — lr=1.00e-03  phase=phase1
2026-07-02 02:48:29 [INFO] ✔ CHECKPOINT [compile_phase1] — lr=1.00e-03
2026-07-02 02:48:29 [INFO] Model: "CatsVsDogs_EfficientNetB0"
┏━━━━━━━━━━━━━━━━━━━━━┳━━━━━━━━━━━━━━━━━━━┳━━━━━━━━━━━━┳━━━━━━━━━━━━━━━━━━━┓
┃ Layer (type)        ┃ Output Shape      ┃    Param # ┃ Connected to      ┃
┡━━━━━━━━━━━━━━━━━━━━━╇━━━━━━━━━━━━━━━━━━━╇━━━━━━━━━━━━╇━━━━━━━━━━━━━━━━━━━┩
│ input_image         │ (None, 224, 224,  │          0 │ -                 │
│ (InputLayer)        │ 3)                │            │                   │
├─────────────────────┼───────────────────┼────────────┼───────────────────┤
│ rescaling           │ (None, 224, 224,  │          0 │ input_image[0][0] │
│ (Rescaling)         │ 3)                │            │                   │
├─────────────────────┼───────────────────┼────────────┼───────────────────┤
│ normalization       │ (None, 224, 224,  │          7 │ rescaling[0][0]   │
│ (Normalization)     │ 3)                │            │                   │
├─────────────────────┼───────────────────┼────────────┼───────────────────┤
│ rescaling_1         │ (None, 224, 224,  │          0 │ normalization[0]… │
│ (Rescaling)         │ 3)                │            │                   │
├─────────────────────┼───────────────────┼────────────┼───────────────────┤
│ stem_conv_pad       │ (None, 225, 225,  │          0 │ rescaling_1[0][0] │
│ (ZeroPadding2D)     │ 3)                │            │                   │
├─────────────────────┼───────────────────┼────────────┼───────────────────┤
│ stem_conv (Conv2D)  │ (None, 112, 112,  │        864 │ stem_conv_pad[0]… │
│                     │ 32)               │            │                   │
├─────────────────────┼───────────────────┼────────────┼───────────────────┤
│ stem_bn             │ (None, 112, 112,  │        128 │ stem_conv[0][0]   │
│ (BatchNormalizatio… │ 32)               │            │                   │
├─────────────────────┼───────────────────┼────────────┼───────────────────┤
│ stem_activation     │ (None, 112, 112,  │          0 │ stem_bn[0][0]     │
│ (Activation)        │ 32)               │            │                   │
├─────────────────────┼───────────────────┼────────────┼───────────────────┤
│ block1a_dwconv      │ (None, 112, 112,  │        288 │ stem_activation[… │
│ (DepthwiseConv2D)   │ 32)               │            │                   │
├─────────────────────┼───────────────────┼────────────┼───────────────────┤
│ block1a_bn          │ (None, 112, 112,  │        128 │ block1a_dwconv[0… │
│ (BatchNormalizatio… │ 32)               │            │                   │
├─────────────────────┼───────────────────┼────────────┼───────────────────┤
│ block1a_activation  │ (None, 112, 112,  │          0 │ block1a_bn[0][0]  │
│ (Activation)        │ 32)               │            │                   │
├─────────────────────┼───────────────────┼────────────┼───────────────────┤
│ block1a_se_squeeze  │ (None, 32)        │          0 │ block1a_activati… │
│ (GlobalAveragePool… │                   │            │                   │
├─────────────────────┼───────────────────┼────────────┼───────────────────┤
│ block1a_se_reshape  │ (None, 1, 1, 32)  │          0 │ block1a_se_squee… │
│ (Reshape)           │                   │            │                   │
├─────────────────────┼───────────────────┼────────────┼───────────────────┤
│ block1a_se_reduce   │ (None, 1, 1, 8)   │        264 │ block1a_se_resha… │
│ (Conv2D)            │                   │            │                   │
├─────────────────────┼───────────────────┼────────────┼───────────────────┤
│ block1a_se_expand   │ (None, 1, 1, 32)  │        288 │ block1a_se_reduc… │
│ (Conv2D)            │                   │            │                   │
├─────────────────────┼───────────────────┼────────────┼───────────────────┤
│ block1a_se_excite   │ (None, 112, 112,  │          0 │ block1a_activati… │
│ (Multiply)          │ 32)               │            │ block1a_se_expan… │
├─────────────────────┼───────────────────┼────────────┼───────────────────┤
│ block1a_project_co… │ (None, 112, 112,  │        512 │ block1a_se_excit… │
│ (Conv2D)            │ 16)               │            │                   │
├─────────────────────┼───────────────────┼────────────┼───────────────────┤
│ block1a_project_bn  │ (None, 112, 112,  │         64 │ block1a_project_… │
│ (BatchNormalizatio… │ 16)               │            │                   │
├─────────────────────┼───────────────────┼────────────┼───────────────────┤
│ block2a_expand_conv │ (None, 112, 112,  │      1,536 │ block1a_project_… │
│ (Conv2D)            │ 96)               │            │                   │
├─────────────────────┼───────────────────┼────────────┼───────────────────┤
│ block2a_expand_bn   │ (None, 112, 112,  │        384 │ block2a_expand_c… │
│ (BatchNormalizatio… │ 96)               │            │                   │
├─────────────────────┼───────────────────┼────────────┼───────────────────┤
│ block2a_expand_act… │ (None, 112, 112,  │          0 │ block2a_expand_b… │
│ (Activation)        │ 96)               │            │                   │
├─────────────────────┼───────────────────┼────────────┼───────────────────┤
│ block2a_dwconv_pad  │ (None, 113, 113,  │          0 │ block2a_expand_a… │
│ (ZeroPadding2D)     │ 96)               │            │                   │
├─────────────────────┼───────────────────┼────────────┼───────────────────┤
│ block2a_dwconv      │ (None, 56, 56,    │        864 │ block2a_dwconv_p… │
│ (DepthwiseConv2D)   │ 96)               │            │                   │
├─────────────────────┼───────────────────┼────────────┼───────────────────┤
│ block2a_bn          │ (None, 56, 56,    │        384 │ block2a_dwconv[0… │
│ (BatchNormalizatio… │ 96)               │            │                   │
├─────────────────────┼───────────────────┼────────────┼───────────────────┤
│ block2a_activation  │ (None, 56, 56,    │          0 │ block2a_bn[0][0]  │
│ (Activation)        │ 96)               │            │                   │
├─────────────────────┼───────────────────┼────────────┼───────────────────┤
│ block2a_se_squeeze  │ (None, 96)        │          0 │ block2a_activati… │
│ (GlobalAveragePool… │                   │            │                   │
├─────────────────────┼───────────────────┼────────────┼───────────────────┤
│ block2a_se_reshape  │ (None, 1, 1, 96)  │          0 │ block2a_se_squee… │
│ (Reshape)           │                   │            │                   │
├─────────────────────┼───────────────────┼────────────┼───────────────────┤
│ block2a_se_reduce   │ (None, 1, 1, 4)   │        388 │ block2a_se_resha… │
│ (Conv2D)            │                   │            │                   │
├─────────────────────┼───────────────────┼────────────┼───────────────────┤
│ block2a_se_expand   │ (None, 1, 1, 96)  │        480 │ block2a_se_reduc… │
│ (Conv2D)            │                   │            │                   │
├─────────────────────┼───────────────────┼────────────┼───────────────────┤
│ block2a_se_excite   │ (None, 56, 56,    │          0 │ block2a_activati… │
│ (Multiply)          │ 96)               │            │ block2a_se_expan… │
├─────────────────────┼───────────────────┼────────────┼───────────────────┤
│ block2a_project_co… │ (None, 56, 56,    │      2,304 │ block2a_se_excit… │
│ (Conv2D)            │ 24)               │            │                   │
├─────────────────────┼───────────────────┼────────────┼───────────────────┤
│ block2a_project_bn  │ (None, 56, 56,    │         96 │ block2a_project_… │
│ (BatchNormalizatio… │ 24)               │            │                   │
├─────────────────────┼───────────────────┼────────────┼───────────────────┤
│ block2b_expand_conv │ (None, 56, 56,    │      3,456 │ block2a_project_… │
│ (Conv2D)            │ 144)              │            │                   │
├─────────────────────┼───────────────────┼────────────┼───────────────────┤
│ block2b_expand_bn   │ (None, 56, 56,    │        576 │ block2b_expand_c… │
│ (BatchNormalizatio… │ 144)              │            │                   │
├─────────────────────┼───────────────────┼────────────┼───────────────────┤
│ block2b_expand_act… │ (None, 56, 56,    │          0 │ block2b_expand_b… │
│ (Activation)        │ 144)              │            │                   │
├─────────────────────┼───────────────────┼────────────┼───────────────────┤
│ block2b_dwconv      │ (None, 56, 56,    │      1,296 │ block2b_expand_a… │
│ (DepthwiseConv2D)   │ 144)              │            │                   │
├─────────────────────┼───────────────────┼────────────┼───────────────────┤
│ block2b_bn          │ (None, 56, 56,    │        576 │ block2b_dwconv[0… │
│ (BatchNormalizatio… │ 144)              │            │                   │
├─────────────────────┼───────────────────┼────────────┼───────────────────┤
│ block2b_activation  │ (None, 56, 56,    │          0 │ block2b_bn[0][0]  │
│ (Activation)        │ 144)              │            │                   │
├─────────────────────┼───────────────────┼────────────┼───────────────────┤
│ block2b_se_squeeze  │ (None, 144)       │          0 │ block2b_activati… │
│ (GlobalAveragePool… │                   │            │                   │
├─────────────────────┼───────────────────┼────────────┼───────────────────┤
│ block2b_se_reshape  │ (None, 1, 1, 144) │          0 │ block2b_se_squee… │
│ (Reshape)           │                   │            │                   │
├─────────────────────┼───────────────────┼────────────┼───────────────────┤
│ block2b_se_reduce   │ (None, 1, 1, 6)   │        870 │ block2b_se_resha… │
│ (Conv2D)            │                   │            │                   │
├─────────────────────┼───────────────────┼────────────┼───────────────────┤
│ block2b_se_expand   │ (None, 1, 1, 144) │      1,008 │ block2b_se_reduc… │
│ (Conv2D)            │                   │            │                   │
├─────────────────────┼───────────────────┼────────────┼───────────────────┤
│ block2b_se_excite   │ (None, 56, 56,    │          0 │ block2b_activati… │
│ (Multiply)          │ 144)              │            │ block2b_se_expan… │
├─────────────────────┼───────────────────┼────────────┼───────────────────┤
│ block2b_project_co… │ (None, 56, 56,    │      3,456 │ block2b_se_excit… │
│ (Conv2D)            │ 24)               │            │                   │
├─────────────────────┼───────────────────┼────────────┼───────────────────┤
│ block2b_project_bn  │ (None, 56, 56,    │         96 │ block2b_project_… │
│ (BatchNormalizatio… │ 24)               │            │                   │
├─────────────────────┼───────────────────┼────────────┼───────────────────┤
│ block2b_drop        │ (None, 56, 56,    │          0 │ block2b_project_… │
│ (Dropout)           │ 24)               │            │                   │
├─────────────────────┼───────────────────┼────────────┼───────────────────┤
│ block2b_add (Add)   │ (None, 56, 56,    │          0 │ block2b_drop[0][… │
│                     │ 24)               │            │ block2a_project_… │
├─────────────────────┼───────────────────┼────────────┼───────────────────┤
│ block3a_expand_conv │ (None, 56, 56,    │      3,456 │ block2b_add[0][0] │
│ (Conv2D)            │ 144)              │            │                   │
├─────────────────────┼───────────────────┼────────────┼───────────────────┤
│ block3a_expand_bn   │ (None, 56, 56,    │        576 │ block3a_expand_c… │
│ (BatchNormalizatio… │ 144)              │            │                   │
├─────────────────────┼───────────────────┼────────────┼───────────────────┤
│ block3a_expand_act… │ (None, 56, 56,    │          0 │ block3a_expand_b… │
│ (Activation)        │ 144)              │            │                   │
├─────────────────────┼───────────────────┼────────────┼───────────────────┤
│ block3a_dwconv_pad  │ (None, 59, 59,    │          0 │ block3a_expand_a… │
│ (ZeroPadding2D)     │ 144)              │            │                   │
├─────────────────────┼───────────────────┼────────────┼───────────────────┤
│ block3a_dwconv      │ (None, 28, 28,    │      3,600 │ block3a_dwconv_p… │
│ (DepthwiseConv2D)   │ 144)              │            │                   │
├─────────────────────┼───────────────────┼────────────┼───────────────────┤
│ block3a_bn          │ (None, 28, 28,    │        576 │ block3a_dwconv[0… │
│ (BatchNormalizatio… │ 144)              │            │                   │
├─────────────────────┼───────────────────┼────────────┼───────────────────┤
│ block3a_activation  │ (None, 28, 28,    │          0 │ block3a_bn[0][0]  │
│ (Activation)        │ 144)              │            │                   │
├─────────────────────┼───────────────────┼────────────┼───────────────────┤
│ block3a_se_squeeze  │ (None, 144)       │          0 │ block3a_activati… │
│ (GlobalAveragePool… │                   │            │                   │
├─────────────────────┼───────────────────┼────────────┼───────────────────┤
│ block3a_se_reshape  │ (None, 1, 1, 144) │          0 │ block3a_se_squee… │
│ (Reshape)           │                   │            │                   │
├─────────────────────┼───────────────────┼────────────┼───────────────────┤
│ block3a_se_reduce   │ (None, 1, 1, 6)   │        870 │ block3a_se_resha… │
│ (Conv2D)            │                   │            │                   │
├─────────────────────┼───────────────────┼────────────┼───────────────────┤
│ block3a_se_expand   │ (None, 1, 1, 144) │      1,008 │ block3a_se_reduc… │
│ (Conv2D)            │                   │            │                   │
├─────────────────────┼───────────────────┼────────────┼───────────────────┤
│ block3a_se_excite   │ (None, 28, 28,    │          0 │ block3a_activati… │
│ (Multiply)          │ 144)              │            │ block3a_se_expan… │
├─────────────────────┼───────────────────┼────────────┼───────────────────┤
│ block3a_project_co… │ (None, 28, 28,    │      5,760 │ block3a_se_excit… │
│ (Conv2D)            │ 40)               │            │                   │
├─────────────────────┼───────────────────┼────────────┼───────────────────┤
│ block3a_project_bn  │ (None, 28, 28,    │        160 │ block3a_project_… │
│ (BatchNormalizatio… │ 40)               │            │                   │
├─────────────────────┼───────────────────┼────────────┼───────────────────┤
│ block3b_expand_conv │ (None, 28, 28,    │      9,600 │ block3a_project_… │
│ (Conv2D)            │ 240)              │            │                   │
├─────────────────────┼───────────────────┼────────────┼───────────────────┤
│ block3b_expand_bn   │ (None, 28, 28,    │        960 │ block3b_expand_c… │
│ (BatchNormalizatio… │ 240)              │            │                   │
├─────────────────────┼───────────────────┼────────────┼───────────────────┤
│ block3b_expand_act… │ (None, 28, 28,    │          0 │ block3b_expand_b… │
│ (Activation)        │ 240)              │            │                   │
├─────────────────────┼───────────────────┼────────────┼───────────────────┤
│ block3b_dwconv      │ (None, 28, 28,    │      6,000 │ block3b_expand_a… │
│ (DepthwiseConv2D)   │ 240)              │            │                   │
├─────────────────────┼───────────────────┼────────────┼───────────────────┤
│ block3b_bn          │ (None, 28, 28,    │        960 │ block3b_dwconv[0… │
│ (BatchNormalizatio… │ 240)              │            │                   │
├─────────────────────┼───────────────────┼────────────┼───────────────────┤
│ block3b_activation  │ (None, 28, 28,    │          0 │ block3b_bn[0][0]  │
│ (Activation)        │ 240)              │            │                   │
├─────────────────────┼───────────────────┼────────────┼───────────────────┤
│ block3b_se_squeeze  │ (None, 240)       │          0 │ block3b_activati… │
│ (GlobalAveragePool… │                   │            │                   │
├─────────────────────┼───────────────────┼────────────┼───────────────────┤
│ block3b_se_reshape  │ (None, 1, 1, 240) │          0 │ block3b_se_squee… │
│ (Reshape)           │                   │            │                   │
├─────────────────────┼───────────────────┼────────────┼───────────────────┤
│ block3b_se_reduce   │ (None, 1, 1, 10)  │      2,410 │ block3b_se_resha… │
│ (Conv2D)            │                   │            │                   │
├─────────────────────┼───────────────────┼────────────┼───────────────────┤
│ block3b_se_expand   │ (None, 1, 1, 240) │      2,640 │ block3b_se_reduc… │
│ (Conv2D)            │                   │            │                   │
├─────────────────────┼───────────────────┼────────────┼───────────────────┤
│ block3b_se_excite   │ (None, 28, 28,    │          0 │ block3b_activati… │
│ (Multiply)          │ 240)              │            │ block3b_se_expan… │
├─────────────────────┼───────────────────┼────────────┼───────────────────┤
│ block3b_project_co… │ (None, 28, 28,    │      9,600 │ block3b_se_excit… │
│ (Conv2D)            │ 40)               │            │                   │
├─────────────────────┼───────────────────┼────────────┼───────────────────┤
│ block3b_project_bn  │ (None, 28, 28,    │        160 │ block3b_project_… │
│ (BatchNormalizatio… │ 40)               │            │                   │
├─────────────────────┼───────────────────┼────────────┼───────────────────┤
│ block3b_drop        │ (None, 28, 28,    │          0 │ block3b_project_… │
│ (Dropout)           │ 40)               │            │                   │
├─────────────────────┼───────────────────┼────────────┼───────────────────┤
│ block3b_add (Add)   │ (None, 28, 28,    │          0 │ block3b_drop[0][… │
│                     │ 40)               │            │ block3a_project_… │
├─────────────────────┼───────────────────┼────────────┼───────────────────┤
│ block4a_expand_conv │ (None, 28, 28,    │      9,600 │ block3b_add[0][0] │
│ (Conv2D)            │ 240)              │            │                   │
├─────────────────────┼───────────────────┼────────────┼───────────────────┤
│ block4a_expand_bn   │ (None, 28, 28,    │        960 │ block4a_expand_c… │
│ (BatchNormalizatio… │ 240)              │            │                   │
├─────────────────────┼───────────────────┼────────────┼───────────────────┤
│ block4a_expand_act… │ (None, 28, 28,    │          0 │ block4a_expand_b… │
│ (Activation)        │ 240)              │            │                   │
├─────────────────────┼───────────────────┼────────────┼───────────────────┤
│ block4a_dwconv_pad  │ (None, 29, 29,    │          0 │ block4a_expand_a… │
│ (ZeroPadding2D)     │ 240)              │            │                   │
├─────────────────────┼───────────────────┼────────────┼───────────────────┤
│ block4a_dwconv      │ (None, 14, 14,    │      2,160 │ block4a_dwconv_p… │
│ (DepthwiseConv2D)   │ 240)              │            │                   │
├─────────────────────┼───────────────────┼────────────┼───────────────────┤
│ block4a_bn          │ (None, 14, 14,    │        960 │ block4a_dwconv[0… │
│ (BatchNormalizatio… │ 240)              │            │                   │
├─────────────────────┼───────────────────┼────────────┼───────────────────┤
│ block4a_activation  │ (None, 14, 14,    │          0 │ block4a_bn[0][0]  │
│ (Activation)        │ 240)              │            │                   │
├─────────────────────┼───────────────────┼────────────┼───────────────────┤
│ block4a_se_squeeze  │ (None, 240)       │          0 │ block4a_activati… │
│ (GlobalAveragePool… │                   │            │                   │
├─────────────────────┼───────────────────┼────────────┼───────────────────┤
│ block4a_se_reshape  │ (None, 1, 1, 240) │          0 │ block4a_se_squee… │
│ (Reshape)           │                   │            │                   │
├─────────────────────┼───────────────────┼────────────┼───────────────────┤
│ block4a_se_reduce   │ (None, 1, 1, 10)  │      2,410 │ block4a_se_resha… │
│ (Conv2D)            │                   │            │                   │
├─────────────────────┼───────────────────┼────────────┼───────────────────┤
│ block4a_se_expand   │ (None, 1, 1, 240) │      2,640 │ block4a_se_reduc… │
│ (Conv2D)            │                   │            │                   │
├─────────────────────┼───────────────────┼────────────┼───────────────────┤
│ block4a_se_excite   │ (None, 14, 14,    │          0 │ block4a_activati… │
│ (Multiply)          │ 240)              │            │ block4a_se_expan… │
├─────────────────────┼───────────────────┼────────────┼───────────────────┤
│ block4a_project_co… │ (None, 14, 14,    │     19,200 │ block4a_se_excit… │
│ (Conv2D)            │ 80)               │            │                   │
├─────────────────────┼───────────────────┼────────────┼───────────────────┤
│ block4a_project_bn  │ (None, 14, 14,    │        320 │ block4a_project_… │
│ (BatchNormalizatio… │ 80)               │            │                   │
├─────────────────────┼───────────────────┼────────────┼───────────────────┤
│ block4b_expand_conv │ (None, 14, 14,    │     38,400 │ block4a_project_… │
│ (Conv2D)            │ 480)              │            │                   │
├─────────────────────┼───────────────────┼────────────┼───────────────────┤
│ block4b_expand_bn   │ (None, 14, 14,    │      1,920 │ block4b_expand_c… │
│ (BatchNormalizatio… │ 480)              │            │                   │
├─────────────────────┼───────────────────┼────────────┼───────────────────┤
│ block4b_expand_act… │ (None, 14, 14,    │          0 │ block4b_expand_b… │
│ (Activation)        │ 480)              │            │                   │
├─────────────────────┼───────────────────┼────────────┼───────────────────┤
│ block4b_dwconv      │ (None, 14, 14,    │      4,320 │ block4b_expand_a… │
│ (DepthwiseConv2D)   │ 480)              │            │                   │
├─────────────────────┼───────────────────┼────────────┼───────────────────┤
│ block4b_bn          │ (None, 14, 14,    │      1,920 │ block4b_dwconv[0… │
│ (BatchNormalizatio… │ 480)              │            │                   │
├─────────────────────┼───────────────────┼────────────┼───────────────────┤
│ block4b_activation  │ (None, 14, 14,    │          0 │ block4b_bn[0][0]  │
│ (Activation)        │ 480)              │            │                   │
├─────────────────────┼───────────────────┼────────────┼───────────────────┤
│ block4b_se_squeeze  │ (None, 480)       │          0 │ block4b_activati… │
│ (GlobalAveragePool… │                   │            │                   │
├─────────────────────┼───────────────────┼────────────┼───────────────────┤
│ block4b_se_reshape  │ (None, 1, 1, 480) │          0 │ block4b_se_squee… │
│ (Reshape)           │                   │            │                   │
├─────────────────────┼───────────────────┼────────────┼───────────────────┤
│ block4b_se_reduce   │ (None, 1, 1, 20)  │      9,620 │ block4b_se_resha… │
│ (Conv2D)            │                   │            │                   │
├─────────────────────┼───────────────────┼────────────┼───────────────────┤
│ block4b_se_expand   │ (None, 1, 1, 480) │     10,080 │ block4b_se_reduc… │
│ (Conv2D)            │                   │            │                   │
├─────────────────────┼───────────────────┼────────────┼───────────────────┤
│ block4b_se_excite   │ (None, 14, 14,    │          0 │ block4b_activati… │
│ (Multiply)          │ 480)              │            │ block4b_se_expan… │
├─────────────────────┼───────────────────┼────────────┼───────────────────┤
│ block4b_project_co… │ (None, 14, 14,    │     38,400 │ block4b_se_excit… │
│ (Conv2D)            │ 80)               │            │                   │
├─────────────────────┼───────────────────┼────────────┼───────────────────┤
│ block4b_project_bn  │ (None, 14, 14,    │        320 │ block4b_project_… │
│ (BatchNormalizatio… │ 80)               │            │                   │
├─────────────────────┼───────────────────┼────────────┼───────────────────┤
│ block4b_drop        │ (None, 14, 14,    │          0 │ block4b_project_… │
│ (Dropout)           │ 80)               │            │                   │
├─────────────────────┼───────────────────┼────────────┼───────────────────┤
│ block4b_add (Add)   │ (None, 14, 14,    │          0 │ block4b_drop[0][… │
│                     │ 80)               │            │ block4a_project_… │
├─────────────────────┼───────────────────┼────────────┼───────────────────┤
│ block4c_expand_conv │ (None, 14, 14,    │     38,400 │ block4b_add[0][0] │
│ (Conv2D)            │ 480)              │            │                   │
├─────────────────────┼───────────────────┼────────────┼───────────────────┤
│ block4c_expand_bn   │ (None, 14, 14,    │      1,920 │ block4c_expand_c… │
│ (BatchNormalizatio… │ 480)              │            │                   │
├─────────────────────┼───────────────────┼────────────┼───────────────────┤
│ block4c_expand_act… │ (None, 14, 14,    │          0 │ block4c_expand_b… │
│ (Activation)        │ 480)              │            │                   │
├─────────────────────┼───────────────────┼────────────┼───────────────────┤
│ block4c_dwconv      │ (None, 14, 14,    │      4,320 │ block4c_expand_a… │
│ (DepthwiseConv2D)   │ 480)              │            │                   │
├─────────────────────┼───────────────────┼────────────┼───────────────────┤
│ block4c_bn          │ (None, 14, 14,    │      1,920 │ block4c_dwconv[0… │
│ (BatchNormalizatio… │ 480)              │            │                   │
├─────────────────────┼───────────────────┼────────────┼───────────────────┤
│ block4c_activation  │ (None, 14, 14,    │          0 │ block4c_bn[0][0]  │
│ (Activation)        │ 480)              │            │                   │
├─────────────────────┼───────────────────┼────────────┼───────────────────┤
│ block4c_se_squeeze  │ (None, 480)       │          0 │ block4c_activati… │
│ (GlobalAveragePool… │                   │            │                   │
├─────────────────────┼───────────────────┼────────────┼───────────────────┤
│ block4c_se_reshape  │ (None, 1, 1, 480) │          0 │ block4c_se_squee… │
│ (Reshape)           │                   │            │                   │
├─────────────────────┼───────────────────┼────────────┼───────────────────┤
│ block4c_se_reduce   │ (None, 1, 1, 20)  │      9,620 │ block4c_se_resha… │
│ (Conv2D)            │                   │            │                   │
├─────────────────────┼───────────────────┼────────────┼───────────────────┤
│ block4c_se_expand   │ (None, 1, 1, 480) │     10,080 │ block4c_se_reduc… │
│ (Conv2D)            │                   │            │                   │
├─────────────────────┼───────────────────┼────────────┼───────────────────┤
│ block4c_se_excite   │ (None, 14, 14,    │          0 │ block4c_activati… │
│ (Multiply)          │ 480)              │            │ block4c_se_expan… │
├─────────────────────┼───────────────────┼────────────┼───────────────────┤
│ block4c_project_co… │ (None, 14, 14,    │     38,400 │ block4c_se_excit… │
│ (Conv2D)            │ 80)               │            │                   │
├─────────────────────┼───────────────────┼────────────┼───────────────────┤
│ block4c_project_bn  │ (None, 14, 14,    │        320 │ block4c_project_… │
│ (BatchNormalizatio… │ 80)               │            │                   │
├─────────────────────┼───────────────────┼────────────┼───────────────────┤
│ block4c_drop        │ (None, 14, 14,    │          0 │ block4c_project_… │
│ (Dropout)           │ 80)               │            │                   │
├─────────────────────┼───────────────────┼────────────┼───────────────────┤
│ block4c_add (Add)   │ (None, 14, 14,    │          0 │ block4c_drop[0][… │
│                     │ 80)               │            │ block4b_add[0][0] │
├─────────────────────┼───────────────────┼────────────┼───────────────────┤
│ block5a_expand_conv │ (None, 14, 14,    │     38,400 │ block4c_add[0][0] │
│ (Conv2D)            │ 480)              │            │                   │
├─────────────────────┼───────────────────┼────────────┼───────────────────┤
│ block5a_expand_bn   │ (None, 14, 14,    │      1,920 │ block5a_expand_c… │
│ (BatchNormalizatio… │ 480)              │            │                   │
├─────────────────────┼───────────────────┼────────────┼───────────────────┤
│ block5a_expand_act… │ (None, 14, 14,    │          0 │ block5a_expand_b… │
│ (Activation)        │ 480)              │            │                   │
├─────────────────────┼───────────────────┼────────────┼───────────────────┤
│ block5a_dwconv      │ (None, 14, 14,    │     12,000 │ block5a_expand_a… │
│ (DepthwiseConv2D)   │ 480)              │            │                   │
├─────────────────────┼───────────────────┼────────────┼───────────────────┤
│ block5a_bn          │ (None, 14, 14,    │      1,920 │ block5a_dwconv[0… │
│ (BatchNormalizatio… │ 480)              │            │                   │
├─────────────────────┼───────────────────┼────────────┼───────────────────┤
│ block5a_activation  │ (None, 14, 14,    │          0 │ block5a_bn[0][0]  │
│ (Activation)        │ 480)              │            │                   │
├─────────────────────┼───────────────────┼────────────┼───────────────────┤
│ block5a_se_squeeze  │ (None, 480)       │          0 │ block5a_activati… │
│ (GlobalAveragePool… │                   │            │                   │
├─────────────────────┼───────────────────┼────────────┼───────────────────┤
│ block5a_se_reshape  │ (None, 1, 1, 480) │          0 │ block5a_se_squee… │
│ (Reshape)           │                   │            │                   │
├─────────────────────┼───────────────────┼────────────┼───────────────────┤
│ block5a_se_reduce   │ (None, 1, 1, 20)  │      9,620 │ block5a_se_resha… │
│ (Conv2D)            │                   │            │                   │
├─────────────────────┼───────────────────┼────────────┼───────────────────┤
│ block5a_se_expand   │ (None, 1, 1, 480) │     10,080 │ block5a_se_reduc… │
│ (Conv2D)            │                   │            │                   │
├─────────────────────┼───────────────────┼────────────┼───────────────────┤
│ block5a_se_excite   │ (None, 14, 14,    │          0 │ block5a_activati… │
│ (Multiply)          │ 480)              │            │ block5a_se_expan… │
├─────────────────────┼───────────────────┼────────────┼───────────────────┤
│ block5a_project_co… │ (None, 14, 14,    │     53,760 │ block5a_se_excit… │
│ (Conv2D)            │ 112)              │            │                   │
├─────────────────────┼───────────────────┼────────────┼───────────────────┤
│ block5a_project_bn  │ (None, 14, 14,    │        448 │ block5a_project_… │
│ (BatchNormalizatio… │ 112)              │            │                   │
├─────────────────────┼───────────────────┼────────────┼───────────────────┤
│ block5b_expand_conv │ (None, 14, 14,    │     75,264 │ block5a_project_… │
│ (Conv2D)            │ 672)              │            │                   │
├─────────────────────┼───────────────────┼────────────┼───────────────────┤
│ block5b_expand_bn   │ (None, 14, 14,    │      2,688 │ block5b_expand_c… │
│ (BatchNormalizatio… │ 672)              │            │                   │
├─────────────────────┼───────────────────┼────────────┼───────────────────┤
│ block5b_expand_act… │ (None, 14, 14,    │          0 │ block5b_expand_b… │
│ (Activation)        │ 672)              │            │                   │
├─────────────────────┼───────────────────┼────────────┼───────────────────┤
│ block5b_dwconv      │ (None, 14, 14,    │     16,800 │ block5b_expand_a… │
│ (DepthwiseConv2D)   │ 672)              │            │                   │
├─────────────────────┼───────────────────┼────────────┼───────────────────┤
│ block5b_bn          │ (None, 14, 14,    │      2,688 │ block5b_dwconv[0… │
│ (BatchNormalizatio… │ 672)              │            │                   │
├─────────────────────┼───────────────────┼────────────┼───────────────────┤
│ block5b_activation  │ (None, 14, 14,    │          0 │ block5b_bn[0][0]  │
│ (Activation)        │ 672)              │            │                   │
├─────────────────────┼───────────────────┼────────────┼───────────────────┤
│ block5b_se_squeeze  │ (None, 672)       │          0 │ block5b_activati… │
│ (GlobalAveragePool… │                   │            │                   │
├─────────────────────┼───────────────────┼────────────┼───────────────────┤
│ block5b_se_reshape  │ (None, 1, 1, 672) │          0 │ block5b_se_squee… │
│ (Reshape)           │                   │            │                   │
├─────────────────────┼───────────────────┼────────────┼───────────────────┤
│ block5b_se_reduce   │ (None, 1, 1, 28)  │     18,844 │ block5b_se_resha… │
│ (Conv2D)            │                   │            │                   │
├─────────────────────┼───────────────────┼────────────┼───────────────────┤
│ block5b_se_expand   │ (None, 1, 1, 672) │     19,488 │ block5b_se_reduc… │
│ (Conv2D)            │                   │            │                   │
├─────────────────────┼───────────────────┼────────────┼───────────────────┤
│ block5b_se_excite   │ (None, 14, 14,    │          0 │ block5b_activati… │
│ (Multiply)          │ 672)              │            │ block5b_se_expan… │
├─────────────────────┼───────────────────┼────────────┼───────────────────┤
│ block5b_project_co… │ (None, 14, 14,    │     75,264 │ block5b_se_excit… │
│ (Conv2D)            │ 112)              │            │                   │
├─────────────────────┼───────────────────┼────────────┼───────────────────┤
│ block5b_project_bn  │ (None, 14, 14,    │        448 │ block5b_project_… │
│ (BatchNormalizatio… │ 112)              │            │                   │
├─────────────────────┼───────────────────┼────────────┼───────────────────┤
│ block5b_drop        │ (None, 14, 14,    │          0 │ block5b_project_… │
│ (Dropout)           │ 112)              │            │                   │
├─────────────────────┼───────────────────┼────────────┼───────────────────┤
│ block5b_add (Add)   │ (None, 14, 14,    │          0 │ block5b_drop[0][… │
│                     │ 112)              │            │ block5a_project_… │
├─────────────────────┼───────────────────┼────────────┼───────────────────┤
│ block5c_expand_conv │ (None, 14, 14,    │     75,264 │ block5b_add[0][0] │
│ (Conv2D)            │ 672)              │            │                   │
├─────────────────────┼───────────────────┼────────────┼───────────────────┤
│ block5c_expand_bn   │ (None, 14, 14,    │      2,688 │ block5c_expand_c… │
│ (BatchNormalizatio… │ 672)              │            │                   │
├─────────────────────┼───────────────────┼────────────┼───────────────────┤
│ block5c_expand_act… │ (None, 14, 14,    │          0 │ block5c_expand_b… │
│ (Activation)        │ 672)              │            │                   │
├─────────────────────┼───────────────────┼────────────┼───────────────────┤
│ block5c_dwconv      │ (None, 14, 14,    │     16,800 │ block5c_expand_a… │
│ (DepthwiseConv2D)   │ 672)              │            │                   │
├─────────────────────┼───────────────────┼────────────┼───────────────────┤
│ block5c_bn          │ (None, 14, 14,    │      2,688 │ block5c_dwconv[0… │
│ (BatchNormalizatio… │ 672)              │            │                   │
├─────────────────────┼───────────────────┼────────────┼───────────────────┤
│ block5c_activation  │ (None, 14, 14,    │          0 │ block5c_bn[0][0]  │
│ (Activation)        │ 672)              │            │                   │
├─────────────────────┼───────────────────┼────────────┼───────────────────┤
│ block5c_se_squeeze  │ (None, 672)       │          0 │ block5c_activati… │
│ (GlobalAveragePool… │                   │            │                   │
├─────────────────────┼───────────────────┼────────────┼───────────────────┤
│ block5c_se_reshape  │ (None, 1, 1, 672) │          0 │ block5c_se_squee… │
│ (Reshape)           │                   │            │                   │
├─────────────────────┼───────────────────┼────────────┼───────────────────┤
│ block5c_se_reduce   │ (None, 1, 1, 28)  │     18,844 │ block5c_se_resha… │
│ (Conv2D)            │                   │            │                   │
├─────────────────────┼───────────────────┼────────────┼───────────────────┤
│ block5c_se_expand   │ (None, 1, 1, 672) │     19,488 │ block5c_se_reduc… │
│ (Conv2D)            │                   │            │                   │
├─────────────────────┼───────────────────┼────────────┼───────────────────┤
│ block5c_se_excite   │ (None, 14, 14,    │          0 │ block5c_activati… │
│ (Multiply)          │ 672)              │            │ block5c_se_expan… │
├─────────────────────┼───────────────────┼────────────┼───────────────────┤
│ block5c_project_co… │ (None, 14, 14,    │     75,264 │ block5c_se_excit… │
│ (Conv2D)            │ 112)              │            │                   │
├─────────────────────┼───────────────────┼────────────┼───────────────────┤
│ block5c_project_bn  │ (None, 14, 14,    │        448 │ block5c_project_… │
│ (BatchNormalizatio… │ 112)              │            │                   │
├─────────────────────┼───────────────────┼────────────┼───────────────────┤
│ block5c_drop        │ (None, 14, 14,    │          0 │ block5c_project_… │
│ (Dropout)           │ 112)              │            │                   │
├─────────────────────┼───────────────────┼────────────┼───────────────────┤
│ block5c_add (Add)   │ (None, 14, 14,    │          0 │ block5c_drop[0][… │
│                     │ 112)              │            │ block5b_add[0][0] │
├─────────────────────┼───────────────────┼────────────┼───────────────────┤
│ block6a_expand_conv │ (None, 14, 14,    │     75,264 │ block5c_add[0][0] │
│ (Conv2D)            │ 672)              │            │                   │
├─────────────────────┼───────────────────┼────────────┼───────────────────┤
│ block6a_expand_bn   │ (None, 14, 14,    │      2,688 │ block6a_expand_c… │
│ (BatchNormalizatio… │ 672)              │            │                   │
├─────────────────────┼───────────────────┼────────────┼───────────────────┤
│ block6a_expand_act… │ (None, 14, 14,    │          0 │ block6a_expand_b… │
│ (Activation)        │ 672)              │            │                   │
├─────────────────────┼───────────────────┼────────────┼───────────────────┤
│ block6a_dwconv_pad  │ (None, 17, 17,    │          0 │ block6a_expand_a… │
│ (ZeroPadding2D)     │ 672)              │            │                   │
├─────────────────────┼───────────────────┼────────────┼───────────────────┤
│ block6a_dwconv      │ (None, 7, 7, 672) │     16,800 │ block6a_dwconv_p… │
│ (DepthwiseConv2D)   │                   │            │                   │
├─────────────────────┼───────────────────┼────────────┼───────────────────┤
│ block6a_bn          │ (None, 7, 7, 672) │      2,688 │ block6a_dwconv[0… │
│ (BatchNormalizatio… │                   │            │                   │
├─────────────────────┼───────────────────┼────────────┼───────────────────┤
│ block6a_activation  │ (None, 7, 7, 672) │          0 │ block6a_bn[0][0]  │
│ (Activation)        │                   │            │                   │
├─────────────────────┼───────────────────┼────────────┼───────────────────┤
│ block6a_se_squeeze  │ (None, 672)       │          0 │ block6a_activati… │
│ (GlobalAveragePool… │                   │            │                   │
├─────────────────────┼───────────────────┼────────────┼───────────────────┤
│ block6a_se_reshape  │ (None, 1, 1, 672) │          0 │ block6a_se_squee… │
│ (Reshape)           │                   │            │                   │
├─────────────────────┼───────────────────┼────────────┼───────────────────┤
│ block6a_se_reduce   │ (None, 1, 1, 28)  │     18,844 │ block6a_se_resha… │
│ (Conv2D)            │                   │            │                   │
├─────────────────────┼───────────────────┼────────────┼───────────────────┤
│ block6a_se_expand   │ (None, 1, 1, 672) │     19,488 │ block6a_se_reduc… │
│ (Conv2D)            │                   │            │                   │
├─────────────────────┼───────────────────┼────────────┼───────────────────┤
│ block6a_se_excite   │ (None, 7, 7, 672) │          0 │ block6a_activati… │
│ (Multiply)          │                   │            │ block6a_se_expan… │
├─────────────────────┼───────────────────┼────────────┼───────────────────┤
│ block6a_project_co… │ (None, 7, 7, 192) │    129,024 │ block6a_se_excit… │
│ (Conv2D)            │                   │            │                   │
├─────────────────────┼───────────────────┼────────────┼───────────────────┤
│ block6a_project_bn  │ (None, 7, 7, 192) │        768 │ block6a_project_… │
│ (BatchNormalizatio… │                   │            │                   │
├─────────────────────┼───────────────────┼────────────┼───────────────────┤
│ block6b_expand_conv │ (None, 7, 7,      │    221,184 │ block6a_project_… │
│ (Conv2D)            │ 1152)             │            │                   │
├─────────────────────┼───────────────────┼────────────┼───────────────────┤
│ block6b_expand_bn   │ (None, 7, 7,      │      4,608 │ block6b_expand_c… │
│ (BatchNormalizatio… │ 1152)             │            │                   │
├─────────────────────┼───────────────────┼────────────┼───────────────────┤
│ block6b_expand_act… │ (None, 7, 7,      │          0 │ block6b_expand_b… │
│ (Activation)        │ 1152)             │            │                   │
├─────────────────────┼───────────────────┼────────────┼───────────────────┤
│ block6b_dwconv      │ (None, 7, 7,      │     28,800 │ block6b_expand_a… │
│ (DepthwiseConv2D)   │ 1152)             │            │                   │
├─────────────────────┼───────────────────┼────────────┼───────────────────┤
│ block6b_bn          │ (None, 7, 7,      │      4,608 │ block6b_dwconv[0… │
│ (BatchNormalizatio… │ 1152)             │            │                   │
├─────────────────────┼───────────────────┼────────────┼───────────────────┤
│ block6b_activation  │ (None, 7, 7,      │          0 │ block6b_bn[0][0]  │
│ (Activation)        │ 1152)             │            │                   │
├─────────────────────┼───────────────────┼────────────┼───────────────────┤
│ block6b_se_squeeze  │ (None, 1152)      │          0 │ block6b_activati… │
│ (GlobalAveragePool… │                   │            │                   │
├─────────────────────┼───────────────────┼────────────┼───────────────────┤
│ block6b_se_reshape  │ (None, 1, 1,      │          0 │ block6b_se_squee… │
│ (Reshape)           │ 1152)             │            │                   │
├─────────────────────┼───────────────────┼────────────┼───────────────────┤
│ block6b_se_reduce   │ (None, 1, 1, 48)  │     55,344 │ block6b_se_resha… │
│ (Conv2D)            │                   │            │                   │
├─────────────────────┼───────────────────┼────────────┼───────────────────┤
│ block6b_se_expand   │ (None, 1, 1,      │     56,448 │ block6b_se_reduc… │
│ (Conv2D)            │ 1152)             │            │                   │
├─────────────────────┼───────────────────┼────────────┼───────────────────┤
│ block6b_se_excite   │ (None, 7, 7,      │          0 │ block6b_activati… │
│ (Multiply)          │ 1152)             │            │ block6b_se_expan… │
├─────────────────────┼───────────────────┼────────────┼───────────────────┤
│ block6b_project_co… │ (None, 7, 7, 192) │    221,184 │ block6b_se_excit… │
│ (Conv2D)            │                   │            │                   │
├─────────────────────┼───────────────────┼────────────┼───────────────────┤
│ block6b_project_bn  │ (None, 7, 7, 192) │        768 │ block6b_project_… │
│ (BatchNormalizatio… │                   │            │                   │
├─────────────────────┼───────────────────┼────────────┼───────────────────┤
│ block6b_drop        │ (None, 7, 7, 192) │          0 │ block6b_project_… │
│ (Dropout)           │                   │            │                   │
├─────────────────────┼───────────────────┼────────────┼───────────────────┤
│ block6b_add (Add)   │ (None, 7, 7, 192) │          0 │ block6b_drop[0][… │
│                     │                   │            │ block6a_project_… │
├─────────────────────┼───────────────────┼────────────┼───────────────────┤
│ block6c_expand_conv │ (None, 7, 7,      │    221,184 │ block6b_add[0][0] │
│ (Conv2D)            │ 1152)             │            │                   │
├─────────────────────┼───────────────────┼────────────┼───────────────────┤
│ block6c_expand_bn   │ (None, 7, 7,      │      4,608 │ block6c_expand_c… │
│ (BatchNormalizatio… │ 1152)             │            │                   │
├─────────────────────┼───────────────────┼────────────┼───────────────────┤
│ block6c_expand_act… │ (None, 7, 7,      │          0 │ block6c_expand_b… │
│ (Activation)        │ 1152)             │            │                   │
├─────────────────────┼───────────────────┼────────────┼───────────────────┤
│ block6c_dwconv      │ (None, 7, 7,      │     28,800 │ block6c_expand_a… │
│ (DepthwiseConv2D)   │ 1152)             │            │                   │
├─────────────────────┼───────────────────┼────────────┼───────────────────┤
│ block6c_bn          │ (None, 7, 7,      │      4,608 │ block6c_dwconv[0… │
│ (BatchNormalizatio… │ 1152)             │            │                   │
├─────────────────────┼───────────────────┼────────────┼───────────────────┤
│ block6c_activation  │ (None, 7, 7,      │          0 │ block6c_bn[0][0]  │
│ (Activation)        │ 1152)             │            │                   │
├─────────────────────┼───────────────────┼────────────┼───────────────────┤
│ block6c_se_squeeze  │ (None, 1152)      │          0 │ block6c_activati… │
│ (GlobalAveragePool… │                   │            │                   │
├─────────────────────┼───────────────────┼────────────┼───────────────────┤
│ block6c_se_reshape  │ (None, 1, 1,      │          0 │ block6c_se_squee… │
│ (Reshape)           │ 1152)             │            │                   │
├─────────────────────┼───────────────────┼────────────┼───────────────────┤
│ block6c_se_reduce   │ (None, 1, 1, 48)  │     55,344 │ block6c_se_resha… │
│ (Conv2D)            │                   │            │                   │
├─────────────────────┼───────────────────┼────────────┼───────────────────┤
│ block6c_se_expand   │ (None, 1, 1,      │     56,448 │ block6c_se_reduc… │
│ (Conv2D)            │ 1152)             │            │                   │
├─────────────────────┼───────────────────┼────────────┼───────────────────┤
│ block6c_se_excite   │ (None, 7, 7,      │          0 │ block6c_activati… │
│ (Multiply)          │ 1152)             │            │ block6c_se_expan… │
├─────────────────────┼───────────────────┼────────────┼───────────────────┤
│ block6c_project_co… │ (None, 7, 7, 192) │    221,184 │ block6c_se_excit… │
│ (Conv2D)            │                   │            │                   │
├─────────────────────┼───────────────────┼────────────┼───────────────────┤
│ block6c_project_bn  │ (None, 7, 7, 192) │        768 │ block6c_project_… │
│ (BatchNormalizatio… │                   │            │                   │
├─────────────────────┼───────────────────┼────────────┼───────────────────┤
│ block6c_drop        │ (None, 7, 7, 192) │          0 │ block6c_project_… │
│ (Dropout)           │                   │            │                   │
├─────────────────────┼───────────────────┼────────────┼───────────────────┤
│ block6c_add (Add)   │ (None, 7, 7, 192) │          0 │ block6c_drop[0][… │
│                     │                   │            │ block6b_add[0][0] │
├─────────────────────┼───────────────────┼────────────┼───────────────────┤
│ block6d_expand_conv │ (None, 7, 7,      │    221,184 │ block6c_add[0][0] │
│ (Conv2D)            │ 1152)             │            │                   │
├─────────────────────┼───────────────────┼────────────┼───────────────────┤
│ block6d_expand_bn   │ (None, 7, 7,      │      4,608 │ block6d_expand_c… │
│ (BatchNormalizatio… │ 1152)             │            │                   │
├─────────────────────┼───────────────────┼────────────┼───────────────────┤
│ block6d_expand_act… │ (None, 7, 7,      │          0 │ block6d_expand_b… │
│ (Activation)        │ 1152)             │            │                   │
├─────────────────────┼───────────────────┼────────────┼───────────────────┤
│ block6d_dwconv      │ (None, 7, 7,      │     28,800 │ block6d_expand_a… │
│ (DepthwiseConv2D)   │ 1152)             │            │                   │
├─────────────────────┼───────────────────┼────────────┼───────────────────┤
│ block6d_bn          │ (None, 7, 7,      │      4,608 │ block6d_dwconv[0… │
│ (BatchNormalizatio… │ 1152)             │            │                   │
├─────────────────────┼───────────────────┼────────────┼───────────────────┤
│ block6d_activation  │ (None, 7, 7,      │          0 │ block6d_bn[0][0]  │
│ (Activation)        │ 1152)             │            │                   │
├─────────────────────┼───────────────────┼────────────┼───────────────────┤
│ block6d_se_squeeze  │ (None, 1152)      │          0 │ block6d_activati… │
│ (GlobalAveragePool… │                   │            │                   │
├─────────────────────┼───────────────────┼────────────┼───────────────────┤
│ block6d_se_reshape  │ (None, 1, 1,      │          0 │ block6d_se_squee… │
│ (Reshape)           │ 1152)             │            │                   │
├─────────────────────┼───────────────────┼────────────┼───────────────────┤
│ block6d_se_reduce   │ (None, 1, 1, 48)  │     55,344 │ block6d_se_resha… │
│ (Conv2D)            │                   │            │                   │
├─────────────────────┼───────────────────┼────────────┼───────────────────┤
│ block6d_se_expand   │ (None, 1, 1,      │     56,448 │ block6d_se_reduc… │
│ (Conv2D)            │ 1152)             │            │                   │
├─────────────────────┼───────────────────┼────────────┼───────────────────┤
│ block6d_se_excite   │ (None, 7, 7,      │          0 │ block6d_activati… │
│ (Multiply)          │ 1152)             │            │ block6d_se_expan… │
├─────────────────────┼───────────────────┼────────────┼───────────────────┤
│ block6d_project_co… │ (None, 7, 7, 192) │    221,184 │ block6d_se_excit… │
│ (Conv2D)            │                   │            │                   │
├─────────────────────┼───────────────────┼────────────┼───────────────────┤
│ block6d_project_bn  │ (None, 7, 7, 192) │        768 │ block6d_project_… │
│ (BatchNormalizatio… │                   │            │                   │
├─────────────────────┼───────────────────┼────────────┼───────────────────┤
│ block6d_drop        │ (None, 7, 7, 192) │          0 │ block6d_project_… │
│ (Dropout)           │                   │            │                   │
├─────────────────────┼───────────────────┼────────────┼───────────────────┤
│ block6d_add (Add)   │ (None, 7, 7, 192) │          0 │ block6d_drop[0][… │
│                     │                   │            │ block6c_add[0][0] │
├─────────────────────┼───────────────────┼────────────┼───────────────────┤
│ block7a_expand_conv │ (None, 7, 7,      │    221,184 │ block6d_add[0][0] │
│ (Conv2D)            │ 1152)             │            │                   │
├─────────────────────┼───────────────────┼────────────┼───────────────────┤
│ block7a_expand_bn   │ (None, 7, 7,      │      4,608 │ block7a_expand_c… │
│ (BatchNormalizatio… │ 1152)             │            │                   │
├─────────────────────┼───────────────────┼────────────┼───────────────────┤
│ block7a_expand_act… │ (None, 7, 7,      │          0 │ block7a_expand_b… │
│ (Activation)        │ 1152)             │            │                   │
├─────────────────────┼───────────────────┼────────────┼───────────────────┤
│ block7a_dwconv      │ (None, 7, 7,      │     10,368 │ block7a_expand_a… │
│ (DepthwiseConv2D)   │ 1152)             │            │                   │
├─────────────────────┼───────────────────┼────────────┼───────────────────┤
│ block7a_bn          │ (None, 7, 7,      │      4,608 │ block7a_dwconv[0… │
│ (BatchNormalizatio… │ 1152)             │            │                   │
├─────────────────────┼───────────────────┼────────────┼───────────────────┤
│ block7a_activation  │ (None, 7, 7,      │          0 │ block7a_bn[0][0]  │
│ (Activation)        │ 1152)             │            │                   │
├─────────────────────┼───────────────────┼────────────┼───────────────────┤
│ block7a_se_squeeze  │ (None, 1152)      │          0 │ block7a_activati… │
│ (GlobalAveragePool… │                   │            │                   │
├─────────────────────┼───────────────────┼────────────┼───────────────────┤
│ block7a_se_reshape  │ (None, 1, 1,      │          0 │ block7a_se_squee… │
│ (Reshape)           │ 1152)             │            │                   │
├─────────────────────┼───────────────────┼────────────┼───────────────────┤
│ block7a_se_reduce   │ (None, 1, 1, 48)  │     55,344 │ block7a_se_resha… │
│ (Conv2D)            │                   │            │                   │
├─────────────────────┼───────────────────┼────────────┼───────────────────┤
│ block7a_se_expand   │ (None, 1, 1,      │     56,448 │ block7a_se_reduc… │
│ (Conv2D)            │ 1152)             │            │                   │
├─────────────────────┼───────────────────┼────────────┼───────────────────┤
│ block7a_se_excite   │ (None, 7, 7,      │          0 │ block7a_activati… │
│ (Multiply)          │ 1152)             │            │ block7a_se_expan… │
├─────────────────────┼───────────────────┼────────────┼───────────────────┤
│ block7a_project_co… │ (None, 7, 7, 320) │    368,640 │ block7a_se_excit… │
│ (Conv2D)            │                   │            │                   │
├─────────────────────┼───────────────────┼────────────┼───────────────────┤
│ block7a_project_bn  │ (None, 7, 7, 320) │      1,280 │ block7a_project_… │
│ (BatchNormalizatio… │                   │            │                   │
├─────────────────────┼───────────────────┼────────────┼───────────────────┤
│ top_conv (Conv2D)   │ (None, 7, 7,      │    409,600 │ block7a_project_… │
│                     │ 1280)             │            │                   │
├─────────────────────┼───────────────────┼────────────┼───────────────────┤
│ top_bn              │ (None, 7, 7,      │      5,120 │ top_conv[0][0]    │
│ (BatchNormalizatio… │ 1280)             │            │                   │
├─────────────────────┼───────────────────┼────────────┼───────────────────┤
│ top_activation      │ (None, 7, 7,      │          0 │ top_bn[0][0]      │
│ (Activation)        │ 1280)             │            │                   │
├─────────────────────┼───────────────────┼────────────┼───────────────────┤
│ gap                 │ (None, 1280)      │          0 │ top_activation[0… │
│ (GlobalAveragePool… │                   │            │                   │
├─────────────────────┼───────────────────┼────────────┼───────────────────┤
│ batch_normalization │ (None, 1280)      │      5,120 │ gap[0][0]         │
│ (BatchNormalizatio… │                   │            │                   │
├─────────────────────┼───────────────────┼────────────┼───────────────────┤
│ dropout (Dropout)   │ (None, 1280)      │          0 │ batch_normalizat… │
├─────────────────────┼───────────────────┼────────────┼───────────────────┤
│ output (Dense)      │ (None, 1)         │      1,281 │ dropout[0][0]     │
└─────────────────────┴───────────────────┴────────────┴───────────────────┘
 Total params: 4,055,972 (15.47 MB)
 Trainable params: 3,841 (15.00 KB)
 Non-trainable params: 4,052,131 (15.46 MB)

2026-07-02 02:48:29 [INFO] ━━━━━━━━━━━━━━━━━━━━━━━━━━━━━━━━━━━━━━━━━━━━━━━━━━━━━━━━━━━━
2026-07-02 02:48:29 [INFO] STAGE 4 — Phase 1: Feature Extraction (backbone frozen)
2026-07-02 02:48:29 [INFO] ━━━━━━━━━━━━━━━━━━━━━━━━━━━━━━━━━━━━━━━━━━━━━━━━━━━━━━━━━━━━
2026-07-02 02:48:29 [INFO] Epochs planned : 20
2026-07-02 02:48:29 [INFO] Learning rate  : 1.00e-03
2026-07-02 02:48:29 [INFO] Per-epoch weights → checkpoints/epoch_weights/phase1/
2026-07-02 02:48:29 [INFO]   ── Epoch 1 starting...
2026-07-02 14:53:52 [INFO] ════════════════════════════════════════════════════════════
2026-07-02 14:53:52 [INFO]   Cats vs Dogs — EfficientNetB0 Transfer Learning
2026-07-02 14:53:52 [INFO]   Mode: FULL TRAINING
2026-07-02 14:53:52 [INFO]   Started: 2026-07-02 14:53:52
2026-07-02 14:53:52 [INFO] ════════════════════════════════════════════════════════════
2026-07-02 14:53:52 [INFO] ━━━━━━━━━━━━━━━━━━━━━━━━━━━━━━━━━━━━━━━━━━━━━━━━━━━━━━━━━━━━
2026-07-02 14:53:52 [INFO] STAGE 1 — Environment check
2026-07-02 14:53:52 [INFO] ━━━━━━━━━━━━━━━━━━━━━━━━━━━━━━━━━━━━━━━━━━━━━━━━━━━━━━━━━━━━
2026-07-02 14:53:52 [INFO] Python       : 3.11.15 (main, Mar 11 2026, 17:20:07) [GCC 14.3.0]
2026-07-02 14:53:52 [INFO] TensorFlow   : 2.21.0
2026-07-02 14:53:53 [INFO] GPUs visible : 1
2026-07-02 14:53:53 [INFO]   PhysicalDevice(name='/physical_device:GPU:0', device_type='GPU')
2026-07-02 14:53:53 [INFO]   Memory growth enabled on /physical_device:GPU:0
2026-07-02 14:53:53 [INFO] Working dir  : /mnt/appbio_a/groups/Year_4/NChasan/DMining_project
2026-07-02 14:53:53 [INFO] Data dir     : /mnt/appbio_a/groups/Year_4/NChasan/DMining_project/PetImages
2026-07-02 14:53:53 [INFO] ✔ CHECKPOINT [env_check] — TF 2.21.0, 1 GPU(s)
2026-07-02 14:53:53 [INFO] ━━━━━━━━━━━━━━━━━━━━━━━━━━━━━━━━━━━━━━━━━━━━━━━━━━━━━━━━━━━━
2026-07-02 14:53:53 [INFO] STAGE 2 — Data loading & pipeline
2026-07-02 14:53:53 [INFO] ━━━━━━━━━━━━━━━━━━━━━━━━━━━━━━━━━━━━━━━━━━━━━━━━━━━━━━━━━━━━
2026-07-02 14:53:53 [INFO] Reading images from: PetImages
2026-07-02 14:53:59 [INFO] Directory scan done in 6.4s
2026-07-02 14:53:59 [INFO] Total images : 24931
2026-07-02 14:53:59 [INFO] Train        : 17453
2026-07-02 14:53:59 [INFO] Val          : 3739
2026-07-02 14:53:59 [INFO] Test         : 3739
2026-07-02 14:53:59 [INFO] Building augmentation pipeline...
2026-07-02 14:53:59 [INFO] Train batches : 546
2026-07-02 14:53:59 [INFO] Val   batches : 117
2026-07-02 14:53:59 [INFO] Test  batches : 117
2026-07-02 14:53:59 [INFO] Pulling one batch to verify pipeline...
2026-07-02 14:54:00 [INFO]   Batch shape  : images=(32, 224, 224, 3)  labels=(32, 1)
2026-07-02 14:54:00 [INFO]   Pixel range  : [0.0, 255.0]
2026-07-02 14:54:00 [INFO]   Label dtype  : <dtype: 'float32'>
2026-07-02 14:54:00 [INFO] ✔ CHECKPOINT [data_pipeline] — 17453 train / 3739 val / 3739 test images
2026-07-02 14:54:00 [INFO] ━━━━━━━━━━━━━━━━━━━━━━━━━━━━━━━━━━━━━━━━━━━━━━━━━━━━━━━━━━━━
2026-07-02 14:54:00 [INFO] STAGE 3 — Model construction (EfficientNetB0 backbone)
2026-07-02 14:54:00 [INFO] ━━━━━━━━━━━━━━━━━━━━━━━━━━━━━━━━━━━━━━━━━━━━━━━━━━━━━━━━━━━━
2026-07-02 14:54:00 [INFO] Loading EfficientNetB0 with ImageNet weights...
2026-07-02 14:54:03 [INFO] Backbone loaded in 3.7s
2026-07-02 14:54:03 [INFO] Total params     : 4,055,972
2026-07-02 14:54:03 [INFO] Trainable params : 3,841
2026-07-02 14:54:03 [INFO] Frozen params    : 4,052,151.0
2026-07-02 14:54:03 [INFO] Model diagram saved to checkpoints/model_architecture.png
2026-07-02 14:54:03 [INFO] ✔ CHECKPOINT [model_built] — 4,055,972 total params
2026-07-02 14:54:03 [INFO] Compiling model — lr=1.00e-03  phase=phase1
2026-07-02 14:54:03 [INFO] ✔ CHECKPOINT [compile_phase1] — lr=1.00e-03
2026-07-02 14:54:04 [INFO] Model: "CatsVsDogs_EfficientNetB0"
┏━━━━━━━━━━━━━━━━━━━━━┳━━━━━━━━━━━━━━━━━━━┳━━━━━━━━━━━━┳━━━━━━━━━━━━━━━━━━━┓
┃ Layer (type)        ┃ Output Shape      ┃    Param # ┃ Connected to      ┃
┡━━━━━━━━━━━━━━━━━━━━━╇━━━━━━━━━━━━━━━━━━━╇━━━━━━━━━━━━╇━━━━━━━━━━━━━━━━━━━┩
│ input_image         │ (None, 224, 224,  │          0 │ -                 │
│ (InputLayer)        │ 3)                │            │                   │
├─────────────────────┼───────────────────┼────────────┼───────────────────┤
│ rescaling           │ (None, 224, 224,  │          0 │ input_image[0][0] │
│ (Rescaling)         │ 3)                │            │                   │
├─────────────────────┼───────────────────┼────────────┼───────────────────┤
│ normalization       │ (None, 224, 224,  │          7 │ rescaling[0][0]   │
│ (Normalization)     │ 3)                │            │                   │
├─────────────────────┼───────────────────┼────────────┼───────────────────┤
│ rescaling_1         │ (None, 224, 224,  │          0 │ normalization[0]… │
│ (Rescaling)         │ 3)                │            │                   │
├─────────────────────┼───────────────────┼────────────┼───────────────────┤
│ stem_conv_pad       │ (None, 225, 225,  │          0 │ rescaling_1[0][0] │
│ (ZeroPadding2D)     │ 3)                │            │                   │
├─────────────────────┼───────────────────┼────────────┼───────────────────┤
│ stem_conv (Conv2D)  │ (None, 112, 112,  │        864 │ stem_conv_pad[0]… │
│                     │ 32)               │            │                   │
├─────────────────────┼───────────────────┼────────────┼───────────────────┤
│ stem_bn             │ (None, 112, 112,  │        128 │ stem_conv[0][0]   │
│ (BatchNormalizatio… │ 32)               │            │                   │
├─────────────────────┼───────────────────┼────────────┼───────────────────┤
│ stem_activation     │ (None, 112, 112,  │          0 │ stem_bn[0][0]     │
│ (Activation)        │ 32)               │            │                   │
├─────────────────────┼───────────────────┼────────────┼───────────────────┤
│ block1a_dwconv      │ (None, 112, 112,  │        288 │ stem_activation[… │
│ (DepthwiseConv2D)   │ 32)               │            │                   │
├─────────────────────┼───────────────────┼────────────┼───────────────────┤
│ block1a_bn          │ (None, 112, 112,  │        128 │ block1a_dwconv[0… │
│ (BatchNormalizatio… │ 32)               │            │                   │
├─────────────────────┼───────────────────┼────────────┼───────────────────┤
│ block1a_activation  │ (None, 112, 112,  │          0 │ block1a_bn[0][0]  │
│ (Activation)        │ 32)               │            │                   │
├─────────────────────┼───────────────────┼────────────┼───────────────────┤
│ block1a_se_squeeze  │ (None, 32)        │          0 │ block1a_activati… │
│ (GlobalAveragePool… │                   │            │                   │
├─────────────────────┼───────────────────┼────────────┼───────────────────┤
│ block1a_se_reshape  │ (None, 1, 1, 32)  │          0 │ block1a_se_squee… │
│ (Reshape)           │                   │            │                   │
├─────────────────────┼───────────────────┼────────────┼───────────────────┤
│ block1a_se_reduce   │ (None, 1, 1, 8)   │        264 │ block1a_se_resha… │
│ (Conv2D)            │                   │            │                   │
├─────────────────────┼───────────────────┼────────────┼───────────────────┤
│ block1a_se_expand   │ (None, 1, 1, 32)  │        288 │ block1a_se_reduc… │
│ (Conv2D)            │                   │            │                   │
├─────────────────────┼───────────────────┼────────────┼───────────────────┤
│ block1a_se_excite   │ (None, 112, 112,  │          0 │ block1a_activati… │
│ (Multiply)          │ 32)               │            │ block1a_se_expan… │
├─────────────────────┼───────────────────┼────────────┼───────────────────┤
│ block1a_project_co… │ (None, 112, 112,  │        512 │ block1a_se_excit… │
│ (Conv2D)            │ 16)               │            │                   │
├─────────────────────┼───────────────────┼────────────┼───────────────────┤
│ block1a_project_bn  │ (None, 112, 112,  │         64 │ block1a_project_… │
│ (BatchNormalizatio… │ 16)               │            │                   │
├─────────────────────┼───────────────────┼────────────┼───────────────────┤
│ block2a_expand_conv │ (None, 112, 112,  │      1,536 │ block1a_project_… │
│ (Conv2D)            │ 96)               │            │                   │
├─────────────────────┼───────────────────┼────────────┼───────────────────┤
│ block2a_expand_bn   │ (None, 112, 112,  │        384 │ block2a_expand_c… │
│ (BatchNormalizatio… │ 96)               │            │                   │
├─────────────────────┼───────────────────┼────────────┼───────────────────┤
│ block2a_expand_act… │ (None, 112, 112,  │          0 │ block2a_expand_b… │
│ (Activation)        │ 96)               │            │                   │
├─────────────────────┼───────────────────┼────────────┼───────────────────┤
│ block2a_dwconv_pad  │ (None, 113, 113,  │          0 │ block2a_expand_a… │
│ (ZeroPadding2D)     │ 96)               │            │                   │
├─────────────────────┼───────────────────┼────────────┼───────────────────┤
│ block2a_dwconv      │ (None, 56, 56,    │        864 │ block2a_dwconv_p… │
│ (DepthwiseConv2D)   │ 96)               │            │                   │
├─────────────────────┼───────────────────┼────────────┼───────────────────┤
│ block2a_bn          │ (None, 56, 56,    │        384 │ block2a_dwconv[0… │
│ (BatchNormalizatio… │ 96)               │            │                   │
├─────────────────────┼───────────────────┼────────────┼───────────────────┤
│ block2a_activation  │ (None, 56, 56,    │          0 │ block2a_bn[0][0]  │
│ (Activation)        │ 96)               │            │                   │
├─────────────────────┼───────────────────┼────────────┼───────────────────┤
│ block2a_se_squeeze  │ (None, 96)        │          0 │ block2a_activati… │
│ (GlobalAveragePool… │                   │            │                   │
├─────────────────────┼───────────────────┼────────────┼───────────────────┤
│ block2a_se_reshape  │ (None, 1, 1, 96)  │          0 │ block2a_se_squee… │
│ (Reshape)           │                   │            │                   │
├─────────────────────┼───────────────────┼────────────┼───────────────────┤
│ block2a_se_reduce   │ (None, 1, 1, 4)   │        388 │ block2a_se_resha… │
│ (Conv2D)            │                   │            │                   │
├─────────────────────┼───────────────────┼────────────┼───────────────────┤
│ block2a_se_expand   │ (None, 1, 1, 96)  │        480 │ block2a_se_reduc… │
│ (Conv2D)            │                   │            │                   │
├─────────────────────┼───────────────────┼────────────┼───────────────────┤
│ block2a_se_excite   │ (None, 56, 56,    │          0 │ block2a_activati… │
│ (Multiply)          │ 96)               │            │ block2a_se_expan… │
├─────────────────────┼───────────────────┼────────────┼───────────────────┤
│ block2a_project_co… │ (None, 56, 56,    │      2,304 │ block2a_se_excit… │
│ (Conv2D)            │ 24)               │            │                   │
├─────────────────────┼───────────────────┼────────────┼───────────────────┤
│ block2a_project_bn  │ (None, 56, 56,    │         96 │ block2a_project_… │
│ (BatchNormalizatio… │ 24)               │            │                   │
├─────────────────────┼───────────────────┼────────────┼───────────────────┤
│ block2b_expand_conv │ (None, 56, 56,    │      3,456 │ block2a_project_… │
│ (Conv2D)            │ 144)              │            │                   │
├─────────────────────┼───────────────────┼────────────┼───────────────────┤
│ block2b_expand_bn   │ (None, 56, 56,    │        576 │ block2b_expand_c… │
│ (BatchNormalizatio… │ 144)              │            │                   │
├─────────────────────┼───────────────────┼────────────┼───────────────────┤
│ block2b_expand_act… │ (None, 56, 56,    │          0 │ block2b_expand_b… │
│ (Activation)        │ 144)              │            │                   │
├─────────────────────┼───────────────────┼────────────┼───────────────────┤
│ block2b_dwconv      │ (None, 56, 56,    │      1,296 │ block2b_expand_a… │
│ (DepthwiseConv2D)   │ 144)              │            │                   │
├─────────────────────┼───────────────────┼────────────┼───────────────────┤
│ block2b_bn          │ (None, 56, 56,    │        576 │ block2b_dwconv[0… │
│ (BatchNormalizatio… │ 144)              │            │                   │
├─────────────────────┼───────────────────┼────────────┼───────────────────┤
│ block2b_activation  │ (None, 56, 56,    │          0 │ block2b_bn[0][0]  │
│ (Activation)        │ 144)              │            │                   │
├─────────────────────┼───────────────────┼────────────┼───────────────────┤
│ block2b_se_squeeze  │ (None, 144)       │          0 │ block2b_activati… │
│ (GlobalAveragePool… │                   │            │                   │
├─────────────────────┼───────────────────┼────────────┼───────────────────┤
│ block2b_se_reshape  │ (None, 1, 1, 144) │          0 │ block2b_se_squee… │
│ (Reshape)           │                   │            │                   │
├─────────────────────┼───────────────────┼────────────┼───────────────────┤
│ block2b_se_reduce   │ (None, 1, 1, 6)   │        870 │ block2b_se_resha… │
│ (Conv2D)            │                   │            │                   │
├─────────────────────┼───────────────────┼────────────┼───────────────────┤
│ block2b_se_expand   │ (None, 1, 1, 144) │      1,008 │ block2b_se_reduc… │
│ (Conv2D)            │                   │            │                   │
├─────────────────────┼───────────────────┼────────────┼───────────────────┤
│ block2b_se_excite   │ (None, 56, 56,    │          0 │ block2b_activati… │
│ (Multiply)          │ 144)              │            │ block2b_se_expan… │
├─────────────────────┼───────────────────┼────────────┼───────────────────┤
│ block2b_project_co… │ (None, 56, 56,    │      3,456 │ block2b_se_excit… │
│ (Conv2D)            │ 24)               │            │                   │
├─────────────────────┼───────────────────┼────────────┼───────────────────┤
│ block2b_project_bn  │ (None, 56, 56,    │         96 │ block2b_project_… │
│ (BatchNormalizatio… │ 24)               │            │                   │
├─────────────────────┼───────────────────┼────────────┼───────────────────┤
│ block2b_drop        │ (None, 56, 56,    │          0 │ block2b_project_… │
│ (Dropout)           │ 24)               │            │                   │
├─────────────────────┼───────────────────┼────────────┼───────────────────┤
│ block2b_add (Add)   │ (None, 56, 56,    │          0 │ block2b_drop[0][… │
│                     │ 24)               │            │ block2a_project_… │
├─────────────────────┼───────────────────┼────────────┼───────────────────┤
│ block3a_expand_conv │ (None, 56, 56,    │      3,456 │ block2b_add[0][0] │
│ (Conv2D)            │ 144)              │            │                   │
├─────────────────────┼───────────────────┼────────────┼───────────────────┤
│ block3a_expand_bn   │ (None, 56, 56,    │        576 │ block3a_expand_c… │
│ (BatchNormalizatio… │ 144)              │            │                   │
├─────────────────────┼───────────────────┼────────────┼───────────────────┤
│ block3a_expand_act… │ (None, 56, 56,    │          0 │ block3a_expand_b… │
│ (Activation)        │ 144)              │            │                   │
├─────────────────────┼───────────────────┼────────────┼───────────────────┤
│ block3a_dwconv_pad  │ (None, 59, 59,    │          0 │ block3a_expand_a… │
│ (ZeroPadding2D)     │ 144)              │            │                   │
├─────────────────────┼───────────────────┼────────────┼───────────────────┤
│ block3a_dwconv      │ (None, 28, 28,    │      3,600 │ block3a_dwconv_p… │
│ (DepthwiseConv2D)   │ 144)              │            │                   │
├─────────────────────┼───────────────────┼────────────┼───────────────────┤
│ block3a_bn          │ (None, 28, 28,    │        576 │ block3a_dwconv[0… │
│ (BatchNormalizatio… │ 144)              │            │                   │
├─────────────────────┼───────────────────┼────────────┼───────────────────┤
│ block3a_activation  │ (None, 28, 28,    │          0 │ block3a_bn[0][0]  │
│ (Activation)        │ 144)              │            │                   │
├─────────────────────┼───────────────────┼────────────┼───────────────────┤
│ block3a_se_squeeze  │ (None, 144)       │          0 │ block3a_activati… │
│ (GlobalAveragePool… │                   │            │                   │
├─────────────────────┼───────────────────┼────────────┼───────────────────┤
│ block3a_se_reshape  │ (None, 1, 1, 144) │          0 │ block3a_se_squee… │
│ (Reshape)           │                   │            │                   │
├─────────────────────┼───────────────────┼────────────┼───────────────────┤
│ block3a_se_reduce   │ (None, 1, 1, 6)   │        870 │ block3a_se_resha… │
│ (Conv2D)            │                   │            │                   │
├─────────────────────┼───────────────────┼────────────┼───────────────────┤
│ block3a_se_expand   │ (None, 1, 1, 144) │      1,008 │ block3a_se_reduc… │
│ (Conv2D)            │                   │            │                   │
├─────────────────────┼───────────────────┼────────────┼───────────────────┤
│ block3a_se_excite   │ (None, 28, 28,    │          0 │ block3a_activati… │
│ (Multiply)          │ 144)              │            │ block3a_se_expan… │
├─────────────────────┼───────────────────┼────────────┼───────────────────┤
│ block3a_project_co… │ (None, 28, 28,    │      5,760 │ block3a_se_excit… │
│ (Conv2D)            │ 40)               │            │                   │
├─────────────────────┼───────────────────┼────────────┼───────────────────┤
│ block3a_project_bn  │ (None, 28, 28,    │        160 │ block3a_project_… │
│ (BatchNormalizatio… │ 40)               │            │                   │
├─────────────────────┼───────────────────┼────────────┼───────────────────┤
│ block3b_expand_conv │ (None, 28, 28,    │      9,600 │ block3a_project_… │
│ (Conv2D)            │ 240)              │            │                   │
├─────────────────────┼───────────────────┼────────────┼───────────────────┤
│ block3b_expand_bn   │ (None, 28, 28,    │        960 │ block3b_expand_c… │
│ (BatchNormalizatio… │ 240)              │            │                   │
├─────────────────────┼───────────────────┼────────────┼───────────────────┤
│ block3b_expand_act… │ (None, 28, 28,    │          0 │ block3b_expand_b… │
│ (Activation)        │ 240)              │            │                   │
├─────────────────────┼───────────────────┼────────────┼───────────────────┤
│ block3b_dwconv      │ (None, 28, 28,    │      6,000 │ block3b_expand_a… │
│ (DepthwiseConv2D)   │ 240)              │            │                   │
├─────────────────────┼───────────────────┼────────────┼───────────────────┤
│ block3b_bn          │ (None, 28, 28,    │        960 │ block3b_dwconv[0… │
│ (BatchNormalizatio… │ 240)              │            │                   │
├─────────────────────┼───────────────────┼────────────┼───────────────────┤
│ block3b_activation  │ (None, 28, 28,    │          0 │ block3b_bn[0][0]  │
│ (Activation)        │ 240)              │            │                   │
├─────────────────────┼───────────────────┼────────────┼───────────────────┤
│ block3b_se_squeeze  │ (None, 240)       │          0 │ block3b_activati… │
│ (GlobalAveragePool… │                   │            │                   │
├─────────────────────┼───────────────────┼────────────┼───────────────────┤
│ block3b_se_reshape  │ (None, 1, 1, 240) │          0 │ block3b_se_squee… │
│ (Reshape)           │                   │            │                   │
├─────────────────────┼───────────────────┼────────────┼───────────────────┤
│ block3b_se_reduce   │ (None, 1, 1, 10)  │      2,410 │ block3b_se_resha… │
│ (Conv2D)            │                   │            │                   │
├─────────────────────┼───────────────────┼────────────┼───────────────────┤
│ block3b_se_expand   │ (None, 1, 1, 240) │      2,640 │ block3b_se_reduc… │
│ (Conv2D)            │                   │            │                   │
├─────────────────────┼───────────────────┼────────────┼───────────────────┤
│ block3b_se_excite   │ (None, 28, 28,    │          0 │ block3b_activati… │
│ (Multiply)          │ 240)              │            │ block3b_se_expan… │
├─────────────────────┼───────────────────┼────────────┼───────────────────┤
│ block3b_project_co… │ (None, 28, 28,    │      9,600 │ block3b_se_excit… │
│ (Conv2D)            │ 40)               │            │                   │
├─────────────────────┼───────────────────┼────────────┼───────────────────┤
│ block3b_project_bn  │ (None, 28, 28,    │        160 │ block3b_project_… │
│ (BatchNormalizatio… │ 40)               │            │                   │
├─────────────────────┼───────────────────┼────────────┼───────────────────┤
│ block3b_drop        │ (None, 28, 28,    │          0 │ block3b_project_… │
│ (Dropout)           │ 40)               │            │                   │
├─────────────────────┼───────────────────┼────────────┼───────────────────┤
│ block3b_add (Add)   │ (None, 28, 28,    │          0 │ block3b_drop[0][… │
│                     │ 40)               │            │ block3a_project_… │
├─────────────────────┼───────────────────┼────────────┼───────────────────┤
│ block4a_expand_conv │ (None, 28, 28,    │      9,600 │ block3b_add[0][0] │
│ (Conv2D)            │ 240)              │            │                   │
├─────────────────────┼───────────────────┼────────────┼───────────────────┤
│ block4a_expand_bn   │ (None, 28, 28,    │        960 │ block4a_expand_c… │
│ (BatchNormalizatio… │ 240)              │            │                   │
├─────────────────────┼───────────────────┼────────────┼───────────────────┤
│ block4a_expand_act… │ (None, 28, 28,    │          0 │ block4a_expand_b… │
│ (Activation)        │ 240)              │            │                   │
├─────────────────────┼───────────────────┼────────────┼───────────────────┤
│ block4a_dwconv_pad  │ (None, 29, 29,    │          0 │ block4a_expand_a… │
│ (ZeroPadding2D)     │ 240)              │            │                   │
├─────────────────────┼───────────────────┼────────────┼───────────────────┤
│ block4a_dwconv      │ (None, 14, 14,    │      2,160 │ block4a_dwconv_p… │
│ (DepthwiseConv2D)   │ 240)              │            │                   │
├─────────────────────┼───────────────────┼────────────┼───────────────────┤
│ block4a_bn          │ (None, 14, 14,    │        960 │ block4a_dwconv[0… │
│ (BatchNormalizatio… │ 240)              │            │                   │
├─────────────────────┼───────────────────┼────────────┼───────────────────┤
│ block4a_activation  │ (None, 14, 14,    │          0 │ block4a_bn[0][0]  │
│ (Activation)        │ 240)              │            │                   │
├─────────────────────┼───────────────────┼────────────┼───────────────────┤
│ block4a_se_squeeze  │ (None, 240)       │          0 │ block4a_activati… │
│ (GlobalAveragePool… │                   │            │                   │
├─────────────────────┼───────────────────┼────────────┼───────────────────┤
│ block4a_se_reshape  │ (None, 1, 1, 240) │          0 │ block4a_se_squee… │
│ (Reshape)           │                   │            │                   │
├─────────────────────┼───────────────────┼────────────┼───────────────────┤
│ block4a_se_reduce   │ (None, 1, 1, 10)  │      2,410 │ block4a_se_resha… │
│ (Conv2D)            │                   │            │                   │
├─────────────────────┼───────────────────┼────────────┼───────────────────┤
│ block4a_se_expand   │ (None, 1, 1, 240) │      2,640 │ block4a_se_reduc… │
│ (Conv2D)            │                   │            │                   │
├─────────────────────┼───────────────────┼────────────┼───────────────────┤
│ block4a_se_excite   │ (None, 14, 14,    │          0 │ block4a_activati… │
│ (Multiply)          │ 240)              │            │ block4a_se_expan… │
├─────────────────────┼───────────────────┼────────────┼───────────────────┤
│ block4a_project_co… │ (None, 14, 14,    │     19,200 │ block4a_se_excit… │
│ (Conv2D)            │ 80)               │            │                   │
├─────────────────────┼───────────────────┼────────────┼───────────────────┤
│ block4a_project_bn  │ (None, 14, 14,    │        320 │ block4a_project_… │
│ (BatchNormalizatio… │ 80)               │            │                   │
├─────────────────────┼───────────────────┼────────────┼───────────────────┤
│ block4b_expand_conv │ (None, 14, 14,    │     38,400 │ block4a_project_… │
│ (Conv2D)            │ 480)              │            │                   │
├─────────────────────┼───────────────────┼────────────┼───────────────────┤
│ block4b_expand_bn   │ (None, 14, 14,    │      1,920 │ block4b_expand_c… │
│ (BatchNormalizatio… │ 480)              │            │                   │
├─────────────────────┼───────────────────┼────────────┼───────────────────┤
│ block4b_expand_act… │ (None, 14, 14,    │          0 │ block4b_expand_b… │
│ (Activation)        │ 480)              │            │                   │
├─────────────────────┼───────────────────┼────────────┼───────────────────┤
│ block4b_dwconv      │ (None, 14, 14,    │      4,320 │ block4b_expand_a… │
│ (DepthwiseConv2D)   │ 480)              │            │                   │
├─────────────────────┼───────────────────┼────────────┼───────────────────┤
│ block4b_bn          │ (None, 14, 14,    │      1,920 │ block4b_dwconv[0… │
│ (BatchNormalizatio… │ 480)              │            │                   │
├─────────────────────┼───────────────────┼────────────┼───────────────────┤
│ block4b_activation  │ (None, 14, 14,    │          0 │ block4b_bn[0][0]  │
│ (Activation)        │ 480)              │            │                   │
├─────────────────────┼───────────────────┼────────────┼───────────────────┤
│ block4b_se_squeeze  │ (None, 480)       │          0 │ block4b_activati… │
│ (GlobalAveragePool… │                   │            │                   │
├─────────────────────┼───────────────────┼────────────┼───────────────────┤
│ block4b_se_reshape  │ (None, 1, 1, 480) │          0 │ block4b_se_squee… │
│ (Reshape)           │                   │            │                   │
├─────────────────────┼───────────────────┼────────────┼───────────────────┤
│ block4b_se_reduce   │ (None, 1, 1, 20)  │      9,620 │ block4b_se_resha… │
│ (Conv2D)            │                   │            │                   │
├─────────────────────┼───────────────────┼────────────┼───────────────────┤
│ block4b_se_expand   │ (None, 1, 1, 480) │     10,080 │ block4b_se_reduc… │
│ (Conv2D)            │                   │            │                   │
├─────────────────────┼───────────────────┼────────────┼───────────────────┤
│ block4b_se_excite   │ (None, 14, 14,    │          0 │ block4b_activati… │
│ (Multiply)          │ 480)              │            │ block4b_se_expan… │
├─────────────────────┼───────────────────┼────────────┼───────────────────┤
│ block4b_project_co… │ (None, 14, 14,    │     38,400 │ block4b_se_excit… │
│ (Conv2D)            │ 80)               │            │                   │
├─────────────────────┼───────────────────┼────────────┼───────────────────┤
│ block4b_project_bn  │ (None, 14, 14,    │        320 │ block4b_project_… │
│ (BatchNormalizatio… │ 80)               │            │                   │
├─────────────────────┼───────────────────┼────────────┼───────────────────┤
│ block4b_drop        │ (None, 14, 14,    │          0 │ block4b_project_… │
│ (Dropout)           │ 80)               │            │                   │
├─────────────────────┼───────────────────┼────────────┼───────────────────┤
│ block4b_add (Add)   │ (None, 14, 14,    │          0 │ block4b_drop[0][… │
│                     │ 80)               │            │ block4a_project_… │
├─────────────────────┼───────────────────┼────────────┼───────────────────┤
│ block4c_expand_conv │ (None, 14, 14,    │     38,400 │ block4b_add[0][0] │
│ (Conv2D)            │ 480)              │            │                   │
├─────────────────────┼───────────────────┼────────────┼───────────────────┤
│ block4c_expand_bn   │ (None, 14, 14,    │      1,920 │ block4c_expand_c… │
│ (BatchNormalizatio… │ 480)              │            │                   │
├─────────────────────┼───────────────────┼────────────┼───────────────────┤
│ block4c_expand_act… │ (None, 14, 14,    │          0 │ block4c_expand_b… │
│ (Activation)        │ 480)              │            │                   │
├─────────────────────┼───────────────────┼────────────┼───────────────────┤
│ block4c_dwconv      │ (None, 14, 14,    │      4,320 │ block4c_expand_a… │
│ (DepthwiseConv2D)   │ 480)              │            │                   │
├─────────────────────┼───────────────────┼────────────┼───────────────────┤
│ block4c_bn          │ (None, 14, 14,    │      1,920 │ block4c_dwconv[0… │
│ (BatchNormalizatio… │ 480)              │            │                   │
├─────────────────────┼───────────────────┼────────────┼───────────────────┤
│ block4c_activation  │ (None, 14, 14,    │          0 │ block4c_bn[0][0]  │
│ (Activation)        │ 480)              │            │                   │
├─────────────────────┼───────────────────┼────────────┼───────────────────┤
│ block4c_se_squeeze  │ (None, 480)       │          0 │ block4c_activati… │
│ (GlobalAveragePool… │                   │            │                   │
├─────────────────────┼───────────────────┼────────────┼───────────────────┤
│ block4c_se_reshape  │ (None, 1, 1, 480) │          0 │ block4c_se_squee… │
│ (Reshape)           │                   │            │                   │
├─────────────────────┼───────────────────┼────────────┼───────────────────┤
│ block4c_se_reduce   │ (None, 1, 1, 20)  │      9,620 │ block4c_se_resha… │
│ (Conv2D)            │                   │            │                   │
├─────────────────────┼───────────────────┼────────────┼───────────────────┤
│ block4c_se_expand   │ (None, 1, 1, 480) │     10,080 │ block4c_se_reduc… │
│ (Conv2D)            │                   │            │                   │
├─────────────────────┼───────────────────┼────────────┼───────────────────┤
│ block4c_se_excite   │ (None, 14, 14,    │          0 │ block4c_activati… │
│ (Multiply)          │ 480)              │            │ block4c_se_expan… │
├─────────────────────┼───────────────────┼────────────┼───────────────────┤
│ block4c_project_co… │ (None, 14, 14,    │     38,400 │ block4c_se_excit… │
│ (Conv2D)            │ 80)               │            │                   │
├─────────────────────┼───────────────────┼────────────┼───────────────────┤
│ block4c_project_bn  │ (None, 14, 14,    │        320 │ block4c_project_… │
│ (BatchNormalizatio… │ 80)               │            │                   │
├─────────────────────┼───────────────────┼────────────┼───────────────────┤
│ block4c_drop        │ (None, 14, 14,    │          0 │ block4c_project_… │
│ (Dropout)           │ 80)               │            │                   │
├─────────────────────┼───────────────────┼────────────┼───────────────────┤
│ block4c_add (Add)   │ (None, 14, 14,    │          0 │ block4c_drop[0][… │
│                     │ 80)               │            │ block4b_add[0][0] │
├─────────────────────┼───────────────────┼────────────┼───────────────────┤
│ block5a_expand_conv │ (None, 14, 14,    │     38,400 │ block4c_add[0][0] │
│ (Conv2D)            │ 480)              │            │                   │
├─────────────────────┼───────────────────┼────────────┼───────────────────┤
│ block5a_expand_bn   │ (None, 14, 14,    │      1,920 │ block5a_expand_c… │
│ (BatchNormalizatio… │ 480)              │            │                   │
├─────────────────────┼───────────────────┼────────────┼───────────────────┤
│ block5a_expand_act… │ (None, 14, 14,    │          0 │ block5a_expand_b… │
│ (Activation)        │ 480)              │            │                   │
├─────────────────────┼───────────────────┼────────────┼───────────────────┤
│ block5a_dwconv      │ (None, 14, 14,    │     12,000 │ block5a_expand_a… │
│ (DepthwiseConv2D)   │ 480)              │            │                   │
├─────────────────────┼───────────────────┼────────────┼───────────────────┤
│ block5a_bn          │ (None, 14, 14,    │      1,920 │ block5a_dwconv[0… │
│ (BatchNormalizatio… │ 480)              │            │                   │
├─────────────────────┼───────────────────┼────────────┼───────────────────┤
│ block5a_activation  │ (None, 14, 14,    │          0 │ block5a_bn[0][0]  │
│ (Activation)        │ 480)              │            │                   │
├─────────────────────┼───────────────────┼────────────┼───────────────────┤
│ block5a_se_squeeze  │ (None, 480)       │          0 │ block5a_activati… │
│ (GlobalAveragePool… │                   │            │                   │
├─────────────────────┼───────────────────┼────────────┼───────────────────┤
│ block5a_se_reshape  │ (None, 1, 1, 480) │          0 │ block5a_se_squee… │
│ (Reshape)           │                   │            │                   │
├─────────────────────┼───────────────────┼────────────┼───────────────────┤
│ block5a_se_reduce   │ (None, 1, 1, 20)  │      9,620 │ block5a_se_resha… │
│ (Conv2D)            │                   │            │                   │
├─────────────────────┼───────────────────┼────────────┼───────────────────┤
│ block5a_se_expand   │ (None, 1, 1, 480) │     10,080 │ block5a_se_reduc… │
│ (Conv2D)            │                   │            │                   │
├─────────────────────┼───────────────────┼────────────┼───────────────────┤
│ block5a_se_excite   │ (None, 14, 14,    │          0 │ block5a_activati… │
│ (Multiply)          │ 480)              │            │ block5a_se_expan… │
├─────────────────────┼───────────────────┼────────────┼───────────────────┤
│ block5a_project_co… │ (None, 14, 14,    │     53,760 │ block5a_se_excit… │
│ (Conv2D)            │ 112)              │            │                   │
├─────────────────────┼───────────────────┼────────────┼───────────────────┤
│ block5a_project_bn  │ (None, 14, 14,    │        448 │ block5a_project_… │
│ (BatchNormalizatio… │ 112)              │            │                   │
├─────────────────────┼───────────────────┼────────────┼───────────────────┤
│ block5b_expand_conv │ (None, 14, 14,    │     75,264 │ block5a_project_… │
│ (Conv2D)            │ 672)              │            │                   │
├─────────────────────┼───────────────────┼────────────┼───────────────────┤
│ block5b_expand_bn   │ (None, 14, 14,    │      2,688 │ block5b_expand_c… │
│ (BatchNormalizatio… │ 672)              │            │                   │
├─────────────────────┼───────────────────┼────────────┼───────────────────┤
│ block5b_expand_act… │ (None, 14, 14,    │          0 │ block5b_expand_b… │
│ (Activation)        │ 672)              │            │                   │
├─────────────────────┼───────────────────┼────────────┼───────────────────┤
│ block5b_dwconv      │ (None, 14, 14,    │     16,800 │ block5b_expand_a… │
│ (DepthwiseConv2D)   │ 672)              │            │                   │
├─────────────────────┼───────────────────┼────────────┼───────────────────┤
│ block5b_bn          │ (None, 14, 14,    │      2,688 │ block5b_dwconv[0… │
│ (BatchNormalizatio… │ 672)              │            │                   │
├─────────────────────┼───────────────────┼────────────┼───────────────────┤
│ block5b_activation  │ (None, 14, 14,    │          0 │ block5b_bn[0][0]  │
│ (Activation)        │ 672)              │            │                   │
├─────────────────────┼───────────────────┼────────────┼───────────────────┤
│ block5b_se_squeeze  │ (None, 672)       │          0 │ block5b_activati… │
│ (GlobalAveragePool… │                   │            │                   │
├─────────────────────┼───────────────────┼────────────┼───────────────────┤
│ block5b_se_reshape  │ (None, 1, 1, 672) │          0 │ block5b_se_squee… │
│ (Reshape)           │                   │            │                   │
├─────────────────────┼───────────────────┼────────────┼───────────────────┤
│ block5b_se_reduce   │ (None, 1, 1, 28)  │     18,844 │ block5b_se_resha… │
│ (Conv2D)            │                   │            │                   │
├─────────────────────┼───────────────────┼────────────┼───────────────────┤
│ block5b_se_expand   │ (None, 1, 1, 672) │     19,488 │ block5b_se_reduc… │
│ (Conv2D)            │                   │            │                   │
├─────────────────────┼───────────────────┼────────────┼───────────────────┤
│ block5b_se_excite   │ (None, 14, 14,    │          0 │ block5b_activati… │
│ (Multiply)          │ 672)              │            │ block5b_se_expan… │
├─────────────────────┼───────────────────┼────────────┼───────────────────┤
│ block5b_project_co… │ (None, 14, 14,    │     75,264 │ block5b_se_excit… │
│ (Conv2D)            │ 112)              │            │                   │
├─────────────────────┼───────────────────┼────────────┼───────────────────┤
│ block5b_project_bn  │ (None, 14, 14,    │        448 │ block5b_project_… │
│ (BatchNormalizatio… │ 112)              │            │                   │
├─────────────────────┼───────────────────┼────────────┼───────────────────┤
│ block5b_drop        │ (None, 14, 14,    │          0 │ block5b_project_… │
│ (Dropout)           │ 112)              │            │                   │
├─────────────────────┼───────────────────┼────────────┼───────────────────┤
│ block5b_add (Add)   │ (None, 14, 14,    │          0 │ block5b_drop[0][… │
│                     │ 112)              │            │ block5a_project_… │
├─────────────────────┼───────────────────┼────────────┼───────────────────┤
│ block5c_expand_conv │ (None, 14, 14,    │     75,264 │ block5b_add[0][0] │
│ (Conv2D)            │ 672)              │            │                   │
├─────────────────────┼───────────────────┼────────────┼───────────────────┤
│ block5c_expand_bn   │ (None, 14, 14,    │      2,688 │ block5c_expand_c… │
│ (BatchNormalizatio… │ 672)              │            │                   │
├─────────────────────┼───────────────────┼────────────┼───────────────────┤
│ block5c_expand_act… │ (None, 14, 14,    │          0 │ block5c_expand_b… │
│ (Activation)        │ 672)              │            │                   │
├─────────────────────┼───────────────────┼────────────┼───────────────────┤
│ block5c_dwconv      │ (None, 14, 14,    │     16,800 │ block5c_expand_a… │
│ (DepthwiseConv2D)   │ 672)              │            │                   │
├─────────────────────┼───────────────────┼────────────┼───────────────────┤
│ block5c_bn          │ (None, 14, 14,    │      2,688 │ block5c_dwconv[0… │
│ (BatchNormalizatio… │ 672)              │            │                   │
├─────────────────────┼───────────────────┼────────────┼───────────────────┤
│ block5c_activation  │ (None, 14, 14,    │          0 │ block5c_bn[0][0]  │
│ (Activation)        │ 672)              │            │                   │
├─────────────────────┼───────────────────┼────────────┼───────────────────┤
│ block5c_se_squeeze  │ (None, 672)       │          0 │ block5c_activati… │
│ (GlobalAveragePool… │                   │            │                   │
├─────────────────────┼───────────────────┼────────────┼───────────────────┤
│ block5c_se_reshape  │ (None, 1, 1, 672) │          0 │ block5c_se_squee… │
│ (Reshape)           │                   │            │                   │
├─────────────────────┼───────────────────┼────────────┼───────────────────┤
│ block5c_se_reduce   │ (None, 1, 1, 28)  │     18,844 │ block5c_se_resha… │
│ (Conv2D)            │                   │            │                   │
├─────────────────────┼───────────────────┼────────────┼───────────────────┤
│ block5c_se_expand   │ (None, 1, 1, 672) │     19,488 │ block5c_se_reduc… │
│ (Conv2D)            │                   │            │                   │
├─────────────────────┼───────────────────┼────────────┼───────────────────┤
│ block5c_se_excite   │ (None, 14, 14,    │          0 │ block5c_activati… │
│ (Multiply)          │ 672)              │            │ block5c_se_expan… │
├─────────────────────┼───────────────────┼────────────┼───────────────────┤
│ block5c_project_co… │ (None, 14, 14,    │     75,264 │ block5c_se_excit… │
│ (Conv2D)            │ 112)              │            │                   │
├─────────────────────┼───────────────────┼────────────┼───────────────────┤
│ block5c_project_bn  │ (None, 14, 14,    │        448 │ block5c_project_… │
│ (BatchNormalizatio… │ 112)              │            │                   │
├─────────────────────┼───────────────────┼────────────┼───────────────────┤
│ block5c_drop        │ (None, 14, 14,    │          0 │ block5c_project_… │
│ (Dropout)           │ 112)              │            │                   │
├─────────────────────┼───────────────────┼────────────┼───────────────────┤
│ block5c_add (Add)   │ (None, 14, 14,    │          0 │ block5c_drop[0][… │
│                     │ 112)              │            │ block5b_add[0][0] │
├─────────────────────┼───────────────────┼────────────┼───────────────────┤
│ block6a_expand_conv │ (None, 14, 14,    │     75,264 │ block5c_add[0][0] │
│ (Conv2D)            │ 672)              │            │                   │
├─────────────────────┼───────────────────┼────────────┼───────────────────┤
│ block6a_expand_bn   │ (None, 14, 14,    │      2,688 │ block6a_expand_c… │
│ (BatchNormalizatio… │ 672)              │            │                   │
├─────────────────────┼───────────────────┼────────────┼───────────────────┤
│ block6a_expand_act… │ (None, 14, 14,    │          0 │ block6a_expand_b… │
│ (Activation)        │ 672)              │            │                   │
├─────────────────────┼───────────────────┼────────────┼───────────────────┤
│ block6a_dwconv_pad  │ (None, 17, 17,    │          0 │ block6a_expand_a… │
│ (ZeroPadding2D)     │ 672)              │            │                   │
├─────────────────────┼───────────────────┼────────────┼───────────────────┤
│ block6a_dwconv      │ (None, 7, 7, 672) │     16,800 │ block6a_dwconv_p… │
│ (DepthwiseConv2D)   │                   │            │                   │
├─────────────────────┼───────────────────┼────────────┼───────────────────┤
│ block6a_bn          │ (None, 7, 7, 672) │      2,688 │ block6a_dwconv[0… │
│ (BatchNormalizatio… │                   │            │                   │
├─────────────────────┼───────────────────┼────────────┼───────────────────┤
│ block6a_activation  │ (None, 7, 7, 672) │          0 │ block6a_bn[0][0]  │
│ (Activation)        │                   │            │                   │
├─────────────────────┼───────────────────┼────────────┼───────────────────┤
│ block6a_se_squeeze  │ (None, 672)       │          0 │ block6a_activati… │
│ (GlobalAveragePool… │                   │            │                   │
├─────────────────────┼───────────────────┼────────────┼───────────────────┤
│ block6a_se_reshape  │ (None, 1, 1, 672) │          0 │ block6a_se_squee… │
│ (Reshape)           │                   │            │                   │
├─────────────────────┼───────────────────┼────────────┼───────────────────┤
│ block6a_se_reduce   │ (None, 1, 1, 28)  │     18,844 │ block6a_se_resha… │
│ (Conv2D)            │                   │            │                   │
├─────────────────────┼───────────────────┼────────────┼───────────────────┤
│ block6a_se_expand   │ (None, 1, 1, 672) │     19,488 │ block6a_se_reduc… │
│ (Conv2D)            │                   │            │                   │
├─────────────────────┼───────────────────┼────────────┼───────────────────┤
│ block6a_se_excite   │ (None, 7, 7, 672) │          0 │ block6a_activati… │
│ (Multiply)          │                   │            │ block6a_se_expan… │
├─────────────────────┼───────────────────┼────────────┼───────────────────┤
│ block6a_project_co… │ (None, 7, 7, 192) │    129,024 │ block6a_se_excit… │
│ (Conv2D)            │                   │            │                   │
├─────────────────────┼───────────────────┼────────────┼───────────────────┤
│ block6a_project_bn  │ (None, 7, 7, 192) │        768 │ block6a_project_… │
│ (BatchNormalizatio… │                   │            │                   │
├─────────────────────┼───────────────────┼────────────┼───────────────────┤
│ block6b_expand_conv │ (None, 7, 7,      │    221,184 │ block6a_project_… │
│ (Conv2D)            │ 1152)             │            │                   │
├─────────────────────┼───────────────────┼────────────┼───────────────────┤
│ block6b_expand_bn   │ (None, 7, 7,      │      4,608 │ block6b_expand_c… │
│ (BatchNormalizatio… │ 1152)             │            │                   │
├─────────────────────┼───────────────────┼────────────┼───────────────────┤
│ block6b_expand_act… │ (None, 7, 7,      │          0 │ block6b_expand_b… │
│ (Activation)        │ 1152)             │            │                   │
├─────────────────────┼───────────────────┼────────────┼───────────────────┤
│ block6b_dwconv      │ (None, 7, 7,      │     28,800 │ block6b_expand_a… │
│ (DepthwiseConv2D)   │ 1152)             │            │                   │
├─────────────────────┼───────────────────┼────────────┼───────────────────┤
│ block6b_bn          │ (None, 7, 7,      │      4,608 │ block6b_dwconv[0… │
│ (BatchNormalizatio… │ 1152)             │            │                   │
├─────────────────────┼───────────────────┼────────────┼───────────────────┤
│ block6b_activation  │ (None, 7, 7,      │          0 │ block6b_bn[0][0]  │
│ (Activation)        │ 1152)             │            │                   │
├─────────────────────┼───────────────────┼────────────┼───────────────────┤
│ block6b_se_squeeze  │ (None, 1152)      │          0 │ block6b_activati… │
│ (GlobalAveragePool… │                   │            │                   │
├─────────────────────┼───────────────────┼────────────┼───────────────────┤
│ block6b_se_reshape  │ (None, 1, 1,      │          0 │ block6b_se_squee… │
│ (Reshape)           │ 1152)             │            │                   │
├─────────────────────┼───────────────────┼────────────┼───────────────────┤
│ block6b_se_reduce   │ (None, 1, 1, 48)  │     55,344 │ block6b_se_resha… │
│ (Conv2D)            │                   │            │                   │
├─────────────────────┼───────────────────┼────────────┼───────────────────┤
│ block6b_se_expand   │ (None, 1, 1,      │     56,448 │ block6b_se_reduc… │
│ (Conv2D)            │ 1152)             │            │                   │
├─────────────────────┼───────────────────┼────────────┼───────────────────┤
│ block6b_se_excite   │ (None, 7, 7,      │          0 │ block6b_activati… │
│ (Multiply)          │ 1152)             │            │ block6b_se_expan… │
├─────────────────────┼───────────────────┼────────────┼───────────────────┤
│ block6b_project_co… │ (None, 7, 7, 192) │    221,184 │ block6b_se_excit… │
│ (Conv2D)            │                   │            │                   │
├─────────────────────┼───────────────────┼────────────┼───────────────────┤
│ block6b_project_bn  │ (None, 7, 7, 192) │        768 │ block6b_project_… │
│ (BatchNormalizatio… │                   │            │                   │
├─────────────────────┼───────────────────┼────────────┼───────────────────┤
│ block6b_drop        │ (None, 7, 7, 192) │          0 │ block6b_project_… │
│ (Dropout)           │                   │            │                   │
├─────────────────────┼───────────────────┼────────────┼───────────────────┤
│ block6b_add (Add)   │ (None, 7, 7, 192) │          0 │ block6b_drop[0][… │
│                     │                   │            │ block6a_project_… │
├─────────────────────┼───────────────────┼────────────┼───────────────────┤
│ block6c_expand_conv │ (None, 7, 7,      │    221,184 │ block6b_add[0][0] │
│ (Conv2D)            │ 1152)             │            │                   │
├─────────────────────┼───────────────────┼────────────┼───────────────────┤
│ block6c_expand_bn   │ (None, 7, 7,      │      4,608 │ block6c_expand_c… │
│ (BatchNormalizatio… │ 1152)             │            │                   │
├─────────────────────┼───────────────────┼────────────┼───────────────────┤
│ block6c_expand_act… │ (None, 7, 7,      │          0 │ block6c_expand_b… │
│ (Activation)        │ 1152)             │            │                   │
├─────────────────────┼───────────────────┼────────────┼───────────────────┤
│ block6c_dwconv      │ (None, 7, 7,      │     28,800 │ block6c_expand_a… │
│ (DepthwiseConv2D)   │ 1152)             │            │                   │
├─────────────────────┼───────────────────┼────────────┼───────────────────┤
│ block6c_bn          │ (None, 7, 7,      │      4,608 │ block6c_dwconv[0… │
│ (BatchNormalizatio… │ 1152)             │            │                   │
├─────────────────────┼───────────────────┼────────────┼───────────────────┤
│ block6c_activation  │ (None, 7, 7,      │          0 │ block6c_bn[0][0]  │
│ (Activation)        │ 1152)             │            │                   │
├─────────────────────┼───────────────────┼────────────┼───────────────────┤
│ block6c_se_squeeze  │ (None, 1152)      │          0 │ block6c_activati… │
│ (GlobalAveragePool… │                   │            │                   │
├─────────────────────┼───────────────────┼────────────┼───────────────────┤
│ block6c_se_reshape  │ (None, 1, 1,      │          0 │ block6c_se_squee… │
│ (Reshape)           │ 1152)             │            │                   │
├─────────────────────┼───────────────────┼────────────┼───────────────────┤
│ block6c_se_reduce   │ (None, 1, 1, 48)  │     55,344 │ block6c_se_resha… │
│ (Conv2D)            │                   │            │                   │
├─────────────────────┼───────────────────┼────────────┼───────────────────┤
│ block6c_se_expand   │ (None, 1, 1,      │     56,448 │ block6c_se_reduc… │
│ (Conv2D)            │ 1152)             │            │                   │
├─────────────────────┼───────────────────┼────────────┼───────────────────┤
│ block6c_se_excite   │ (None, 7, 7,      │          0 │ block6c_activati… │
│ (Multiply)          │ 1152)             │            │ block6c_se_expan… │
├─────────────────────┼───────────────────┼────────────┼───────────────────┤
│ block6c_project_co… │ (None, 7, 7, 192) │    221,184 │ block6c_se_excit… │
│ (Conv2D)            │                   │            │                   │
├─────────────────────┼───────────────────┼────────────┼───────────────────┤
│ block6c_project_bn  │ (None, 7, 7, 192) │        768 │ block6c_project_… │
│ (BatchNormalizatio… │                   │            │                   │
├─────────────────────┼───────────────────┼────────────┼───────────────────┤
│ block6c_drop        │ (None, 7, 7, 192) │          0 │ block6c_project_… │
│ (Dropout)           │                   │            │                   │
├─────────────────────┼───────────────────┼────────────┼───────────────────┤
│ block6c_add (Add)   │ (None, 7, 7, 192) │          0 │ block6c_drop[0][… │
│                     │                   │            │ block6b_add[0][0] │
├─────────────────────┼───────────────────┼────────────┼───────────────────┤
│ block6d_expand_conv │ (None, 7, 7,      │    221,184 │ block6c_add[0][0] │
│ (Conv2D)            │ 1152)             │            │                   │
├─────────────────────┼───────────────────┼────────────┼───────────────────┤
│ block6d_expand_bn   │ (None, 7, 7,      │      4,608 │ block6d_expand_c… │
│ (BatchNormalizatio… │ 1152)             │            │                   │
├─────────────────────┼───────────────────┼────────────┼───────────────────┤
│ block6d_expand_act… │ (None, 7, 7,      │          0 │ block6d_expand_b… │
│ (Activation)        │ 1152)             │            │                   │
├─────────────────────┼───────────────────┼────────────┼───────────────────┤
│ block6d_dwconv      │ (None, 7, 7,      │     28,800 │ block6d_expand_a… │
│ (DepthwiseConv2D)   │ 1152)             │            │                   │
├─────────────────────┼───────────────────┼────────────┼───────────────────┤
│ block6d_bn          │ (None, 7, 7,      │      4,608 │ block6d_dwconv[0… │
│ (BatchNormalizatio… │ 1152)             │            │                   │
├─────────────────────┼───────────────────┼────────────┼───────────────────┤
│ block6d_activation  │ (None, 7, 7,      │          0 │ block6d_bn[0][0]  │
│ (Activation)        │ 1152)             │            │                   │
├─────────────────────┼───────────────────┼────────────┼───────────────────┤
│ block6d_se_squeeze  │ (None, 1152)      │          0 │ block6d_activati… │
│ (GlobalAveragePool… │                   │            │                   │
├─────────────────────┼───────────────────┼────────────┼───────────────────┤
│ block6d_se_reshape  │ (None, 1, 1,      │          0 │ block6d_se_squee… │
│ (Reshape)           │ 1152)             │            │                   │
├─────────────────────┼───────────────────┼────────────┼───────────────────┤
│ block6d_se_reduce   │ (None, 1, 1, 48)  │     55,344 │ block6d_se_resha… │
│ (Conv2D)            │                   │            │                   │
├─────────────────────┼───────────────────┼────────────┼───────────────────┤
│ block6d_se_expand   │ (None, 1, 1,      │     56,448 │ block6d_se_reduc… │
│ (Conv2D)            │ 1152)             │            │                   │
├─────────────────────┼───────────────────┼────────────┼───────────────────┤
│ block6d_se_excite   │ (None, 7, 7,      │          0 │ block6d_activati… │
│ (Multiply)          │ 1152)             │            │ block6d_se_expan… │
├─────────────────────┼───────────────────┼────────────┼───────────────────┤
│ block6d_project_co… │ (None, 7, 7, 192) │    221,184 │ block6d_se_excit… │
│ (Conv2D)            │                   │            │                   │
├─────────────────────┼───────────────────┼────────────┼───────────────────┤
│ block6d_project_bn  │ (None, 7, 7, 192) │        768 │ block6d_project_… │
│ (BatchNormalizatio… │                   │            │                   │
├─────────────────────┼───────────────────┼────────────┼───────────────────┤
│ block6d_drop        │ (None, 7, 7, 192) │          0 │ block6d_project_… │
│ (Dropout)           │                   │            │                   │
├─────────────────────┼───────────────────┼────────────┼───────────────────┤
│ block6d_add (Add)   │ (None, 7, 7, 192) │          0 │ block6d_drop[0][… │
│                     │                   │            │ block6c_add[0][0] │
├─────────────────────┼───────────────────┼────────────┼───────────────────┤
│ block7a_expand_conv │ (None, 7, 7,      │    221,184 │ block6d_add[0][0] │
│ (Conv2D)            │ 1152)             │            │                   │
├─────────────────────┼───────────────────┼────────────┼───────────────────┤
│ block7a_expand_bn   │ (None, 7, 7,      │      4,608 │ block7a_expand_c… │
│ (BatchNormalizatio… │ 1152)             │            │                   │
├─────────────────────┼───────────────────┼────────────┼───────────────────┤
│ block7a_expand_act… │ (None, 7, 7,      │          0 │ block7a_expand_b… │
│ (Activation)        │ 1152)             │            │                   │
├─────────────────────┼───────────────────┼────────────┼───────────────────┤
│ block7a_dwconv      │ (None, 7, 7,      │     10,368 │ block7a_expand_a… │
│ (DepthwiseConv2D)   │ 1152)             │            │                   │
├─────────────────────┼───────────────────┼────────────┼───────────────────┤
│ block7a_bn          │ (None, 7, 7,      │      4,608 │ block7a_dwconv[0… │
│ (BatchNormalizatio… │ 1152)             │            │                   │
├─────────────────────┼───────────────────┼────────────┼───────────────────┤
│ block7a_activation  │ (None, 7, 7,      │          0 │ block7a_bn[0][0]  │
│ (Activation)        │ 1152)             │            │                   │
├─────────────────────┼───────────────────┼────────────┼───────────────────┤
│ block7a_se_squeeze  │ (None, 1152)      │          0 │ block7a_activati… │
│ (GlobalAveragePool… │                   │            │                   │
├─────────────────────┼───────────────────┼────────────┼───────────────────┤
│ block7a_se_reshape  │ (None, 1, 1,      │          0 │ block7a_se_squee… │
│ (Reshape)           │ 1152)             │            │                   │
├─────────────────────┼───────────────────┼────────────┼───────────────────┤
│ block7a_se_reduce   │ (None, 1, 1, 48)  │     55,344 │ block7a_se_resha… │
│ (Conv2D)            │                   │            │                   │
├─────────────────────┼───────────────────┼────────────┼───────────────────┤
│ block7a_se_expand   │ (None, 1, 1,      │     56,448 │ block7a_se_reduc… │
│ (Conv2D)            │ 1152)             │            │                   │
├─────────────────────┼───────────────────┼────────────┼───────────────────┤
│ block7a_se_excite   │ (None, 7, 7,      │          0 │ block7a_activati… │
│ (Multiply)          │ 1152)             │            │ block7a_se_expan… │
├─────────────────────┼───────────────────┼────────────┼───────────────────┤
│ block7a_project_co… │ (None, 7, 7, 320) │    368,640 │ block7a_se_excit… │
│ (Conv2D)            │                   │            │                   │
├─────────────────────┼───────────────────┼────────────┼───────────────────┤
│ block7a_project_bn  │ (None, 7, 7, 320) │      1,280 │ block7a_project_… │
│ (BatchNormalizatio… │                   │            │                   │
├─────────────────────┼───────────────────┼────────────┼───────────────────┤
│ top_conv (Conv2D)   │ (None, 7, 7,      │    409,600 │ block7a_project_… │
│                     │ 1280)             │            │                   │
├─────────────────────┼───────────────────┼────────────┼───────────────────┤
│ top_bn              │ (None, 7, 7,      │      5,120 │ top_conv[0][0]    │
│ (BatchNormalizatio… │ 1280)             │            │                   │
├─────────────────────┼───────────────────┼────────────┼───────────────────┤
│ top_activation      │ (None, 7, 7,      │          0 │ top_bn[0][0]      │
│ (Activation)        │ 1280)             │            │                   │
├─────────────────────┼───────────────────┼────────────┼───────────────────┤
│ gap                 │ (None, 1280)      │          0 │ top_activation[0… │
│ (GlobalAveragePool… │                   │            │                   │
├─────────────────────┼───────────────────┼────────────┼───────────────────┤
│ batch_normalization │ (None, 1280)      │      5,120 │ gap[0][0]         │
│ (BatchNormalizatio… │                   │            │                   │
├─────────────────────┼───────────────────┼────────────┼───────────────────┤
│ dropout (Dropout)   │ (None, 1280)      │          0 │ batch_normalizat… │
├─────────────────────┼───────────────────┼────────────┼───────────────────┤
│ output (Dense)      │ (None, 1)         │      1,281 │ dropout[0][0]     │
└─────────────────────┴───────────────────┴────────────┴───────────────────┘
 Total params: 4,055,972 (15.47 MB)
 Trainable params: 3,841 (15.00 KB)
 Non-trainable params: 4,052,131 (15.46 MB)

2026-07-02 14:54:04 [INFO] ━━━━━━━━━━━━━━━━━━━━━━━━━━━━━━━━━━━━━━━━━━━━━━━━━━━━━━━━━━━━
2026-07-02 14:54:04 [INFO] STAGE 4 — Phase 1: Feature Extraction (backbone frozen)
2026-07-02 14:54:04 [INFO] ━━━━━━━━━━━━━━━━━━━━━━━━━━━━━━━━━━━━━━━━━━━━━━━━━━━━━━━━━━━━
2026-07-02 14:54:04 [INFO] Epochs planned : 20
2026-07-02 14:54:04 [INFO] Learning rate  : 1.00e-03
2026-07-02 14:54:04 [INFO] Per-epoch weights → checkpoints/epoch_weights/phase1/
2026-07-02 14:54:04 [INFO]   ── Epoch 1 starting...
2026-07-02 15:04:01 [INFO] ════════════════════════════════════════════════════════════
2026-07-02 15:04:01 [INFO]   Cats vs Dogs — EfficientNetB0 Transfer Learning
2026-07-02 15:04:01 [INFO]   Mode: FULL TRAINING
2026-07-02 15:04:01 [INFO]   Started: 2026-07-02 15:04:01
2026-07-02 15:04:01 [INFO] ════════════════════════════════════════════════════════════
2026-07-02 15:04:01 [INFO] ━━━━━━━━━━━━━━━━━━━━━━━━━━━━━━━━━━━━━━━━━━━━━━━━━━━━━━━━━━━━
2026-07-02 15:04:01 [INFO] STAGE 1 — Environment check
2026-07-02 15:04:01 [INFO] ━━━━━━━━━━━━━━━━━━━━━━━━━━━━━━━━━━━━━━━━━━━━━━━━━━━━━━━━━━━━
2026-07-02 15:04:01 [INFO] Python       : 3.11.15 (main, Mar 11 2026, 17:20:07) [GCC 14.3.0]
2026-07-02 15:04:01 [INFO] TensorFlow   : 2.21.0
2026-07-02 15:04:02 [INFO] GPUs visible : 1
2026-07-02 15:04:02 [INFO]   PhysicalDevice(name='/physical_device:GPU:0', device_type='GPU')
2026-07-02 15:04:02 [INFO]   Memory growth enabled on /physical_device:GPU:0
2026-07-02 15:04:02 [INFO] Working dir  : /mnt/appbio_a/groups/Year_4/NChasan/DMining_project
2026-07-02 15:04:02 [INFO] Data dir     : /mnt/appbio_a/groups/Year_4/NChasan/DMining_project/PetImages
2026-07-02 15:04:02 [INFO] ✔ CHECKPOINT [env_check] — TF 2.21.0, 1 GPU(s)
2026-07-02 15:04:02 [INFO] ━━━━━━━━━━━━━━━━━━━━━━━━━━━━━━━━━━━━━━━━━━━━━━━━━━━━━━━━━━━━
2026-07-02 15:04:02 [INFO] STAGE 2 — Data loading & pipeline
2026-07-02 15:04:02 [INFO] ━━━━━━━━━━━━━━━━━━━━━━━━━━━━━━━━━━━━━━━━━━━━━━━━━━━━━━━━━━━━
2026-07-02 15:04:02 [INFO] Reading images from: PetImages
2026-07-02 15:04:07 [INFO] Directory scan done in 5.3s
2026-07-02 15:04:07 [INFO] Total images : 24905
2026-07-02 15:04:07 [INFO] Train        : 17435
2026-07-02 15:04:07 [INFO] Val          : 3735
2026-07-02 15:04:07 [INFO] Test         : 3735
2026-07-02 15:04:07 [INFO] Building augmentation pipeline...
2026-07-02 15:04:07 [INFO] Train batches : 545
2026-07-02 15:04:07 [INFO] Val   batches : 117
2026-07-02 15:04:07 [INFO] Test  batches : 117
2026-07-02 15:04:07 [INFO] Pulling one batch to verify pipeline...
2026-07-02 15:04:07 [INFO]   Batch shape  : images=(32, 224, 224, 3)  labels=(32, 1)
2026-07-02 15:04:07 [INFO]   Pixel range  : [0.0, 255.0]
2026-07-02 15:04:07 [INFO]   Label dtype  : <dtype: 'float32'>
2026-07-02 15:04:07 [INFO] ✔ CHECKPOINT [data_pipeline] — 17435 train / 3735 val / 3735 test images
2026-07-02 15:04:07 [INFO] ━━━━━━━━━━━━━━━━━━━━━━━━━━━━━━━━━━━━━━━━━━━━━━━━━━━━━━━━━━━━
2026-07-02 15:04:07 [INFO] STAGE 3 — Model construction (EfficientNetB0 backbone)
2026-07-02 15:04:07 [INFO] ━━━━━━━━━━━━━━━━━━━━━━━━━━━━━━━━━━━━━━━━━━━━━━━━━━━━━━━━━━━━
2026-07-02 15:04:07 [INFO] Loading EfficientNetB0 with ImageNet weights...
2026-07-02 15:04:13 [INFO] Backbone loaded in 5.9s
2026-07-02 15:04:13 [INFO] Total params     : 4,055,972
2026-07-02 15:04:13 [INFO] Trainable params : 3,841
2026-07-02 15:04:13 [INFO] Frozen params    : 4,052,151.0
2026-07-02 15:04:13 [INFO] Model diagram saved to checkpoints/model_architecture.png
2026-07-02 15:04:13 [INFO] ✔ CHECKPOINT [model_built] — 4,055,972 total params
2026-07-02 15:04:13 [INFO] Compiling model — lr=1.00e-03  phase=phase1
2026-07-02 15:04:13 [INFO] ✔ CHECKPOINT [compile_phase1] — lr=1.00e-03
2026-07-02 15:04:14 [INFO] Model: "CatsVsDogs_EfficientNetB0"
┏━━━━━━━━━━━━━━━━━━━━━┳━━━━━━━━━━━━━━━━━━━┳━━━━━━━━━━━━┳━━━━━━━━━━━━━━━━━━━┓
┃ Layer (type)        ┃ Output Shape      ┃    Param # ┃ Connected to      ┃
┡━━━━━━━━━━━━━━━━━━━━━╇━━━━━━━━━━━━━━━━━━━╇━━━━━━━━━━━━╇━━━━━━━━━━━━━━━━━━━┩
│ input_image         │ (None, 224, 224,  │          0 │ -                 │
│ (InputLayer)        │ 3)                │            │                   │
├─────────────────────┼───────────────────┼────────────┼───────────────────┤
│ rescaling           │ (None, 224, 224,  │          0 │ input_image[0][0] │
│ (Rescaling)         │ 3)                │            │                   │
├─────────────────────┼───────────────────┼────────────┼───────────────────┤
│ normalization       │ (None, 224, 224,  │          7 │ rescaling[0][0]   │
│ (Normalization)     │ 3)                │            │                   │
├─────────────────────┼───────────────────┼────────────┼───────────────────┤
│ rescaling_1         │ (None, 224, 224,  │          0 │ normalization[0]… │
│ (Rescaling)         │ 3)                │            │                   │
├─────────────────────┼───────────────────┼────────────┼───────────────────┤
│ stem_conv_pad       │ (None, 225, 225,  │          0 │ rescaling_1[0][0] │
│ (ZeroPadding2D)     │ 3)                │            │                   │
├─────────────────────┼───────────────────┼────────────┼───────────────────┤
│ stem_conv (Conv2D)  │ (None, 112, 112,  │        864 │ stem_conv_pad[0]… │
│                     │ 32)               │            │                   │
├─────────────────────┼───────────────────┼────────────┼───────────────────┤
│ stem_bn             │ (None, 112, 112,  │        128 │ stem_conv[0][0]   │
│ (BatchNormalizatio… │ 32)               │            │                   │
├─────────────────────┼───────────────────┼────────────┼───────────────────┤
│ stem_activation     │ (None, 112, 112,  │          0 │ stem_bn[0][0]     │
│ (Activation)        │ 32)               │            │                   │
├─────────────────────┼───────────────────┼────────────┼───────────────────┤
│ block1a_dwconv      │ (None, 112, 112,  │        288 │ stem_activation[… │
│ (DepthwiseConv2D)   │ 32)               │            │                   │
├─────────────────────┼───────────────────┼────────────┼───────────────────┤
│ block1a_bn          │ (None, 112, 112,  │        128 │ block1a_dwconv[0… │
│ (BatchNormalizatio… │ 32)               │            │                   │
├─────────────────────┼───────────────────┼────────────┼───────────────────┤
│ block1a_activation  │ (None, 112, 112,  │          0 │ block1a_bn[0][0]  │
│ (Activation)        │ 32)               │            │                   │
├─────────────────────┼───────────────────┼────────────┼───────────────────┤
│ block1a_se_squeeze  │ (None, 32)        │          0 │ block1a_activati… │
│ (GlobalAveragePool… │                   │            │                   │
├─────────────────────┼───────────────────┼────────────┼───────────────────┤
│ block1a_se_reshape  │ (None, 1, 1, 32)  │          0 │ block1a_se_squee… │
│ (Reshape)           │                   │            │                   │
├─────────────────────┼───────────────────┼────────────┼───────────────────┤
│ block1a_se_reduce   │ (None, 1, 1, 8)   │        264 │ block1a_se_resha… │
│ (Conv2D)            │                   │            │                   │
├─────────────────────┼───────────────────┼────────────┼───────────────────┤
│ block1a_se_expand   │ (None, 1, 1, 32)  │        288 │ block1a_se_reduc… │
│ (Conv2D)            │                   │            │                   │
├─────────────────────┼───────────────────┼────────────┼───────────────────┤
│ block1a_se_excite   │ (None, 112, 112,  │          0 │ block1a_activati… │
│ (Multiply)          │ 32)               │            │ block1a_se_expan… │
├─────────────────────┼───────────────────┼────────────┼───────────────────┤
│ block1a_project_co… │ (None, 112, 112,  │        512 │ block1a_se_excit… │
│ (Conv2D)            │ 16)               │            │                   │
├─────────────────────┼───────────────────┼────────────┼───────────────────┤
│ block1a_project_bn  │ (None, 112, 112,  │         64 │ block1a_project_… │
│ (BatchNormalizatio… │ 16)               │            │                   │
├─────────────────────┼───────────────────┼────────────┼───────────────────┤
│ block2a_expand_conv │ (None, 112, 112,  │      1,536 │ block1a_project_… │
│ (Conv2D)            │ 96)               │            │                   │
├─────────────────────┼───────────────────┼────────────┼───────────────────┤
│ block2a_expand_bn   │ (None, 112, 112,  │        384 │ block2a_expand_c… │
│ (BatchNormalizatio… │ 96)               │            │                   │
├─────────────────────┼───────────────────┼────────────┼───────────────────┤
│ block2a_expand_act… │ (None, 112, 112,  │          0 │ block2a_expand_b… │
│ (Activation)        │ 96)               │            │                   │
├─────────────────────┼───────────────────┼────────────┼───────────────────┤
│ block2a_dwconv_pad  │ (None, 113, 113,  │          0 │ block2a_expand_a… │
│ (ZeroPadding2D)     │ 96)               │            │                   │
├─────────────────────┼───────────────────┼────────────┼───────────────────┤
│ block2a_dwconv      │ (None, 56, 56,    │        864 │ block2a_dwconv_p… │
│ (DepthwiseConv2D)   │ 96)               │            │                   │
├─────────────────────┼───────────────────┼────────────┼───────────────────┤
│ block2a_bn          │ (None, 56, 56,    │        384 │ block2a_dwconv[0… │
│ (BatchNormalizatio… │ 96)               │            │                   │
├─────────────────────┼───────────────────┼────────────┼───────────────────┤
│ block2a_activation  │ (None, 56, 56,    │          0 │ block2a_bn[0][0]  │
│ (Activation)        │ 96)               │            │                   │
├─────────────────────┼───────────────────┼────────────┼───────────────────┤
│ block2a_se_squeeze  │ (None, 96)        │          0 │ block2a_activati… │
│ (GlobalAveragePool… │                   │            │                   │
├─────────────────────┼───────────────────┼────────────┼───────────────────┤
│ block2a_se_reshape  │ (None, 1, 1, 96)  │          0 │ block2a_se_squee… │
│ (Reshape)           │                   │            │                   │
├─────────────────────┼───────────────────┼────────────┼───────────────────┤
│ block2a_se_reduce   │ (None, 1, 1, 4)   │        388 │ block2a_se_resha… │
│ (Conv2D)            │                   │            │                   │
├─────────────────────┼───────────────────┼────────────┼───────────────────┤
│ block2a_se_expand   │ (None, 1, 1, 96)  │        480 │ block2a_se_reduc… │
│ (Conv2D)            │                   │            │                   │
├─────────────────────┼───────────────────┼────────────┼───────────────────┤
│ block2a_se_excite   │ (None, 56, 56,    │          0 │ block2a_activati… │
│ (Multiply)          │ 96)               │            │ block2a_se_expan… │
├─────────────────────┼───────────────────┼────────────┼───────────────────┤
│ block2a_project_co… │ (None, 56, 56,    │      2,304 │ block2a_se_excit… │
│ (Conv2D)            │ 24)               │            │                   │
├─────────────────────┼───────────────────┼────────────┼───────────────────┤
│ block2a_project_bn  │ (None, 56, 56,    │         96 │ block2a_project_… │
│ (BatchNormalizatio… │ 24)               │            │                   │
├─────────────────────┼───────────────────┼────────────┼───────────────────┤
│ block2b_expand_conv │ (None, 56, 56,    │      3,456 │ block2a_project_… │
│ (Conv2D)            │ 144)              │            │                   │
├─────────────────────┼───────────────────┼────────────┼───────────────────┤
│ block2b_expand_bn   │ (None, 56, 56,    │        576 │ block2b_expand_c… │
│ (BatchNormalizatio… │ 144)              │            │                   │
├─────────────────────┼───────────────────┼────────────┼───────────────────┤
│ block2b_expand_act… │ (None, 56, 56,    │          0 │ block2b_expand_b… │
│ (Activation)        │ 144)              │            │                   │
├─────────────────────┼───────────────────┼────────────┼───────────────────┤
│ block2b_dwconv      │ (None, 56, 56,    │      1,296 │ block2b_expand_a… │
│ (DepthwiseConv2D)   │ 144)              │            │                   │
├─────────────────────┼───────────────────┼────────────┼───────────────────┤
│ block2b_bn          │ (None, 56, 56,    │        576 │ block2b_dwconv[0… │
│ (BatchNormalizatio… │ 144)              │            │                   │
├─────────────────────┼───────────────────┼────────────┼───────────────────┤
│ block2b_activation  │ (None, 56, 56,    │          0 │ block2b_bn[0][0]  │
│ (Activation)        │ 144)              │            │                   │
├─────────────────────┼───────────────────┼────────────┼───────────────────┤
│ block2b_se_squeeze  │ (None, 144)       │          0 │ block2b_activati… │
│ (GlobalAveragePool… │                   │            │                   │
├─────────────────────┼───────────────────┼────────────┼───────────────────┤
│ block2b_se_reshape  │ (None, 1, 1, 144) │          0 │ block2b_se_squee… │
│ (Reshape)           │                   │            │                   │
├─────────────────────┼───────────────────┼────────────┼───────────────────┤
│ block2b_se_reduce   │ (None, 1, 1, 6)   │        870 │ block2b_se_resha… │
│ (Conv2D)            │                   │            │                   │
├─────────────────────┼───────────────────┼────────────┼───────────────────┤
│ block2b_se_expand   │ (None, 1, 1, 144) │      1,008 │ block2b_se_reduc… │
│ (Conv2D)            │                   │            │                   │
├─────────────────────┼───────────────────┼────────────┼───────────────────┤
│ block2b_se_excite   │ (None, 56, 56,    │          0 │ block2b_activati… │
│ (Multiply)          │ 144)              │            │ block2b_se_expan… │
├─────────────────────┼───────────────────┼────────────┼───────────────────┤
│ block2b_project_co… │ (None, 56, 56,    │      3,456 │ block2b_se_excit… │
│ (Conv2D)            │ 24)               │            │                   │
├─────────────────────┼───────────────────┼────────────┼───────────────────┤
│ block2b_project_bn  │ (None, 56, 56,    │         96 │ block2b_project_… │
│ (BatchNormalizatio… │ 24)               │            │                   │
├─────────────────────┼───────────────────┼────────────┼───────────────────┤
│ block2b_drop        │ (None, 56, 56,    │          0 │ block2b_project_… │
│ (Dropout)           │ 24)               │            │                   │
├─────────────────────┼───────────────────┼────────────┼───────────────────┤
│ block2b_add (Add)   │ (None, 56, 56,    │          0 │ block2b_drop[0][… │
│                     │ 24)               │            │ block2a_project_… │
├─────────────────────┼───────────────────┼────────────┼───────────────────┤
│ block3a_expand_conv │ (None, 56, 56,    │      3,456 │ block2b_add[0][0] │
│ (Conv2D)            │ 144)              │            │                   │
├─────────────────────┼───────────────────┼────────────┼───────────────────┤
│ block3a_expand_bn   │ (None, 56, 56,    │        576 │ block3a_expand_c… │
│ (BatchNormalizatio… │ 144)              │            │                   │
├─────────────────────┼───────────────────┼────────────┼───────────────────┤
│ block3a_expand_act… │ (None, 56, 56,    │          0 │ block3a_expand_b… │
│ (Activation)        │ 144)              │            │                   │
├─────────────────────┼───────────────────┼────────────┼───────────────────┤
│ block3a_dwconv_pad  │ (None, 59, 59,    │          0 │ block3a_expand_a… │
│ (ZeroPadding2D)     │ 144)              │            │                   │
├─────────────────────┼───────────────────┼────────────┼───────────────────┤
│ block3a_dwconv      │ (None, 28, 28,    │      3,600 │ block3a_dwconv_p… │
│ (DepthwiseConv2D)   │ 144)              │            │                   │
├─────────────────────┼───────────────────┼────────────┼───────────────────┤
│ block3a_bn          │ (None, 28, 28,    │        576 │ block3a_dwconv[0… │
│ (BatchNormalizatio… │ 144)              │            │                   │
├─────────────────────┼───────────────────┼────────────┼───────────────────┤
│ block3a_activation  │ (None, 28, 28,    │          0 │ block3a_bn[0][0]  │
│ (Activation)        │ 144)              │            │                   │
├─────────────────────┼───────────────────┼────────────┼───────────────────┤
│ block3a_se_squeeze  │ (None, 144)       │          0 │ block3a_activati… │
│ (GlobalAveragePool… │                   │            │                   │
├─────────────────────┼───────────────────┼────────────┼───────────────────┤
│ block3a_se_reshape  │ (None, 1, 1, 144) │          0 │ block3a_se_squee… │
│ (Reshape)           │                   │            │                   │
├─────────────────────┼───────────────────┼────────────┼───────────────────┤
│ block3a_se_reduce   │ (None, 1, 1, 6)   │        870 │ block3a_se_resha… │
│ (Conv2D)            │                   │            │                   │
├─────────────────────┼───────────────────┼────────────┼───────────────────┤
│ block3a_se_expand   │ (None, 1, 1, 144) │      1,008 │ block3a_se_reduc… │
│ (Conv2D)            │                   │            │                   │
├─────────────────────┼───────────────────┼────────────┼───────────────────┤
│ block3a_se_excite   │ (None, 28, 28,    │          0 │ block3a_activati… │
│ (Multiply)          │ 144)              │            │ block3a_se_expan… │
├─────────────────────┼───────────────────┼────────────┼───────────────────┤
│ block3a_project_co… │ (None, 28, 28,    │      5,760 │ block3a_se_excit… │
│ (Conv2D)            │ 40)               │            │                   │
├─────────────────────┼───────────────────┼────────────┼───────────────────┤
│ block3a_project_bn  │ (None, 28, 28,    │        160 │ block3a_project_… │
│ (BatchNormalizatio… │ 40)               │            │                   │
├─────────────────────┼───────────────────┼────────────┼───────────────────┤
│ block3b_expand_conv │ (None, 28, 28,    │      9,600 │ block3a_project_… │
│ (Conv2D)            │ 240)              │            │                   │
├─────────────────────┼───────────────────┼────────────┼───────────────────┤
│ block3b_expand_bn   │ (None, 28, 28,    │        960 │ block3b_expand_c… │
│ (BatchNormalizatio… │ 240)              │            │                   │
├─────────────────────┼───────────────────┼────────────┼───────────────────┤
│ block3b_expand_act… │ (None, 28, 28,    │          0 │ block3b_expand_b… │
│ (Activation)        │ 240)              │            │                   │
├─────────────────────┼───────────────────┼────────────┼───────────────────┤
│ block3b_dwconv      │ (None, 28, 28,    │      6,000 │ block3b_expand_a… │
│ (DepthwiseConv2D)   │ 240)              │            │                   │
├─────────────────────┼───────────────────┼────────────┼───────────────────┤
│ block3b_bn          │ (None, 28, 28,    │        960 │ block3b_dwconv[0… │
│ (BatchNormalizatio… │ 240)              │            │                   │
├─────────────────────┼───────────────────┼────────────┼───────────────────┤
│ block3b_activation  │ (None, 28, 28,    │          0 │ block3b_bn[0][0]  │
│ (Activation)        │ 240)              │            │                   │
├─────────────────────┼───────────────────┼────────────┼───────────────────┤
│ block3b_se_squeeze  │ (None, 240)       │          0 │ block3b_activati… │
│ (GlobalAveragePool… │                   │            │                   │
├─────────────────────┼───────────────────┼────────────┼───────────────────┤
│ block3b_se_reshape  │ (None, 1, 1, 240) │          0 │ block3b_se_squee… │
│ (Reshape)           │                   │            │                   │
├─────────────────────┼───────────────────┼────────────┼───────────────────┤
│ block3b_se_reduce   │ (None, 1, 1, 10)  │      2,410 │ block3b_se_resha… │
│ (Conv2D)            │                   │            │                   │
├─────────────────────┼───────────────────┼────────────┼───────────────────┤
│ block3b_se_expand   │ (None, 1, 1, 240) │      2,640 │ block3b_se_reduc… │
│ (Conv2D)            │                   │            │                   │
├─────────────────────┼───────────────────┼────────────┼───────────────────┤
│ block3b_se_excite   │ (None, 28, 28,    │          0 │ block3b_activati… │
│ (Multiply)          │ 240)              │            │ block3b_se_expan… │
├─────────────────────┼───────────────────┼────────────┼───────────────────┤
│ block3b_project_co… │ (None, 28, 28,    │      9,600 │ block3b_se_excit… │
│ (Conv2D)            │ 40)               │            │                   │
├─────────────────────┼───────────────────┼────────────┼───────────────────┤
│ block3b_project_bn  │ (None, 28, 28,    │        160 │ block3b_project_… │
│ (BatchNormalizatio… │ 40)               │            │                   │
├─────────────────────┼───────────────────┼────────────┼───────────────────┤
│ block3b_drop        │ (None, 28, 28,    │          0 │ block3b_project_… │
│ (Dropout)           │ 40)               │            │                   │
├─────────────────────┼───────────────────┼────────────┼───────────────────┤
│ block3b_add (Add)   │ (None, 28, 28,    │          0 │ block3b_drop[0][… │
│                     │ 40)               │            │ block3a_project_… │
├─────────────────────┼───────────────────┼────────────┼───────────────────┤
│ block4a_expand_conv │ (None, 28, 28,    │      9,600 │ block3b_add[0][0] │
│ (Conv2D)            │ 240)              │            │                   │
├─────────────────────┼───────────────────┼────────────┼───────────────────┤
│ block4a_expand_bn   │ (None, 28, 28,    │        960 │ block4a_expand_c… │
│ (BatchNormalizatio… │ 240)              │            │                   │
├─────────────────────┼───────────────────┼────────────┼───────────────────┤
│ block4a_expand_act… │ (None, 28, 28,    │          0 │ block4a_expand_b… │
│ (Activation)        │ 240)              │            │                   │
├─────────────────────┼───────────────────┼────────────┼───────────────────┤
│ block4a_dwconv_pad  │ (None, 29, 29,    │          0 │ block4a_expand_a… │
│ (ZeroPadding2D)     │ 240)              │            │                   │
├─────────────────────┼───────────────────┼────────────┼───────────────────┤
│ block4a_dwconv      │ (None, 14, 14,    │      2,160 │ block4a_dwconv_p… │
│ (DepthwiseConv2D)   │ 240)              │            │                   │
├─────────────────────┼───────────────────┼────────────┼───────────────────┤
│ block4a_bn          │ (None, 14, 14,    │        960 │ block4a_dwconv[0… │
│ (BatchNormalizatio… │ 240)              │            │                   │
├─────────────────────┼───────────────────┼────────────┼───────────────────┤
│ block4a_activation  │ (None, 14, 14,    │          0 │ block4a_bn[0][0]  │
│ (Activation)        │ 240)              │            │                   │
├─────────────────────┼───────────────────┼────────────┼───────────────────┤
│ block4a_se_squeeze  │ (None, 240)       │          0 │ block4a_activati… │
│ (GlobalAveragePool… │                   │            │                   │
├─────────────────────┼───────────────────┼────────────┼───────────────────┤
│ block4a_se_reshape  │ (None, 1, 1, 240) │          0 │ block4a_se_squee… │
│ (Reshape)           │                   │            │                   │
├─────────────────────┼───────────────────┼────────────┼───────────────────┤
│ block4a_se_reduce   │ (None, 1, 1, 10)  │      2,410 │ block4a_se_resha… │
│ (Conv2D)            │                   │            │                   │
├─────────────────────┼───────────────────┼────────────┼───────────────────┤
│ block4a_se_expand   │ (None, 1, 1, 240) │      2,640 │ block4a_se_reduc… │
│ (Conv2D)            │                   │            │                   │
├─────────────────────┼───────────────────┼────────────┼───────────────────┤
│ block4a_se_excite   │ (None, 14, 14,    │          0 │ block4a_activati… │
│ (Multiply)          │ 240)              │            │ block4a_se_expan… │
├─────────────────────┼───────────────────┼────────────┼───────────────────┤
│ block4a_project_co… │ (None, 14, 14,    │     19,200 │ block4a_se_excit… │
│ (Conv2D)            │ 80)               │            │                   │
├─────────────────────┼───────────────────┼────────────┼───────────────────┤
│ block4a_project_bn  │ (None, 14, 14,    │        320 │ block4a_project_… │
│ (BatchNormalizatio… │ 80)               │            │                   │
├─────────────────────┼───────────────────┼────────────┼───────────────────┤
│ block4b_expand_conv │ (None, 14, 14,    │     38,400 │ block4a_project_… │
│ (Conv2D)            │ 480)              │            │                   │
├─────────────────────┼───────────────────┼────────────┼───────────────────┤
│ block4b_expand_bn   │ (None, 14, 14,    │      1,920 │ block4b_expand_c… │
│ (BatchNormalizatio… │ 480)              │            │                   │
├─────────────────────┼───────────────────┼────────────┼───────────────────┤
│ block4b_expand_act… │ (None, 14, 14,    │          0 │ block4b_expand_b… │
│ (Activation)        │ 480)              │            │                   │
├─────────────────────┼───────────────────┼────────────┼───────────────────┤
│ block4b_dwconv      │ (None, 14, 14,    │      4,320 │ block4b_expand_a… │
│ (DepthwiseConv2D)   │ 480)              │            │                   │
├─────────────────────┼───────────────────┼────────────┼───────────────────┤
│ block4b_bn          │ (None, 14, 14,    │      1,920 │ block4b_dwconv[0… │
│ (BatchNormalizatio… │ 480)              │            │                   │
├─────────────────────┼───────────────────┼────────────┼───────────────────┤
│ block4b_activation  │ (None, 14, 14,    │          0 │ block4b_bn[0][0]  │
│ (Activation)        │ 480)              │            │                   │
├─────────────────────┼───────────────────┼────────────┼───────────────────┤
│ block4b_se_squeeze  │ (None, 480)       │          0 │ block4b_activati… │
│ (GlobalAveragePool… │                   │            │                   │
├─────────────────────┼───────────────────┼────────────┼───────────────────┤
│ block4b_se_reshape  │ (None, 1, 1, 480) │          0 │ block4b_se_squee… │
│ (Reshape)           │                   │            │                   │
├─────────────────────┼───────────────────┼────────────┼───────────────────┤
│ block4b_se_reduce   │ (None, 1, 1, 20)  │      9,620 │ block4b_se_resha… │
│ (Conv2D)            │                   │            │                   │
├─────────────────────┼───────────────────┼────────────┼───────────────────┤
│ block4b_se_expand   │ (None, 1, 1, 480) │     10,080 │ block4b_se_reduc… │
│ (Conv2D)            │                   │            │                   │
├─────────────────────┼───────────────────┼────────────┼───────────────────┤
│ block4b_se_excite   │ (None, 14, 14,    │          0 │ block4b_activati… │
│ (Multiply)          │ 480)              │            │ block4b_se_expan… │
├─────────────────────┼───────────────────┼────────────┼───────────────────┤
│ block4b_project_co… │ (None, 14, 14,    │     38,400 │ block4b_se_excit… │
│ (Conv2D)            │ 80)               │            │                   │
├─────────────────────┼───────────────────┼────────────┼───────────────────┤
│ block4b_project_bn  │ (None, 14, 14,    │        320 │ block4b_project_… │
│ (BatchNormalizatio… │ 80)               │            │                   │
├─────────────────────┼───────────────────┼────────────┼───────────────────┤
│ block4b_drop        │ (None, 14, 14,    │          0 │ block4b_project_… │
│ (Dropout)           │ 80)               │            │                   │
├─────────────────────┼───────────────────┼────────────┼───────────────────┤
│ block4b_add (Add)   │ (None, 14, 14,    │          0 │ block4b_drop[0][… │
│                     │ 80)               │            │ block4a_project_… │
├─────────────────────┼───────────────────┼────────────┼───────────────────┤
│ block4c_expand_conv │ (None, 14, 14,    │     38,400 │ block4b_add[0][0] │
│ (Conv2D)            │ 480)              │            │                   │
├─────────────────────┼───────────────────┼────────────┼───────────────────┤
│ block4c_expand_bn   │ (None, 14, 14,    │      1,920 │ block4c_expand_c… │
│ (BatchNormalizatio… │ 480)              │            │                   │
├─────────────────────┼───────────────────┼────────────┼───────────────────┤
│ block4c_expand_act… │ (None, 14, 14,    │          0 │ block4c_expand_b… │
│ (Activation)        │ 480)              │            │                   │
├─────────────────────┼───────────────────┼────────────┼───────────────────┤
│ block4c_dwconv      │ (None, 14, 14,    │      4,320 │ block4c_expand_a… │
│ (DepthwiseConv2D)   │ 480)              │            │                   │
├─────────────────────┼───────────────────┼────────────┼───────────────────┤
│ block4c_bn          │ (None, 14, 14,    │      1,920 │ block4c_dwconv[0… │
│ (BatchNormalizatio… │ 480)              │            │                   │
├─────────────────────┼───────────────────┼────────────┼───────────────────┤
│ block4c_activation  │ (None, 14, 14,    │          0 │ block4c_bn[0][0]  │
│ (Activation)        │ 480)              │            │                   │
├─────────────────────┼───────────────────┼────────────┼───────────────────┤
│ block4c_se_squeeze  │ (None, 480)       │          0 │ block4c_activati… │
│ (GlobalAveragePool… │                   │            │                   │
├─────────────────────┼───────────────────┼────────────┼───────────────────┤
│ block4c_se_reshape  │ (None, 1, 1, 480) │          0 │ block4c_se_squee… │
│ (Reshape)           │                   │            │                   │
├─────────────────────┼───────────────────┼────────────┼───────────────────┤
│ block4c_se_reduce   │ (None, 1, 1, 20)  │      9,620 │ block4c_se_resha… │
│ (Conv2D)            │                   │            │                   │
├─────────────────────┼───────────────────┼────────────┼───────────────────┤
│ block4c_se_expand   │ (None, 1, 1, 480) │     10,080 │ block4c_se_reduc… │
│ (Conv2D)            │                   │            │                   │
├─────────────────────┼───────────────────┼────────────┼───────────────────┤
│ block4c_se_excite   │ (None, 14, 14,    │          0 │ block4c_activati… │
│ (Multiply)          │ 480)              │            │ block4c_se_expan… │
├─────────────────────┼───────────────────┼────────────┼───────────────────┤
│ block4c_project_co… │ (None, 14, 14,    │     38,400 │ block4c_se_excit… │
│ (Conv2D)            │ 80)               │            │                   │
├─────────────────────┼───────────────────┼────────────┼───────────────────┤
│ block4c_project_bn  │ (None, 14, 14,    │        320 │ block4c_project_… │
│ (BatchNormalizatio… │ 80)               │            │                   │
├─────────────────────┼───────────────────┼────────────┼───────────────────┤
│ block4c_drop        │ (None, 14, 14,    │          0 │ block4c_project_… │
│ (Dropout)           │ 80)               │            │                   │
├─────────────────────┼───────────────────┼────────────┼───────────────────┤
│ block4c_add (Add)   │ (None, 14, 14,    │          0 │ block4c_drop[0][… │
│                     │ 80)               │            │ block4b_add[0][0] │
├─────────────────────┼───────────────────┼────────────┼───────────────────┤
│ block5a_expand_conv │ (None, 14, 14,    │     38,400 │ block4c_add[0][0] │
│ (Conv2D)            │ 480)              │            │                   │
├─────────────────────┼───────────────────┼────────────┼───────────────────┤
│ block5a_expand_bn   │ (None, 14, 14,    │      1,920 │ block5a_expand_c… │
│ (BatchNormalizatio… │ 480)              │            │                   │
├─────────────────────┼───────────────────┼────────────┼───────────────────┤
│ block5a_expand_act… │ (None, 14, 14,    │          0 │ block5a_expand_b… │
│ (Activation)        │ 480)              │            │                   │
├─────────────────────┼───────────────────┼────────────┼───────────────────┤
│ block5a_dwconv      │ (None, 14, 14,    │     12,000 │ block5a_expand_a… │
│ (DepthwiseConv2D)   │ 480)              │            │                   │
├─────────────────────┼───────────────────┼────────────┼───────────────────┤
│ block5a_bn          │ (None, 14, 14,    │      1,920 │ block5a_dwconv[0… │
│ (BatchNormalizatio… │ 480)              │            │                   │
├─────────────────────┼───────────────────┼────────────┼───────────────────┤
│ block5a_activation  │ (None, 14, 14,    │          0 │ block5a_bn[0][0]  │
│ (Activation)        │ 480)              │            │                   │
├─────────────────────┼───────────────────┼────────────┼───────────────────┤
│ block5a_se_squeeze  │ (None, 480)       │          0 │ block5a_activati… │
│ (GlobalAveragePool… │                   │            │                   │
├─────────────────────┼───────────────────┼────────────┼───────────────────┤
│ block5a_se_reshape  │ (None, 1, 1, 480) │          0 │ block5a_se_squee… │
│ (Reshape)           │                   │            │                   │
├─────────────────────┼───────────────────┼────────────┼───────────────────┤
│ block5a_se_reduce   │ (None, 1, 1, 20)  │      9,620 │ block5a_se_resha… │
│ (Conv2D)            │                   │            │                   │
├─────────────────────┼───────────────────┼────────────┼───────────────────┤
│ block5a_se_expand   │ (None, 1, 1, 480) │     10,080 │ block5a_se_reduc… │
│ (Conv2D)            │                   │            │                   │
├─────────────────────┼───────────────────┼────────────┼───────────────────┤
│ block5a_se_excite   │ (None, 14, 14,    │          0 │ block5a_activati… │
│ (Multiply)          │ 480)              │            │ block5a_se_expan… │
├─────────────────────┼───────────────────┼────────────┼───────────────────┤
│ block5a_project_co… │ (None, 14, 14,    │     53,760 │ block5a_se_excit… │
│ (Conv2D)            │ 112)              │            │                   │
├─────────────────────┼───────────────────┼────────────┼───────────────────┤
│ block5a_project_bn  │ (None, 14, 14,    │        448 │ block5a_project_… │
│ (BatchNormalizatio… │ 112)              │            │                   │
├─────────────────────┼───────────────────┼────────────┼───────────────────┤
│ block5b_expand_conv │ (None, 14, 14,    │     75,264 │ block5a_project_… │
│ (Conv2D)            │ 672)              │            │                   │
├─────────────────────┼───────────────────┼────────────┼───────────────────┤
│ block5b_expand_bn   │ (None, 14, 14,    │      2,688 │ block5b_expand_c… │
│ (BatchNormalizatio… │ 672)              │            │                   │
├─────────────────────┼───────────────────┼────────────┼───────────────────┤
│ block5b_expand_act… │ (None, 14, 14,    │          0 │ block5b_expand_b… │
│ (Activation)        │ 672)              │            │                   │
├─────────────────────┼───────────────────┼────────────┼───────────────────┤
│ block5b_dwconv      │ (None, 14, 14,    │     16,800 │ block5b_expand_a… │
│ (DepthwiseConv2D)   │ 672)              │            │                   │
├─────────────────────┼───────────────────┼────────────┼───────────────────┤
│ block5b_bn          │ (None, 14, 14,    │      2,688 │ block5b_dwconv[0… │
│ (BatchNormalizatio… │ 672)              │            │                   │
├─────────────────────┼───────────────────┼────────────┼───────────────────┤
│ block5b_activation  │ (None, 14, 14,    │          0 │ block5b_bn[0][0]  │
│ (Activation)        │ 672)              │            │                   │
├─────────────────────┼───────────────────┼────────────┼───────────────────┤
│ block5b_se_squeeze  │ (None, 672)       │          0 │ block5b_activati… │
│ (GlobalAveragePool… │                   │            │                   │
├─────────────────────┼───────────────────┼────────────┼───────────────────┤
│ block5b_se_reshape  │ (None, 1, 1, 672) │          0 │ block5b_se_squee… │
│ (Reshape)           │                   │            │                   │
├─────────────────────┼───────────────────┼────────────┼───────────────────┤
│ block5b_se_reduce   │ (None, 1, 1, 28)  │     18,844 │ block5b_se_resha… │
│ (Conv2D)            │                   │            │                   │
├─────────────────────┼───────────────────┼────────────┼───────────────────┤
│ block5b_se_expand   │ (None, 1, 1, 672) │     19,488 │ block5b_se_reduc… │
│ (Conv2D)            │                   │            │                   │
├─────────────────────┼───────────────────┼────────────┼───────────────────┤
│ block5b_se_excite   │ (None, 14, 14,    │          0 │ block5b_activati… │
│ (Multiply)          │ 672)              │            │ block5b_se_expan… │
├─────────────────────┼───────────────────┼────────────┼───────────────────┤
│ block5b_project_co… │ (None, 14, 14,    │     75,264 │ block5b_se_excit… │
│ (Conv2D)            │ 112)              │            │                   │
├─────────────────────┼───────────────────┼────────────┼───────────────────┤
│ block5b_project_bn  │ (None, 14, 14,    │        448 │ block5b_project_… │
│ (BatchNormalizatio… │ 112)              │            │                   │
├─────────────────────┼───────────────────┼────────────┼───────────────────┤
│ block5b_drop        │ (None, 14, 14,    │          0 │ block5b_project_… │
│ (Dropout)           │ 112)              │            │                   │
├─────────────────────┼───────────────────┼────────────┼───────────────────┤
│ block5b_add (Add)   │ (None, 14, 14,    │          0 │ block5b_drop[0][… │
│                     │ 112)              │            │ block5a_project_… │
├─────────────────────┼───────────────────┼────────────┼───────────────────┤
│ block5c_expand_conv │ (None, 14, 14,    │     75,264 │ block5b_add[0][0] │
│ (Conv2D)            │ 672)              │            │                   │
├─────────────────────┼───────────────────┼────────────┼───────────────────┤
│ block5c_expand_bn   │ (None, 14, 14,    │      2,688 │ block5c_expand_c… │
│ (BatchNormalizatio… │ 672)              │            │                   │
├─────────────────────┼───────────────────┼────────────┼───────────────────┤
│ block5c_expand_act… │ (None, 14, 14,    │          0 │ block5c_expand_b… │
│ (Activation)        │ 672)              │            │                   │
├─────────────────────┼───────────────────┼────────────┼───────────────────┤
│ block5c_dwconv      │ (None, 14, 14,    │     16,800 │ block5c_expand_a… │
│ (DepthwiseConv2D)   │ 672)              │            │                   │
├─────────────────────┼───────────────────┼────────────┼───────────────────┤
│ block5c_bn          │ (None, 14, 14,    │      2,688 │ block5c_dwconv[0… │
│ (BatchNormalizatio… │ 672)              │            │                   │
├─────────────────────┼───────────────────┼────────────┼───────────────────┤
│ block5c_activation  │ (None, 14, 14,    │          0 │ block5c_bn[0][0]  │
│ (Activation)        │ 672)              │            │                   │
├─────────────────────┼───────────────────┼────────────┼───────────────────┤
│ block5c_se_squeeze  │ (None, 672)       │          0 │ block5c_activati… │
│ (GlobalAveragePool… │                   │            │                   │
├─────────────────────┼───────────────────┼────────────┼───────────────────┤
│ block5c_se_reshape  │ (None, 1, 1, 672) │          0 │ block5c_se_squee… │
│ (Reshape)           │                   │            │                   │
├─────────────────────┼───────────────────┼────────────┼───────────────────┤
│ block5c_se_reduce   │ (None, 1, 1, 28)  │     18,844 │ block5c_se_resha… │
│ (Conv2D)            │                   │            │                   │
├─────────────────────┼───────────────────┼────────────┼───────────────────┤
│ block5c_se_expand   │ (None, 1, 1, 672) │     19,488 │ block5c_se_reduc… │
│ (Conv2D)            │                   │            │                   │
├─────────────────────┼───────────────────┼────────────┼───────────────────┤
│ block5c_se_excite   │ (None, 14, 14,    │          0 │ block5c_activati… │
│ (Multiply)          │ 672)              │            │ block5c_se_expan… │
├─────────────────────┼───────────────────┼────────────┼───────────────────┤
│ block5c_project_co… │ (None, 14, 14,    │     75,264 │ block5c_se_excit… │
│ (Conv2D)            │ 112)              │            │                   │
├─────────────────────┼───────────────────┼────────────┼───────────────────┤
│ block5c_project_bn  │ (None, 14, 14,    │        448 │ block5c_project_… │
│ (BatchNormalizatio… │ 112)              │            │                   │
├─────────────────────┼───────────────────┼────────────┼───────────────────┤
│ block5c_drop        │ (None, 14, 14,    │          0 │ block5c_project_… │
│ (Dropout)           │ 112)              │            │                   │
├─────────────────────┼───────────────────┼────────────┼───────────────────┤
│ block5c_add (Add)   │ (None, 14, 14,    │          0 │ block5c_drop[0][… │
│                     │ 112)              │            │ block5b_add[0][0] │
├─────────────────────┼───────────────────┼────────────┼───────────────────┤
│ block6a_expand_conv │ (None, 14, 14,    │     75,264 │ block5c_add[0][0] │
│ (Conv2D)            │ 672)              │            │                   │
├─────────────────────┼───────────────────┼────────────┼───────────────────┤
│ block6a_expand_bn   │ (None, 14, 14,    │      2,688 │ block6a_expand_c… │
│ (BatchNormalizatio… │ 672)              │            │                   │
├─────────────────────┼───────────────────┼────────────┼───────────────────┤
│ block6a_expand_act… │ (None, 14, 14,    │          0 │ block6a_expand_b… │
│ (Activation)        │ 672)              │            │                   │
├─────────────────────┼───────────────────┼────────────┼───────────────────┤
│ block6a_dwconv_pad  │ (None, 17, 17,    │          0 │ block6a_expand_a… │
│ (ZeroPadding2D)     │ 672)              │            │                   │
├─────────────────────┼───────────────────┼────────────┼───────────────────┤
│ block6a_dwconv      │ (None, 7, 7, 672) │     16,800 │ block6a_dwconv_p… │
│ (DepthwiseConv2D)   │                   │            │                   │
├─────────────────────┼───────────────────┼────────────┼───────────────────┤
│ block6a_bn          │ (None, 7, 7, 672) │      2,688 │ block6a_dwconv[0… │
│ (BatchNormalizatio… │                   │            │                   │
├─────────────────────┼───────────────────┼────────────┼───────────────────┤
│ block6a_activation  │ (None, 7, 7, 672) │          0 │ block6a_bn[0][0]  │
│ (Activation)        │                   │            │                   │
├─────────────────────┼───────────────────┼────────────┼───────────────────┤
│ block6a_se_squeeze  │ (None, 672)       │          0 │ block6a_activati… │
│ (GlobalAveragePool… │                   │            │                   │
├─────────────────────┼───────────────────┼────────────┼───────────────────┤
│ block6a_se_reshape  │ (None, 1, 1, 672) │          0 │ block6a_se_squee… │
│ (Reshape)           │                   │            │                   │
├─────────────────────┼───────────────────┼────────────┼───────────────────┤
│ block6a_se_reduce   │ (None, 1, 1, 28)  │     18,844 │ block6a_se_resha… │
│ (Conv2D)            │                   │            │                   │
├─────────────────────┼───────────────────┼────────────┼───────────────────┤
│ block6a_se_expand   │ (None, 1, 1, 672) │     19,488 │ block6a_se_reduc… │
│ (Conv2D)            │                   │            │                   │
├─────────────────────┼───────────────────┼────────────┼───────────────────┤
│ block6a_se_excite   │ (None, 7, 7, 672) │          0 │ block6a_activati… │
│ (Multiply)          │                   │            │ block6a_se_expan… │
├─────────────────────┼───────────────────┼────────────┼───────────────────┤
│ block6a_project_co… │ (None, 7, 7, 192) │    129,024 │ block6a_se_excit… │
│ (Conv2D)            │                   │            │                   │
├─────────────────────┼───────────────────┼────────────┼───────────────────┤
│ block6a_project_bn  │ (None, 7, 7, 192) │        768 │ block6a_project_… │
│ (BatchNormalizatio… │                   │            │                   │
├─────────────────────┼───────────────────┼────────────┼───────────────────┤
│ block6b_expand_conv │ (None, 7, 7,      │    221,184 │ block6a_project_… │
│ (Conv2D)            │ 1152)             │            │                   │
├─────────────────────┼───────────────────┼────────────┼───────────────────┤
│ block6b_expand_bn   │ (None, 7, 7,      │      4,608 │ block6b_expand_c… │
│ (BatchNormalizatio… │ 1152)             │            │                   │
├─────────────────────┼───────────────────┼────────────┼───────────────────┤
│ block6b_expand_act… │ (None, 7, 7,      │          0 │ block6b_expand_b… │
│ (Activation)        │ 1152)             │            │                   │
├─────────────────────┼───────────────────┼────────────┼───────────────────┤
│ block6b_dwconv      │ (None, 7, 7,      │     28,800 │ block6b_expand_a… │
│ (DepthwiseConv2D)   │ 1152)             │            │                   │
├─────────────────────┼───────────────────┼────────────┼───────────────────┤
│ block6b_bn          │ (None, 7, 7,      │      4,608 │ block6b_dwconv[0… │
│ (BatchNormalizatio… │ 1152)             │            │                   │
├─────────────────────┼───────────────────┼────────────┼───────────────────┤
│ block6b_activation  │ (None, 7, 7,      │          0 │ block6b_bn[0][0]  │
│ (Activation)        │ 1152)             │            │                   │
├─────────────────────┼───────────────────┼────────────┼───────────────────┤
│ block6b_se_squeeze  │ (None, 1152)      │          0 │ block6b_activati… │
│ (GlobalAveragePool… │                   │            │                   │
├─────────────────────┼───────────────────┼────────────┼───────────────────┤
│ block6b_se_reshape  │ (None, 1, 1,      │          0 │ block6b_se_squee… │
│ (Reshape)           │ 1152)             │            │                   │
├─────────────────────┼───────────────────┼────────────┼───────────────────┤
│ block6b_se_reduce   │ (None, 1, 1, 48)  │     55,344 │ block6b_se_resha… │
│ (Conv2D)            │                   │            │                   │
├─────────────────────┼───────────────────┼────────────┼───────────────────┤
│ block6b_se_expand   │ (None, 1, 1,      │     56,448 │ block6b_se_reduc… │
│ (Conv2D)            │ 1152)             │            │                   │
├─────────────────────┼───────────────────┼────────────┼───────────────────┤
│ block6b_se_excite   │ (None, 7, 7,      │          0 │ block6b_activati… │
│ (Multiply)          │ 1152)             │            │ block6b_se_expan… │
├─────────────────────┼───────────────────┼────────────┼───────────────────┤
│ block6b_project_co… │ (None, 7, 7, 192) │    221,184 │ block6b_se_excit… │
│ (Conv2D)            │                   │            │                   │
├─────────────────────┼───────────────────┼────────────┼───────────────────┤
│ block6b_project_bn  │ (None, 7, 7, 192) │        768 │ block6b_project_… │
│ (BatchNormalizatio… │                   │            │                   │
├─────────────────────┼───────────────────┼────────────┼───────────────────┤
│ block6b_drop        │ (None, 7, 7, 192) │          0 │ block6b_project_… │
│ (Dropout)           │                   │            │                   │
├─────────────────────┼───────────────────┼────────────┼───────────────────┤
│ block6b_add (Add)   │ (None, 7, 7, 192) │          0 │ block6b_drop[0][… │
│                     │                   │            │ block6a_project_… │
├─────────────────────┼───────────────────┼────────────┼───────────────────┤
│ block6c_expand_conv │ (None, 7, 7,      │    221,184 │ block6b_add[0][0] │
│ (Conv2D)            │ 1152)             │            │                   │
├─────────────────────┼───────────────────┼────────────┼───────────────────┤
│ block6c_expand_bn   │ (None, 7, 7,      │      4,608 │ block6c_expand_c… │
│ (BatchNormalizatio… │ 1152)             │            │                   │
├─────────────────────┼───────────────────┼────────────┼───────────────────┤
│ block6c_expand_act… │ (None, 7, 7,      │          0 │ block6c_expand_b… │
│ (Activation)        │ 1152)             │            │                   │
├─────────────────────┼───────────────────┼────────────┼───────────────────┤
│ block6c_dwconv      │ (None, 7, 7,      │     28,800 │ block6c_expand_a… │
│ (DepthwiseConv2D)   │ 1152)             │            │                   │
├─────────────────────┼───────────────────┼────────────┼───────────────────┤
│ block6c_bn          │ (None, 7, 7,      │      4,608 │ block6c_dwconv[0… │
│ (BatchNormalizatio… │ 1152)             │            │                   │
├─────────────────────┼───────────────────┼────────────┼───────────────────┤
│ block6c_activation  │ (None, 7, 7,      │          0 │ block6c_bn[0][0]  │
│ (Activation)        │ 1152)             │            │                   │
├─────────────────────┼───────────────────┼────────────┼───────────────────┤
│ block6c_se_squeeze  │ (None, 1152)      │          0 │ block6c_activati… │
│ (GlobalAveragePool… │                   │            │                   │
├─────────────────────┼───────────────────┼────────────┼───────────────────┤
│ block6c_se_reshape  │ (None, 1, 1,      │          0 │ block6c_se_squee… │
│ (Reshape)           │ 1152)             │            │                   │
├─────────────────────┼───────────────────┼────────────┼───────────────────┤
│ block6c_se_reduce   │ (None, 1, 1, 48)  │     55,344 │ block6c_se_resha… │
│ (Conv2D)            │                   │            │                   │
├─────────────────────┼───────────────────┼────────────┼───────────────────┤
│ block6c_se_expand   │ (None, 1, 1,      │     56,448 │ block6c_se_reduc… │
│ (Conv2D)            │ 1152)             │            │                   │
├─────────────────────┼───────────────────┼────────────┼───────────────────┤
│ block6c_se_excite   │ (None, 7, 7,      │          0 │ block6c_activati… │
│ (Multiply)          │ 1152)             │            │ block6c_se_expan… │
├─────────────────────┼───────────────────┼────────────┼───────────────────┤
│ block6c_project_co… │ (None, 7, 7, 192) │    221,184 │ block6c_se_excit… │
│ (Conv2D)            │                   │            │                   │
├─────────────────────┼───────────────────┼────────────┼───────────────────┤
│ block6c_project_bn  │ (None, 7, 7, 192) │        768 │ block6c_project_… │
│ (BatchNormalizatio… │                   │            │                   │
├─────────────────────┼───────────────────┼────────────┼───────────────────┤
│ block6c_drop        │ (None, 7, 7, 192) │          0 │ block6c_project_… │
│ (Dropout)           │                   │            │                   │
├─────────────────────┼───────────────────┼────────────┼───────────────────┤
│ block6c_add (Add)   │ (None, 7, 7, 192) │          0 │ block6c_drop[0][… │
│                     │                   │            │ block6b_add[0][0] │
├─────────────────────┼───────────────────┼────────────┼───────────────────┤
│ block6d_expand_conv │ (None, 7, 7,      │    221,184 │ block6c_add[0][0] │
│ (Conv2D)            │ 1152)             │            │                   │
├─────────────────────┼───────────────────┼────────────┼───────────────────┤
│ block6d_expand_bn   │ (None, 7, 7,      │      4,608 │ block6d_expand_c… │
│ (BatchNormalizatio… │ 1152)             │            │                   │
├─────────────────────┼───────────────────┼────────────┼───────────────────┤
│ block6d_expand_act… │ (None, 7, 7,      │          0 │ block6d_expand_b… │
│ (Activation)        │ 1152)             │            │                   │
├─────────────────────┼───────────────────┼────────────┼───────────────────┤
│ block6d_dwconv      │ (None, 7, 7,      │     28,800 │ block6d_expand_a… │
│ (DepthwiseConv2D)   │ 1152)             │            │                   │
├─────────────────────┼───────────────────┼────────────┼───────────────────┤
│ block6d_bn          │ (None, 7, 7,      │      4,608 │ block6d_dwconv[0… │
│ (BatchNormalizatio… │ 1152)             │            │                   │
├─────────────────────┼───────────────────┼────────────┼───────────────────┤
│ block6d_activation  │ (None, 7, 7,      │          0 │ block6d_bn[0][0]  │
│ (Activation)        │ 1152)             │            │                   │
├─────────────────────┼───────────────────┼────────────┼───────────────────┤
│ block6d_se_squeeze  │ (None, 1152)      │          0 │ block6d_activati… │
│ (GlobalAveragePool… │                   │            │                   │
├─────────────────────┼───────────────────┼────────────┼───────────────────┤
│ block6d_se_reshape  │ (None, 1, 1,      │          0 │ block6d_se_squee… │
│ (Reshape)           │ 1152)             │            │                   │
├─────────────────────┼───────────────────┼────────────┼───────────────────┤
│ block6d_se_reduce   │ (None, 1, 1, 48)  │     55,344 │ block6d_se_resha… │
│ (Conv2D)            │                   │            │                   │
├─────────────────────┼───────────────────┼────────────┼───────────────────┤
│ block6d_se_expand   │ (None, 1, 1,      │     56,448 │ block6d_se_reduc… │
│ (Conv2D)            │ 1152)             │            │                   │
├─────────────────────┼───────────────────┼────────────┼───────────────────┤
│ block6d_se_excite   │ (None, 7, 7,      │          0 │ block6d_activati… │
│ (Multiply)          │ 1152)             │            │ block6d_se_expan… │
├─────────────────────┼───────────────────┼────────────┼───────────────────┤
│ block6d_project_co… │ (None, 7, 7, 192) │    221,184 │ block6d_se_excit… │
│ (Conv2D)            │                   │            │                   │
├─────────────────────┼───────────────────┼────────────┼───────────────────┤
│ block6d_project_bn  │ (None, 7, 7, 192) │        768 │ block6d_project_… │
│ (BatchNormalizatio… │                   │            │                   │
├─────────────────────┼───────────────────┼────────────┼───────────────────┤
│ block6d_drop        │ (None, 7, 7, 192) │          0 │ block6d_project_… │
│ (Dropout)           │                   │            │                   │
├─────────────────────┼───────────────────┼────────────┼───────────────────┤
│ block6d_add (Add)   │ (None, 7, 7, 192) │          0 │ block6d_drop[0][… │
│                     │                   │            │ block6c_add[0][0] │
├─────────────────────┼───────────────────┼────────────┼───────────────────┤
│ block7a_expand_conv │ (None, 7, 7,      │    221,184 │ block6d_add[0][0] │
│ (Conv2D)            │ 1152)             │            │                   │
├─────────────────────┼───────────────────┼────────────┼───────────────────┤
│ block7a_expand_bn   │ (None, 7, 7,      │      4,608 │ block7a_expand_c… │
│ (BatchNormalizatio… │ 1152)             │            │                   │
├─────────────────────┼───────────────────┼────────────┼───────────────────┤
│ block7a_expand_act… │ (None, 7, 7,      │          0 │ block7a_expand_b… │
│ (Activation)        │ 1152)             │            │                   │
├─────────────────────┼───────────────────┼────────────┼───────────────────┤
│ block7a_dwconv      │ (None, 7, 7,      │     10,368 │ block7a_expand_a… │
│ (DepthwiseConv2D)   │ 1152)             │            │                   │
├─────────────────────┼───────────────────┼────────────┼───────────────────┤
│ block7a_bn          │ (None, 7, 7,      │      4,608 │ block7a_dwconv[0… │
│ (BatchNormalizatio… │ 1152)             │            │                   │
├─────────────────────┼───────────────────┼────────────┼───────────────────┤
│ block7a_activation  │ (None, 7, 7,      │          0 │ block7a_bn[0][0]  │
│ (Activation)        │ 1152)             │            │                   │
├─────────────────────┼───────────────────┼────────────┼───────────────────┤
│ block7a_se_squeeze  │ (None, 1152)      │          0 │ block7a_activati… │
│ (GlobalAveragePool… │                   │            │                   │
├─────────────────────┼───────────────────┼────────────┼───────────────────┤
│ block7a_se_reshape  │ (None, 1, 1,      │          0 │ block7a_se_squee… │
│ (Reshape)           │ 1152)             │            │                   │
├─────────────────────┼───────────────────┼────────────┼───────────────────┤
│ block7a_se_reduce   │ (None, 1, 1, 48)  │     55,344 │ block7a_se_resha… │
│ (Conv2D)            │                   │            │                   │
├─────────────────────┼───────────────────┼────────────┼───────────────────┤
│ block7a_se_expand   │ (None, 1, 1,      │     56,448 │ block7a_se_reduc… │
│ (Conv2D)            │ 1152)             │            │                   │
├─────────────────────┼───────────────────┼────────────┼───────────────────┤
│ block7a_se_excite   │ (None, 7, 7,      │          0 │ block7a_activati… │
│ (Multiply)          │ 1152)             │            │ block7a_se_expan… │
├─────────────────────┼───────────────────┼────────────┼───────────────────┤
│ block7a_project_co… │ (None, 7, 7, 320) │    368,640 │ block7a_se_excit… │
│ (Conv2D)            │                   │            │                   │
├─────────────────────┼───────────────────┼────────────┼───────────────────┤
│ block7a_project_bn  │ (None, 7, 7, 320) │      1,280 │ block7a_project_… │
│ (BatchNormalizatio… │                   │            │                   │
├─────────────────────┼───────────────────┼────────────┼───────────────────┤
│ top_conv (Conv2D)   │ (None, 7, 7,      │    409,600 │ block7a_project_… │
│                     │ 1280)             │            │                   │
├─────────────────────┼───────────────────┼────────────┼───────────────────┤
│ top_bn              │ (None, 7, 7,      │      5,120 │ top_conv[0][0]    │
│ (BatchNormalizatio… │ 1280)             │            │                   │
├─────────────────────┼───────────────────┼────────────┼───────────────────┤
│ top_activation      │ (None, 7, 7,      │          0 │ top_bn[0][0]      │
│ (Activation)        │ 1280)             │            │                   │
├─────────────────────┼───────────────────┼────────────┼───────────────────┤
│ gap                 │ (None, 1280)      │          0 │ top_activation[0… │
│ (GlobalAveragePool… │                   │            │                   │
├─────────────────────┼───────────────────┼────────────┼───────────────────┤
│ batch_normalization │ (None, 1280)      │      5,120 │ gap[0][0]         │
│ (BatchNormalizatio… │                   │            │                   │
├─────────────────────┼───────────────────┼────────────┼───────────────────┤
│ dropout (Dropout)   │ (None, 1280)      │          0 │ batch_normalizat… │
├─────────────────────┼───────────────────┼────────────┼───────────────────┤
│ output (Dense)      │ (None, 1)         │      1,281 │ dropout[0][0]     │
└─────────────────────┴───────────────────┴────────────┴───────────────────┘
 Total params: 4,055,972 (15.47 MB)
 Trainable params: 3,841 (15.00 KB)
 Non-trainable params: 4,052,131 (15.46 MB)

2026-07-02 15:04:14 [INFO] ━━━━━━━━━━━━━━━━━━━━━━━━━━━━━━━━━━━━━━━━━━━━━━━━━━━━━━━━━━━━
2026-07-02 15:04:14 [INFO] STAGE 4 — Phase 1: Feature Extraction (backbone frozen)
2026-07-02 15:04:14 [INFO] ━━━━━━━━━━━━━━━━━━━━━━━━━━━━━━━━━━━━━━━━━━━━━━━━━━━━━━━━━━━━
2026-07-02 15:04:14 [INFO] Epochs planned : 20
2026-07-02 15:04:14 [INFO] Learning rate  : 1.00e-03
2026-07-02 15:04:14 [INFO] Per-epoch weights → checkpoints/epoch_weights/phase1/
2026-07-02 15:04:14 [INFO]   ── Epoch 1 starting...
2026-07-02 15:12:51 [INFO] ════════════════════════════════════════════════════════════
2026-07-02 15:12:51 [INFO]   Cats vs Dogs — EfficientNetB0 Transfer Learning
2026-07-02 15:12:51 [INFO]   Mode: FULL TRAINING
2026-07-02 15:12:51 [INFO]   Started: 2026-07-02 15:12:51
2026-07-02 15:12:51 [INFO] ════════════════════════════════════════════════════════════
2026-07-02 15:12:51 [INFO] ━━━━━━━━━━━━━━━━━━━━━━━━━━━━━━━━━━━━━━━━━━━━━━━━━━━━━━━━━━━━
2026-07-02 15:12:51 [INFO] STAGE 1 — Environment check
2026-07-02 15:12:51 [INFO] ━━━━━━━━━━━━━━━━━━━━━━━━━━━━━━━━━━━━━━━━━━━━━━━━━━━━━━━━━━━━
2026-07-02 15:12:51 [INFO] Python       : 3.11.15 (main, Mar 11 2026, 17:20:07) [GCC 14.3.0]
2026-07-02 15:12:51 [INFO] TensorFlow   : 2.21.0
2026-07-02 15:12:52 [INFO] GPUs visible : 1
2026-07-02 15:12:52 [INFO]   PhysicalDevice(name='/physical_device:GPU:0', device_type='GPU')
2026-07-02 15:12:52 [INFO]   Memory growth enabled on /physical_device:GPU:0
2026-07-02 15:12:52 [INFO] Working dir  : /mnt/appbio_a/groups/Year_4/NChasan/DMining_project
2026-07-02 15:12:52 [INFO] Data dir     : /mnt/appbio_a/groups/Year_4/NChasan/DMining_project/PetImages
2026-07-02 15:12:52 [INFO] ✔ CHECKPOINT [env_check] — TF 2.21.0, 1 GPU(s)
2026-07-02 15:12:52 [INFO] ━━━━━━━━━━━━━━━━━━━━━━━━━━━━━━━━━━━━━━━━━━━━━━━━━━━━━━━━━━━━
2026-07-02 15:12:52 [INFO] STAGE 2 — Data loading & pipeline
2026-07-02 15:12:52 [INFO] ━━━━━━━━━━━━━━━━━━━━━━━━━━━━━━━━━━━━━━━━━━━━━━━━━━━━━━━━━━━━
2026-07-02 15:12:52 [INFO] Reading images from: PetImages
2026-07-02 15:12:57 [INFO] Directory scan done in 5.5s
2026-07-02 15:12:57 [INFO] Total images : 24905
2026-07-02 15:12:57 [INFO] Train        : 17435
2026-07-02 15:12:57 [INFO] Val          : 3735
2026-07-02 15:12:57 [INFO] Test         : 3735
2026-07-02 15:12:57 [INFO] Building augmentation pipeline...
2026-07-02 15:12:58 [INFO] Train batches : 545
2026-07-02 15:12:58 [INFO] Val   batches : 117
2026-07-02 15:12:58 [INFO] Test  batches : 117
2026-07-02 15:12:58 [INFO] Pulling one batch to verify pipeline...
2026-07-02 15:12:58 [INFO]   Batch shape  : images=(32, 224, 224, 3)  labels=(32, 1)
2026-07-02 15:12:58 [INFO]   Pixel range  : [0.0, 255.0]
2026-07-02 15:12:58 [INFO]   Label dtype  : <dtype: 'float32'>
2026-07-02 15:12:58 [INFO] ✔ CHECKPOINT [data_pipeline] — 17435 train / 3735 val / 3735 test images
2026-07-02 15:12:58 [INFO] ━━━━━━━━━━━━━━━━━━━━━━━━━━━━━━━━━━━━━━━━━━━━━━━━━━━━━━━━━━━━
2026-07-02 15:12:58 [INFO] STAGE 3 — Model construction (EfficientNetB0 backbone)
2026-07-02 15:12:58 [INFO] ━━━━━━━━━━━━━━━━━━━━━━━━━━━━━━━━━━━━━━━━━━━━━━━━━━━━━━━━━━━━
2026-07-02 15:12:58 [INFO] Loading EfficientNetB0 with ImageNet weights...
2026-07-02 15:13:03 [INFO] Backbone loaded in 5.1s
2026-07-02 15:13:03 [INFO] Total params     : 4,055,972
2026-07-02 15:13:03 [INFO] Trainable params : 3,841
2026-07-02 15:13:03 [INFO] Frozen params    : 4,052,151.0
2026-07-02 15:13:03 [INFO] Model diagram saved to checkpoints/model_architecture.png
2026-07-02 15:13:03 [INFO] ✔ CHECKPOINT [model_built] — 4,055,972 total params
2026-07-02 15:13:03 [INFO] Compiling model — lr=1.00e-03  phase=phase1
2026-07-02 15:13:03 [INFO] ✔ CHECKPOINT [compile_phase1] — lr=1.00e-03
2026-07-02 15:13:03 [INFO] Model: "CatsVsDogs_EfficientNetB0"
┏━━━━━━━━━━━━━━━━━━━━━┳━━━━━━━━━━━━━━━━━━━┳━━━━━━━━━━━━┳━━━━━━━━━━━━━━━━━━━┓
┃ Layer (type)        ┃ Output Shape      ┃    Param # ┃ Connected to      ┃
┡━━━━━━━━━━━━━━━━━━━━━╇━━━━━━━━━━━━━━━━━━━╇━━━━━━━━━━━━╇━━━━━━━━━━━━━━━━━━━┩
│ input_image         │ (None, 224, 224,  │          0 │ -                 │
│ (InputLayer)        │ 3)                │            │                   │
├─────────────────────┼───────────────────┼────────────┼───────────────────┤
│ rescaling           │ (None, 224, 224,  │          0 │ input_image[0][0] │
│ (Rescaling)         │ 3)                │            │                   │
├─────────────────────┼───────────────────┼────────────┼───────────────────┤
│ normalization       │ (None, 224, 224,  │          7 │ rescaling[0][0]   │
│ (Normalization)     │ 3)                │            │                   │
├─────────────────────┼───────────────────┼────────────┼───────────────────┤
│ rescaling_1         │ (None, 224, 224,  │          0 │ normalization[0]… │
│ (Rescaling)         │ 3)                │            │                   │
├─────────────────────┼───────────────────┼────────────┼───────────────────┤
│ stem_conv_pad       │ (None, 225, 225,  │          0 │ rescaling_1[0][0] │
│ (ZeroPadding2D)     │ 3)                │            │                   │
├─────────────────────┼───────────────────┼────────────┼───────────────────┤
│ stem_conv (Conv2D)  │ (None, 112, 112,  │        864 │ stem_conv_pad[0]… │
│                     │ 32)               │            │                   │
├─────────────────────┼───────────────────┼────────────┼───────────────────┤
│ stem_bn             │ (None, 112, 112,  │        128 │ stem_conv[0][0]   │
│ (BatchNormalizatio… │ 32)               │            │                   │
├─────────────────────┼───────────────────┼────────────┼───────────────────┤
│ stem_activation     │ (None, 112, 112,  │          0 │ stem_bn[0][0]     │
│ (Activation)        │ 32)               │            │                   │
├─────────────────────┼───────────────────┼────────────┼───────────────────┤
│ block1a_dwconv      │ (None, 112, 112,  │        288 │ stem_activation[… │
│ (DepthwiseConv2D)   │ 32)               │            │                   │
├─────────────────────┼───────────────────┼────────────┼───────────────────┤
│ block1a_bn          │ (None, 112, 112,  │        128 │ block1a_dwconv[0… │
│ (BatchNormalizatio… │ 32)               │            │                   │
├─────────────────────┼───────────────────┼────────────┼───────────────────┤
│ block1a_activation  │ (None, 112, 112,  │          0 │ block1a_bn[0][0]  │
│ (Activation)        │ 32)               │            │                   │
├─────────────────────┼───────────────────┼────────────┼───────────────────┤
│ block1a_se_squeeze  │ (None, 32)        │          0 │ block1a_activati… │
│ (GlobalAveragePool… │                   │            │                   │
├─────────────────────┼───────────────────┼────────────┼───────────────────┤
│ block1a_se_reshape  │ (None, 1, 1, 32)  │          0 │ block1a_se_squee… │
│ (Reshape)           │                   │            │                   │
├─────────────────────┼───────────────────┼────────────┼───────────────────┤
│ block1a_se_reduce   │ (None, 1, 1, 8)   │        264 │ block1a_se_resha… │
│ (Conv2D)            │                   │            │                   │
├─────────────────────┼───────────────────┼────────────┼───────────────────┤
│ block1a_se_expand   │ (None, 1, 1, 32)  │        288 │ block1a_se_reduc… │
│ (Conv2D)            │                   │            │                   │
├─────────────────────┼───────────────────┼────────────┼───────────────────┤
│ block1a_se_excite   │ (None, 112, 112,  │          0 │ block1a_activati… │
│ (Multiply)          │ 32)               │            │ block1a_se_expan… │
├─────────────────────┼───────────────────┼────────────┼───────────────────┤
│ block1a_project_co… │ (None, 112, 112,  │        512 │ block1a_se_excit… │
│ (Conv2D)            │ 16)               │            │                   │
├─────────────────────┼───────────────────┼────────────┼───────────────────┤
│ block1a_project_bn  │ (None, 112, 112,  │         64 │ block1a_project_… │
│ (BatchNormalizatio… │ 16)               │            │                   │
├─────────────────────┼───────────────────┼────────────┼───────────────────┤
│ block2a_expand_conv │ (None, 112, 112,  │      1,536 │ block1a_project_… │
│ (Conv2D)            │ 96)               │            │                   │
├─────────────────────┼───────────────────┼────────────┼───────────────────┤
│ block2a_expand_bn   │ (None, 112, 112,  │        384 │ block2a_expand_c… │
│ (BatchNormalizatio… │ 96)               │            │                   │
├─────────────────────┼───────────────────┼────────────┼───────────────────┤
│ block2a_expand_act… │ (None, 112, 112,  │          0 │ block2a_expand_b… │
│ (Activation)        │ 96)               │            │                   │
├─────────────────────┼───────────────────┼────────────┼───────────────────┤
│ block2a_dwconv_pad  │ (None, 113, 113,  │          0 │ block2a_expand_a… │
│ (ZeroPadding2D)     │ 96)               │            │                   │
├─────────────────────┼───────────────────┼────────────┼───────────────────┤
│ block2a_dwconv      │ (None, 56, 56,    │        864 │ block2a_dwconv_p… │
│ (DepthwiseConv2D)   │ 96)               │            │                   │
├─────────────────────┼───────────────────┼────────────┼───────────────────┤
│ block2a_bn          │ (None, 56, 56,    │        384 │ block2a_dwconv[0… │
│ (BatchNormalizatio… │ 96)               │            │                   │
├─────────────────────┼───────────────────┼────────────┼───────────────────┤
│ block2a_activation  │ (None, 56, 56,    │          0 │ block2a_bn[0][0]  │
│ (Activation)        │ 96)               │            │                   │
├─────────────────────┼───────────────────┼────────────┼───────────────────┤
│ block2a_se_squeeze  │ (None, 96)        │          0 │ block2a_activati… │
│ (GlobalAveragePool… │                   │            │                   │
├─────────────────────┼───────────────────┼────────────┼───────────────────┤
│ block2a_se_reshape  │ (None, 1, 1, 96)  │          0 │ block2a_se_squee… │
│ (Reshape)           │                   │            │                   │
├─────────────────────┼───────────────────┼────────────┼───────────────────┤
│ block2a_se_reduce   │ (None, 1, 1, 4)   │        388 │ block2a_se_resha… │
│ (Conv2D)            │                   │            │                   │
├─────────────────────┼───────────────────┼────────────┼───────────────────┤
│ block2a_se_expand   │ (None, 1, 1, 96)  │        480 │ block2a_se_reduc… │
│ (Conv2D)            │                   │            │                   │
├─────────────────────┼───────────────────┼────────────┼───────────────────┤
│ block2a_se_excite   │ (None, 56, 56,    │          0 │ block2a_activati… │
│ (Multiply)          │ 96)               │            │ block2a_se_expan… │
├─────────────────────┼───────────────────┼────────────┼───────────────────┤
│ block2a_project_co… │ (None, 56, 56,    │      2,304 │ block2a_se_excit… │
│ (Conv2D)            │ 24)               │            │                   │
├─────────────────────┼───────────────────┼────────────┼───────────────────┤
│ block2a_project_bn  │ (None, 56, 56,    │         96 │ block2a_project_… │
│ (BatchNormalizatio… │ 24)               │            │                   │
├─────────────────────┼───────────────────┼────────────┼───────────────────┤
│ block2b_expand_conv │ (None, 56, 56,    │      3,456 │ block2a_project_… │
│ (Conv2D)            │ 144)              │            │                   │
├─────────────────────┼───────────────────┼────────────┼───────────────────┤
│ block2b_expand_bn   │ (None, 56, 56,    │        576 │ block2b_expand_c… │
│ (BatchNormalizatio… │ 144)              │            │                   │
├─────────────────────┼───────────────────┼────────────┼───────────────────┤
│ block2b_expand_act… │ (None, 56, 56,    │          0 │ block2b_expand_b… │
│ (Activation)        │ 144)              │            │                   │
├─────────────────────┼───────────────────┼────────────┼───────────────────┤
│ block2b_dwconv      │ (None, 56, 56,    │      1,296 │ block2b_expand_a… │
│ (DepthwiseConv2D)   │ 144)              │            │                   │
├─────────────────────┼───────────────────┼────────────┼───────────────────┤
│ block2b_bn          │ (None, 56, 56,    │        576 │ block2b_dwconv[0… │
│ (BatchNormalizatio… │ 144)              │            │                   │
├─────────────────────┼───────────────────┼────────────┼───────────────────┤
│ block2b_activation  │ (None, 56, 56,    │          0 │ block2b_bn[0][0]  │
│ (Activation)        │ 144)              │            │                   │
├─────────────────────┼───────────────────┼────────────┼───────────────────┤
│ block2b_se_squeeze  │ (None, 144)       │          0 │ block2b_activati… │
│ (GlobalAveragePool… │                   │            │                   │
├─────────────────────┼───────────────────┼────────────┼───────────────────┤
│ block2b_se_reshape  │ (None, 1, 1, 144) │          0 │ block2b_se_squee… │
│ (Reshape)           │                   │            │                   │
├─────────────────────┼───────────────────┼────────────┼───────────────────┤
│ block2b_se_reduce   │ (None, 1, 1, 6)   │        870 │ block2b_se_resha… │
│ (Conv2D)            │                   │            │                   │
├─────────────────────┼───────────────────┼────────────┼───────────────────┤
│ block2b_se_expand   │ (None, 1, 1, 144) │      1,008 │ block2b_se_reduc… │
│ (Conv2D)            │                   │            │                   │
├─────────────────────┼───────────────────┼────────────┼───────────────────┤
│ block2b_se_excite   │ (None, 56, 56,    │          0 │ block2b_activati… │
│ (Multiply)          │ 144)              │            │ block2b_se_expan… │
├─────────────────────┼───────────────────┼────────────┼───────────────────┤
│ block2b_project_co… │ (None, 56, 56,    │      3,456 │ block2b_se_excit… │
│ (Conv2D)            │ 24)               │            │                   │
├─────────────────────┼───────────────────┼────────────┼───────────────────┤
│ block2b_project_bn  │ (None, 56, 56,    │         96 │ block2b_project_… │
│ (BatchNormalizatio… │ 24)               │            │                   │
├─────────────────────┼───────────────────┼────────────┼───────────────────┤
│ block2b_drop        │ (None, 56, 56,    │          0 │ block2b_project_… │
│ (Dropout)           │ 24)               │            │                   │
├─────────────────────┼───────────────────┼────────────┼───────────────────┤
│ block2b_add (Add)   │ (None, 56, 56,    │          0 │ block2b_drop[0][… │
│                     │ 24)               │            │ block2a_project_… │
├─────────────────────┼───────────────────┼────────────┼───────────────────┤
│ block3a_expand_conv │ (None, 56, 56,    │      3,456 │ block2b_add[0][0] │
│ (Conv2D)            │ 144)              │            │                   │
├─────────────────────┼───────────────────┼────────────┼───────────────────┤
│ block3a_expand_bn   │ (None, 56, 56,    │        576 │ block3a_expand_c… │
│ (BatchNormalizatio… │ 144)              │            │                   │
├─────────────────────┼───────────────────┼────────────┼───────────────────┤
│ block3a_expand_act… │ (None, 56, 56,    │          0 │ block3a_expand_b… │
│ (Activation)        │ 144)              │            │                   │
├─────────────────────┼───────────────────┼────────────┼───────────────────┤
│ block3a_dwconv_pad  │ (None, 59, 59,    │          0 │ block3a_expand_a… │
│ (ZeroPadding2D)     │ 144)              │            │                   │
├─────────────────────┼───────────────────┼────────────┼───────────────────┤
│ block3a_dwconv      │ (None, 28, 28,    │      3,600 │ block3a_dwconv_p… │
│ (DepthwiseConv2D)   │ 144)              │            │                   │
├─────────────────────┼───────────────────┼────────────┼───────────────────┤
│ block3a_bn          │ (None, 28, 28,    │        576 │ block3a_dwconv[0… │
│ (BatchNormalizatio… │ 144)              │            │                   │
├─────────────────────┼───────────────────┼────────────┼───────────────────┤
│ block3a_activation  │ (None, 28, 28,    │          0 │ block3a_bn[0][0]  │
│ (Activation)        │ 144)              │            │                   │
├─────────────────────┼───────────────────┼────────────┼───────────────────┤
│ block3a_se_squeeze  │ (None, 144)       │          0 │ block3a_activati… │
│ (GlobalAveragePool… │                   │            │                   │
├─────────────────────┼───────────────────┼────────────┼───────────────────┤
│ block3a_se_reshape  │ (None, 1, 1, 144) │          0 │ block3a_se_squee… │
│ (Reshape)           │                   │            │                   │
├─────────────────────┼───────────────────┼────────────┼───────────────────┤
│ block3a_se_reduce   │ (None, 1, 1, 6)   │        870 │ block3a_se_resha… │
│ (Conv2D)            │                   │            │                   │
├─────────────────────┼───────────────────┼────────────┼───────────────────┤
│ block3a_se_expand   │ (None, 1, 1, 144) │      1,008 │ block3a_se_reduc… │
│ (Conv2D)            │                   │            │                   │
├─────────────────────┼───────────────────┼────────────┼───────────────────┤
│ block3a_se_excite   │ (None, 28, 28,    │          0 │ block3a_activati… │
│ (Multiply)          │ 144)              │            │ block3a_se_expan… │
├─────────────────────┼───────────────────┼────────────┼───────────────────┤
│ block3a_project_co… │ (None, 28, 28,    │      5,760 │ block3a_se_excit… │
│ (Conv2D)            │ 40)               │            │                   │
├─────────────────────┼───────────────────┼────────────┼───────────────────┤
│ block3a_project_bn  │ (None, 28, 28,    │        160 │ block3a_project_… │
│ (BatchNormalizatio… │ 40)               │            │                   │
├─────────────────────┼───────────────────┼────────────┼───────────────────┤
│ block3b_expand_conv │ (None, 28, 28,    │      9,600 │ block3a_project_… │
│ (Conv2D)            │ 240)              │            │                   │
├─────────────────────┼───────────────────┼────────────┼───────────────────┤
│ block3b_expand_bn   │ (None, 28, 28,    │        960 │ block3b_expand_c… │
│ (BatchNormalizatio… │ 240)              │            │                   │
├─────────────────────┼───────────────────┼────────────┼───────────────────┤
│ block3b_expand_act… │ (None, 28, 28,    │          0 │ block3b_expand_b… │
│ (Activation)        │ 240)              │            │                   │
├─────────────────────┼───────────────────┼────────────┼───────────────────┤
│ block3b_dwconv      │ (None, 28, 28,    │      6,000 │ block3b_expand_a… │
│ (DepthwiseConv2D)   │ 240)              │            │                   │
├─────────────────────┼───────────────────┼────────────┼───────────────────┤
│ block3b_bn          │ (None, 28, 28,    │        960 │ block3b_dwconv[0… │
│ (BatchNormalizatio… │ 240)              │            │                   │
├─────────────────────┼───────────────────┼────────────┼───────────────────┤
│ block3b_activation  │ (None, 28, 28,    │          0 │ block3b_bn[0][0]  │
│ (Activation)        │ 240)              │            │                   │
├─────────────────────┼───────────────────┼────────────┼───────────────────┤
│ block3b_se_squeeze  │ (None, 240)       │          0 │ block3b_activati… │
│ (GlobalAveragePool… │                   │            │                   │
├─────────────────────┼───────────────────┼────────────┼───────────────────┤
│ block3b_se_reshape  │ (None, 1, 1, 240) │          0 │ block3b_se_squee… │
│ (Reshape)           │                   │            │                   │
├─────────────────────┼───────────────────┼────────────┼───────────────────┤
│ block3b_se_reduce   │ (None, 1, 1, 10)  │      2,410 │ block3b_se_resha… │
│ (Conv2D)            │                   │            │                   │
├─────────────────────┼───────────────────┼────────────┼───────────────────┤
│ block3b_se_expand   │ (None, 1, 1, 240) │      2,640 │ block3b_se_reduc… │
│ (Conv2D)            │                   │            │                   │
├─────────────────────┼───────────────────┼────────────┼───────────────────┤
│ block3b_se_excite   │ (None, 28, 28,    │          0 │ block3b_activati… │
│ (Multiply)          │ 240)              │            │ block3b_se_expan… │
├─────────────────────┼───────────────────┼────────────┼───────────────────┤
│ block3b_project_co… │ (None, 28, 28,    │      9,600 │ block3b_se_excit… │
│ (Conv2D)            │ 40)               │            │                   │
├─────────────────────┼───────────────────┼────────────┼───────────────────┤
│ block3b_project_bn  │ (None, 28, 28,    │        160 │ block3b_project_… │
│ (BatchNormalizatio… │ 40)               │            │                   │
├─────────────────────┼───────────────────┼────────────┼───────────────────┤
│ block3b_drop        │ (None, 28, 28,    │          0 │ block3b_project_… │
│ (Dropout)           │ 40)               │            │                   │
├─────────────────────┼───────────────────┼────────────┼───────────────────┤
│ block3b_add (Add)   │ (None, 28, 28,    │          0 │ block3b_drop[0][… │
│                     │ 40)               │            │ block3a_project_… │
├─────────────────────┼───────────────────┼────────────┼───────────────────┤
│ block4a_expand_conv │ (None, 28, 28,    │      9,600 │ block3b_add[0][0] │
│ (Conv2D)            │ 240)              │            │                   │
├─────────────────────┼───────────────────┼────────────┼───────────────────┤
│ block4a_expand_bn   │ (None, 28, 28,    │        960 │ block4a_expand_c… │
│ (BatchNormalizatio… │ 240)              │            │                   │
├─────────────────────┼───────────────────┼────────────┼───────────────────┤
│ block4a_expand_act… │ (None, 28, 28,    │          0 │ block4a_expand_b… │
│ (Activation)        │ 240)              │            │                   │
├─────────────────────┼───────────────────┼────────────┼───────────────────┤
│ block4a_dwconv_pad  │ (None, 29, 29,    │          0 │ block4a_expand_a… │
│ (ZeroPadding2D)     │ 240)              │            │                   │
├─────────────────────┼───────────────────┼────────────┼───────────────────┤
│ block4a_dwconv      │ (None, 14, 14,    │      2,160 │ block4a_dwconv_p… │
│ (DepthwiseConv2D)   │ 240)              │            │                   │
├─────────────────────┼───────────────────┼────────────┼───────────────────┤
│ block4a_bn          │ (None, 14, 14,    │        960 │ block4a_dwconv[0… │
│ (BatchNormalizatio… │ 240)              │            │                   │
├─────────────────────┼───────────────────┼────────────┼───────────────────┤
│ block4a_activation  │ (None, 14, 14,    │          0 │ block4a_bn[0][0]  │
│ (Activation)        │ 240)              │            │                   │
├─────────────────────┼───────────────────┼────────────┼───────────────────┤
│ block4a_se_squeeze  │ (None, 240)       │          0 │ block4a_activati… │
│ (GlobalAveragePool… │                   │            │                   │
├─────────────────────┼───────────────────┼────────────┼───────────────────┤
│ block4a_se_reshape  │ (None, 1, 1, 240) │          0 │ block4a_se_squee… │
│ (Reshape)           │                   │            │                   │
├─────────────────────┼───────────────────┼────────────┼───────────────────┤
│ block4a_se_reduce   │ (None, 1, 1, 10)  │      2,410 │ block4a_se_resha… │
│ (Conv2D)            │                   │            │                   │
├─────────────────────┼───────────────────┼────────────┼───────────────────┤
│ block4a_se_expand   │ (None, 1, 1, 240) │      2,640 │ block4a_se_reduc… │
│ (Conv2D)            │                   │            │                   │
├─────────────────────┼───────────────────┼────────────┼───────────────────┤
│ block4a_se_excite   │ (None, 14, 14,    │          0 │ block4a_activati… │
│ (Multiply)          │ 240)              │            │ block4a_se_expan… │
├─────────────────────┼───────────────────┼────────────┼───────────────────┤
│ block4a_project_co… │ (None, 14, 14,    │     19,200 │ block4a_se_excit… │
│ (Conv2D)            │ 80)               │            │                   │
├─────────────────────┼───────────────────┼────────────┼───────────────────┤
│ block4a_project_bn  │ (None, 14, 14,    │        320 │ block4a_project_… │
│ (BatchNormalizatio… │ 80)               │            │                   │
├─────────────────────┼───────────────────┼────────────┼───────────────────┤
│ block4b_expand_conv │ (None, 14, 14,    │     38,400 │ block4a_project_… │
│ (Conv2D)            │ 480)              │            │                   │
├─────────────────────┼───────────────────┼────────────┼───────────────────┤
│ block4b_expand_bn   │ (None, 14, 14,    │      1,920 │ block4b_expand_c… │
│ (BatchNormalizatio… │ 480)              │            │                   │
├─────────────────────┼───────────────────┼────────────┼───────────────────┤
│ block4b_expand_act… │ (None, 14, 14,    │          0 │ block4b_expand_b… │
│ (Activation)        │ 480)              │            │                   │
├─────────────────────┼───────────────────┼────────────┼───────────────────┤
│ block4b_dwconv      │ (None, 14, 14,    │      4,320 │ block4b_expand_a… │
│ (DepthwiseConv2D)   │ 480)              │            │                   │
├─────────────────────┼───────────────────┼────────────┼───────────────────┤
│ block4b_bn          │ (None, 14, 14,    │      1,920 │ block4b_dwconv[0… │
│ (BatchNormalizatio… │ 480)              │            │                   │
├─────────────────────┼───────────────────┼────────────┼───────────────────┤
│ block4b_activation  │ (None, 14, 14,    │          0 │ block4b_bn[0][0]  │
│ (Activation)        │ 480)              │            │                   │
├─────────────────────┼───────────────────┼────────────┼───────────────────┤
│ block4b_se_squeeze  │ (None, 480)       │          0 │ block4b_activati… │
│ (GlobalAveragePool… │                   │            │                   │
├─────────────────────┼───────────────────┼────────────┼───────────────────┤
│ block4b_se_reshape  │ (None, 1, 1, 480) │          0 │ block4b_se_squee… │
│ (Reshape)           │                   │            │                   │
├─────────────────────┼───────────────────┼────────────┼───────────────────┤
│ block4b_se_reduce   │ (None, 1, 1, 20)  │      9,620 │ block4b_se_resha… │
│ (Conv2D)            │                   │            │                   │
├─────────────────────┼───────────────────┼────────────┼───────────────────┤
│ block4b_se_expand   │ (None, 1, 1, 480) │     10,080 │ block4b_se_reduc… │
│ (Conv2D)            │                   │            │                   │
├─────────────────────┼───────────────────┼────────────┼───────────────────┤
│ block4b_se_excite   │ (None, 14, 14,    │          0 │ block4b_activati… │
│ (Multiply)          │ 480)              │            │ block4b_se_expan… │
├─────────────────────┼───────────────────┼────────────┼───────────────────┤
│ block4b_project_co… │ (None, 14, 14,    │     38,400 │ block4b_se_excit… │
│ (Conv2D)            │ 80)               │            │                   │
├─────────────────────┼───────────────────┼────────────┼───────────────────┤
│ block4b_project_bn  │ (None, 14, 14,    │        320 │ block4b_project_… │
│ (BatchNormalizatio… │ 80)               │            │                   │
├─────────────────────┼───────────────────┼────────────┼───────────────────┤
│ block4b_drop        │ (None, 14, 14,    │          0 │ block4b_project_… │
│ (Dropout)           │ 80)               │            │                   │
├─────────────────────┼───────────────────┼────────────┼───────────────────┤
│ block4b_add (Add)   │ (None, 14, 14,    │          0 │ block4b_drop[0][… │
│                     │ 80)               │            │ block4a_project_… │
├─────────────────────┼───────────────────┼────────────┼───────────────────┤
│ block4c_expand_conv │ (None, 14, 14,    │     38,400 │ block4b_add[0][0] │
│ (Conv2D)            │ 480)              │            │                   │
├─────────────────────┼───────────────────┼────────────┼───────────────────┤
│ block4c_expand_bn   │ (None, 14, 14,    │      1,920 │ block4c_expand_c… │
│ (BatchNormalizatio… │ 480)              │            │                   │
├─────────────────────┼───────────────────┼────────────┼───────────────────┤
│ block4c_expand_act… │ (None, 14, 14,    │          0 │ block4c_expand_b… │
│ (Activation)        │ 480)              │            │                   │
├─────────────────────┼───────────────────┼────────────┼───────────────────┤
│ block4c_dwconv      │ (None, 14, 14,    │      4,320 │ block4c_expand_a… │
│ (DepthwiseConv2D)   │ 480)              │            │                   │
├─────────────────────┼───────────────────┼────────────┼───────────────────┤
│ block4c_bn          │ (None, 14, 14,    │      1,920 │ block4c_dwconv[0… │
│ (BatchNormalizatio… │ 480)              │            │                   │
├─────────────────────┼───────────────────┼────────────┼───────────────────┤
│ block4c_activation  │ (None, 14, 14,    │          0 │ block4c_bn[0][0]  │
│ (Activation)        │ 480)              │            │                   │
├─────────────────────┼───────────────────┼────────────┼───────────────────┤
│ block4c_se_squeeze  │ (None, 480)       │          0 │ block4c_activati… │
│ (GlobalAveragePool… │                   │            │                   │
├─────────────────────┼───────────────────┼────────────┼───────────────────┤
│ block4c_se_reshape  │ (None, 1, 1, 480) │          0 │ block4c_se_squee… │
│ (Reshape)           │                   │            │                   │
├─────────────────────┼───────────────────┼────────────┼───────────────────┤
│ block4c_se_reduce   │ (None, 1, 1, 20)  │      9,620 │ block4c_se_resha… │
│ (Conv2D)            │                   │            │                   │
├─────────────────────┼───────────────────┼────────────┼───────────────────┤
│ block4c_se_expand   │ (None, 1, 1, 480) │     10,080 │ block4c_se_reduc… │
│ (Conv2D)            │                   │            │                   │
├─────────────────────┼───────────────────┼────────────┼───────────────────┤
│ block4c_se_excite   │ (None, 14, 14,    │          0 │ block4c_activati… │
│ (Multiply)          │ 480)              │            │ block4c_se_expan… │
├─────────────────────┼───────────────────┼────────────┼───────────────────┤
│ block4c_project_co… │ (None, 14, 14,    │     38,400 │ block4c_se_excit… │
│ (Conv2D)            │ 80)               │            │                   │
├─────────────────────┼───────────────────┼────────────┼───────────────────┤
│ block4c_project_bn  │ (None, 14, 14,    │        320 │ block4c_project_… │
│ (BatchNormalizatio… │ 80)               │            │                   │
├─────────────────────┼───────────────────┼────────────┼───────────────────┤
│ block4c_drop        │ (None, 14, 14,    │          0 │ block4c_project_… │
│ (Dropout)           │ 80)               │            │                   │
├─────────────────────┼───────────────────┼────────────┼───────────────────┤
│ block4c_add (Add)   │ (None, 14, 14,    │          0 │ block4c_drop[0][… │
│                     │ 80)               │            │ block4b_add[0][0] │
├─────────────────────┼───────────────────┼────────────┼───────────────────┤
│ block5a_expand_conv │ (None, 14, 14,    │     38,400 │ block4c_add[0][0] │
│ (Conv2D)            │ 480)              │            │                   │
├─────────────────────┼───────────────────┼────────────┼───────────────────┤
│ block5a_expand_bn   │ (None, 14, 14,    │      1,920 │ block5a_expand_c… │
│ (BatchNormalizatio… │ 480)              │            │                   │
├─────────────────────┼───────────────────┼────────────┼───────────────────┤
│ block5a_expand_act… │ (None, 14, 14,    │          0 │ block5a_expand_b… │
│ (Activation)        │ 480)              │            │                   │
├─────────────────────┼───────────────────┼────────────┼───────────────────┤
│ block5a_dwconv      │ (None, 14, 14,    │     12,000 │ block5a_expand_a… │
│ (DepthwiseConv2D)   │ 480)              │            │                   │
├─────────────────────┼───────────────────┼────────────┼───────────────────┤
│ block5a_bn          │ (None, 14, 14,    │      1,920 │ block5a_dwconv[0… │
│ (BatchNormalizatio… │ 480)              │            │                   │
├─────────────────────┼───────────────────┼────────────┼───────────────────┤
│ block5a_activation  │ (None, 14, 14,    │          0 │ block5a_bn[0][0]  │
│ (Activation)        │ 480)              │            │                   │
├─────────────────────┼───────────────────┼────────────┼───────────────────┤
│ block5a_se_squeeze  │ (None, 480)       │          0 │ block5a_activati… │
│ (GlobalAveragePool… │                   │            │                   │
├─────────────────────┼───────────────────┼────────────┼───────────────────┤
│ block5a_se_reshape  │ (None, 1, 1, 480) │          0 │ block5a_se_squee… │
│ (Reshape)           │                   │            │                   │
├─────────────────────┼───────────────────┼────────────┼───────────────────┤
│ block5a_se_reduce   │ (None, 1, 1, 20)  │      9,620 │ block5a_se_resha… │
│ (Conv2D)            │                   │            │                   │
├─────────────────────┼───────────────────┼────────────┼───────────────────┤
│ block5a_se_expand   │ (None, 1, 1, 480) │     10,080 │ block5a_se_reduc… │
│ (Conv2D)            │                   │            │                   │
├─────────────────────┼───────────────────┼────────────┼───────────────────┤
│ block5a_se_excite   │ (None, 14, 14,    │          0 │ block5a_activati… │
│ (Multiply)          │ 480)              │            │ block5a_se_expan… │
├─────────────────────┼───────────────────┼────────────┼───────────────────┤
│ block5a_project_co… │ (None, 14, 14,    │     53,760 │ block5a_se_excit… │
│ (Conv2D)            │ 112)              │            │                   │
├─────────────────────┼───────────────────┼────────────┼───────────────────┤
│ block5a_project_bn  │ (None, 14, 14,    │        448 │ block5a_project_… │
│ (BatchNormalizatio… │ 112)              │            │                   │
├─────────────────────┼───────────────────┼────────────┼───────────────────┤
│ block5b_expand_conv │ (None, 14, 14,    │     75,264 │ block5a_project_… │
│ (Conv2D)            │ 672)              │            │                   │
├─────────────────────┼───────────────────┼────────────┼───────────────────┤
│ block5b_expand_bn   │ (None, 14, 14,    │      2,688 │ block5b_expand_c… │
│ (BatchNormalizatio… │ 672)              │            │                   │
├─────────────────────┼───────────────────┼────────────┼───────────────────┤
│ block5b_expand_act… │ (None, 14, 14,    │          0 │ block5b_expand_b… │
│ (Activation)        │ 672)              │            │                   │
├─────────────────────┼───────────────────┼────────────┼───────────────────┤
│ block5b_dwconv      │ (None, 14, 14,    │     16,800 │ block5b_expand_a… │
│ (DepthwiseConv2D)   │ 672)              │            │                   │
├─────────────────────┼───────────────────┼────────────┼───────────────────┤
│ block5b_bn          │ (None, 14, 14,    │      2,688 │ block5b_dwconv[0… │
│ (BatchNormalizatio… │ 672)              │            │                   │
├─────────────────────┼───────────────────┼────────────┼───────────────────┤
│ block5b_activation  │ (None, 14, 14,    │          0 │ block5b_bn[0][0]  │
│ (Activation)        │ 672)              │            │                   │
├─────────────────────┼───────────────────┼────────────┼───────────────────┤
│ block5b_se_squeeze  │ (None, 672)       │          0 │ block5b_activati… │
│ (GlobalAveragePool… │                   │            │                   │
├─────────────────────┼───────────────────┼────────────┼───────────────────┤
│ block5b_se_reshape  │ (None, 1, 1, 672) │          0 │ block5b_se_squee… │
│ (Reshape)           │                   │            │                   │
├─────────────────────┼───────────────────┼────────────┼───────────────────┤
│ block5b_se_reduce   │ (None, 1, 1, 28)  │     18,844 │ block5b_se_resha… │
│ (Conv2D)            │                   │            │                   │
├─────────────────────┼───────────────────┼────────────┼───────────────────┤
│ block5b_se_expand   │ (None, 1, 1, 672) │     19,488 │ block5b_se_reduc… │
│ (Conv2D)            │                   │            │                   │
├─────────────────────┼───────────────────┼────────────┼───────────────────┤
│ block5b_se_excite   │ (None, 14, 14,    │          0 │ block5b_activati… │
│ (Multiply)          │ 672)              │            │ block5b_se_expan… │
├─────────────────────┼───────────────────┼────────────┼───────────────────┤
│ block5b_project_co… │ (None, 14, 14,    │     75,264 │ block5b_se_excit… │
│ (Conv2D)            │ 112)              │            │                   │
├─────────────────────┼───────────────────┼────────────┼───────────────────┤
│ block5b_project_bn  │ (None, 14, 14,    │        448 │ block5b_project_… │
│ (BatchNormalizatio… │ 112)              │            │                   │
├─────────────────────┼───────────────────┼────────────┼───────────────────┤
│ block5b_drop        │ (None, 14, 14,    │          0 │ block5b_project_… │
│ (Dropout)           │ 112)              │            │                   │
├─────────────────────┼───────────────────┼────────────┼───────────────────┤
│ block5b_add (Add)   │ (None, 14, 14,    │          0 │ block5b_drop[0][… │
│                     │ 112)              │            │ block5a_project_… │
├─────────────────────┼───────────────────┼────────────┼───────────────────┤
│ block5c_expand_conv │ (None, 14, 14,    │     75,264 │ block5b_add[0][0] │
│ (Conv2D)            │ 672)              │            │                   │
├─────────────────────┼───────────────────┼────────────┼───────────────────┤
│ block5c_expand_bn   │ (None, 14, 14,    │      2,688 │ block5c_expand_c… │
│ (BatchNormalizatio… │ 672)              │            │                   │
├─────────────────────┼───────────────────┼────────────┼───────────────────┤
│ block5c_expand_act… │ (None, 14, 14,    │          0 │ block5c_expand_b… │
│ (Activation)        │ 672)              │            │                   │
├─────────────────────┼───────────────────┼────────────┼───────────────────┤
│ block5c_dwconv      │ (None, 14, 14,    │     16,800 │ block5c_expand_a… │
│ (DepthwiseConv2D)   │ 672)              │            │                   │
├─────────────────────┼───────────────────┼────────────┼───────────────────┤
│ block5c_bn          │ (None, 14, 14,    │      2,688 │ block5c_dwconv[0… │
│ (BatchNormalizatio… │ 672)              │            │                   │
├─────────────────────┼───────────────────┼────────────┼───────────────────┤
│ block5c_activation  │ (None, 14, 14,    │          0 │ block5c_bn[0][0]  │
│ (Activation)        │ 672)              │            │                   │
├─────────────────────┼───────────────────┼────────────┼───────────────────┤
│ block5c_se_squeeze  │ (None, 672)       │          0 │ block5c_activati… │
│ (GlobalAveragePool… │                   │            │                   │
├─────────────────────┼───────────────────┼────────────┼───────────────────┤
│ block5c_se_reshape  │ (None, 1, 1, 672) │          0 │ block5c_se_squee… │
│ (Reshape)           │                   │            │                   │
├─────────────────────┼───────────────────┼────────────┼───────────────────┤
│ block5c_se_reduce   │ (None, 1, 1, 28)  │     18,844 │ block5c_se_resha… │
│ (Conv2D)            │                   │            │                   │
├─────────────────────┼───────────────────┼────────────┼───────────────────┤
│ block5c_se_expand   │ (None, 1, 1, 672) │     19,488 │ block5c_se_reduc… │
│ (Conv2D)            │                   │            │                   │
├─────────────────────┼───────────────────┼────────────┼───────────────────┤
│ block5c_se_excite   │ (None, 14, 14,    │          0 │ block5c_activati… │
│ (Multiply)          │ 672)              │            │ block5c_se_expan… │
├─────────────────────┼───────────────────┼────────────┼───────────────────┤
│ block5c_project_co… │ (None, 14, 14,    │     75,264 │ block5c_se_excit… │
│ (Conv2D)            │ 112)              │            │                   │
├─────────────────────┼───────────────────┼────────────┼───────────────────┤
│ block5c_project_bn  │ (None, 14, 14,    │        448 │ block5c_project_… │
│ (BatchNormalizatio… │ 112)              │            │                   │
├─────────────────────┼───────────────────┼────────────┼───────────────────┤
│ block5c_drop        │ (None, 14, 14,    │          0 │ block5c_project_… │
│ (Dropout)           │ 112)              │            │                   │
├─────────────────────┼───────────────────┼────────────┼───────────────────┤
│ block5c_add (Add)   │ (None, 14, 14,    │          0 │ block5c_drop[0][… │
│                     │ 112)              │            │ block5b_add[0][0] │
├─────────────────────┼───────────────────┼────────────┼───────────────────┤
│ block6a_expand_conv │ (None, 14, 14,    │     75,264 │ block5c_add[0][0] │
│ (Conv2D)            │ 672)              │            │                   │
├─────────────────────┼───────────────────┼────────────┼───────────────────┤
│ block6a_expand_bn   │ (None, 14, 14,    │      2,688 │ block6a_expand_c… │
│ (BatchNormalizatio… │ 672)              │            │                   │
├─────────────────────┼───────────────────┼────────────┼───────────────────┤
│ block6a_expand_act… │ (None, 14, 14,    │          0 │ block6a_expand_b… │
│ (Activation)        │ 672)              │            │                   │
├─────────────────────┼───────────────────┼────────────┼───────────────────┤
│ block6a_dwconv_pad  │ (None, 17, 17,    │          0 │ block6a_expand_a… │
│ (ZeroPadding2D)     │ 672)              │            │                   │
├─────────────────────┼───────────────────┼────────────┼───────────────────┤
│ block6a_dwconv      │ (None, 7, 7, 672) │     16,800 │ block6a_dwconv_p… │
│ (DepthwiseConv2D)   │                   │            │                   │
├─────────────────────┼───────────────────┼────────────┼───────────────────┤
│ block6a_bn          │ (None, 7, 7, 672) │      2,688 │ block6a_dwconv[0… │
│ (BatchNormalizatio… │                   │            │                   │
├─────────────────────┼───────────────────┼────────────┼───────────────────┤
│ block6a_activation  │ (None, 7, 7, 672) │          0 │ block6a_bn[0][0]  │
│ (Activation)        │                   │            │                   │
├─────────────────────┼───────────────────┼────────────┼───────────────────┤
│ block6a_se_squeeze  │ (None, 672)       │          0 │ block6a_activati… │
│ (GlobalAveragePool… │                   │            │                   │
├─────────────────────┼───────────────────┼────────────┼───────────────────┤
│ block6a_se_reshape  │ (None, 1, 1, 672) │          0 │ block6a_se_squee… │
│ (Reshape)           │                   │            │                   │
├─────────────────────┼───────────────────┼────────────┼───────────────────┤
│ block6a_se_reduce   │ (None, 1, 1, 28)  │     18,844 │ block6a_se_resha… │
│ (Conv2D)            │                   │            │                   │
├─────────────────────┼───────────────────┼────────────┼───────────────────┤
│ block6a_se_expand   │ (None, 1, 1, 672) │     19,488 │ block6a_se_reduc… │
│ (Conv2D)            │                   │            │                   │
├─────────────────────┼───────────────────┼────────────┼───────────────────┤
│ block6a_se_excite   │ (None, 7, 7, 672) │          0 │ block6a_activati… │
│ (Multiply)          │                   │            │ block6a_se_expan… │
├─────────────────────┼───────────────────┼────────────┼───────────────────┤
│ block6a_project_co… │ (None, 7, 7, 192) │    129,024 │ block6a_se_excit… │
│ (Conv2D)            │                   │            │                   │
├─────────────────────┼───────────────────┼────────────┼───────────────────┤
│ block6a_project_bn  │ (None, 7, 7, 192) │        768 │ block6a_project_… │
│ (BatchNormalizatio… │                   │            │                   │
├─────────────────────┼───────────────────┼────────────┼───────────────────┤
│ block6b_expand_conv │ (None, 7, 7,      │    221,184 │ block6a_project_… │
│ (Conv2D)            │ 1152)             │            │                   │
├─────────────────────┼───────────────────┼────────────┼───────────────────┤
│ block6b_expand_bn   │ (None, 7, 7,      │      4,608 │ block6b_expand_c… │
│ (BatchNormalizatio… │ 1152)             │            │                   │
├─────────────────────┼───────────────────┼────────────┼───────────────────┤
│ block6b_expand_act… │ (None, 7, 7,      │          0 │ block6b_expand_b… │
│ (Activation)        │ 1152)             │            │                   │
├─────────────────────┼───────────────────┼────────────┼───────────────────┤
│ block6b_dwconv      │ (None, 7, 7,      │     28,800 │ block6b_expand_a… │
│ (DepthwiseConv2D)   │ 1152)             │            │                   │
├─────────────────────┼───────────────────┼────────────┼───────────────────┤
│ block6b_bn          │ (None, 7, 7,      │      4,608 │ block6b_dwconv[0… │
│ (BatchNormalizatio… │ 1152)             │            │                   │
├─────────────────────┼───────────────────┼────────────┼───────────────────┤
│ block6b_activation  │ (None, 7, 7,      │          0 │ block6b_bn[0][0]  │
│ (Activation)        │ 1152)             │            │                   │
├─────────────────────┼───────────────────┼────────────┼───────────────────┤
│ block6b_se_squeeze  │ (None, 1152)      │          0 │ block6b_activati… │
│ (GlobalAveragePool… │                   │            │                   │
├─────────────────────┼───────────────────┼────────────┼───────────────────┤
│ block6b_se_reshape  │ (None, 1, 1,      │          0 │ block6b_se_squee… │
│ (Reshape)           │ 1152)             │            │                   │
├─────────────────────┼───────────────────┼────────────┼───────────────────┤
│ block6b_se_reduce   │ (None, 1, 1, 48)  │     55,344 │ block6b_se_resha… │
│ (Conv2D)            │                   │            │                   │
├─────────────────────┼───────────────────┼────────────┼───────────────────┤
│ block6b_se_expand   │ (None, 1, 1,      │     56,448 │ block6b_se_reduc… │
│ (Conv2D)            │ 1152)             │            │                   │
├─────────────────────┼───────────────────┼────────────┼───────────────────┤
│ block6b_se_excite   │ (None, 7, 7,      │          0 │ block6b_activati… │
│ (Multiply)          │ 1152)             │            │ block6b_se_expan… │
├─────────────────────┼───────────────────┼────────────┼───────────────────┤
│ block6b_project_co… │ (None, 7, 7, 192) │    221,184 │ block6b_se_excit… │
│ (Conv2D)            │                   │            │                   │
├─────────────────────┼───────────────────┼────────────┼───────────────────┤
│ block6b_project_bn  │ (None, 7, 7, 192) │        768 │ block6b_project_… │
│ (BatchNormalizatio… │                   │            │                   │
├─────────────────────┼───────────────────┼────────────┼───────────────────┤
│ block6b_drop        │ (None, 7, 7, 192) │          0 │ block6b_project_… │
│ (Dropout)           │                   │            │                   │
├─────────────────────┼───────────────────┼────────────┼───────────────────┤
│ block6b_add (Add)   │ (None, 7, 7, 192) │          0 │ block6b_drop[0][… │
│                     │                   │            │ block6a_project_… │
├─────────────────────┼───────────────────┼────────────┼───────────────────┤
│ block6c_expand_conv │ (None, 7, 7,      │    221,184 │ block6b_add[0][0] │
│ (Conv2D)            │ 1152)             │            │                   │
├─────────────────────┼───────────────────┼────────────┼───────────────────┤
│ block6c_expand_bn   │ (None, 7, 7,      │      4,608 │ block6c_expand_c… │
│ (BatchNormalizatio… │ 1152)             │            │                   │
├─────────────────────┼───────────────────┼────────────┼───────────────────┤
│ block6c_expand_act… │ (None, 7, 7,      │          0 │ block6c_expand_b… │
│ (Activation)        │ 1152)             │            │                   │
├─────────────────────┼───────────────────┼────────────┼───────────────────┤
│ block6c_dwconv      │ (None, 7, 7,      │     28,800 │ block6c_expand_a… │
│ (DepthwiseConv2D)   │ 1152)             │            │                   │
├─────────────────────┼───────────────────┼────────────┼───────────────────┤
│ block6c_bn          │ (None, 7, 7,      │      4,608 │ block6c_dwconv[0… │
│ (BatchNormalizatio… │ 1152)             │            │                   │
├─────────────────────┼───────────────────┼────────────┼───────────────────┤
│ block6c_activation  │ (None, 7, 7,      │          0 │ block6c_bn[0][0]  │
│ (Activation)        │ 1152)             │            │                   │
├─────────────────────┼───────────────────┼────────────┼───────────────────┤
│ block6c_se_squeeze  │ (None, 1152)      │          0 │ block6c_activati… │
│ (GlobalAveragePool… │                   │            │                   │
├─────────────────────┼───────────────────┼────────────┼───────────────────┤
│ block6c_se_reshape  │ (None, 1, 1,      │          0 │ block6c_se_squee… │
│ (Reshape)           │ 1152)             │            │                   │
├─────────────────────┼───────────────────┼────────────┼───────────────────┤
│ block6c_se_reduce   │ (None, 1, 1, 48)  │     55,344 │ block6c_se_resha… │
│ (Conv2D)            │                   │            │                   │
├─────────────────────┼───────────────────┼────────────┼───────────────────┤
│ block6c_se_expand   │ (None, 1, 1,      │     56,448 │ block6c_se_reduc… │
│ (Conv2D)            │ 1152)             │            │                   │
├─────────────────────┼───────────────────┼────────────┼───────────────────┤
│ block6c_se_excite   │ (None, 7, 7,      │          0 │ block6c_activati… │
│ (Multiply)          │ 1152)             │            │ block6c_se_expan… │
├─────────────────────┼───────────────────┼────────────┼───────────────────┤
│ block6c_project_co… │ (None, 7, 7, 192) │    221,184 │ block6c_se_excit… │
│ (Conv2D)            │                   │            │                   │
├─────────────────────┼───────────────────┼────────────┼───────────────────┤
│ block6c_project_bn  │ (None, 7, 7, 192) │        768 │ block6c_project_… │
│ (BatchNormalizatio… │                   │            │                   │
├─────────────────────┼───────────────────┼────────────┼───────────────────┤
│ block6c_drop        │ (None, 7, 7, 192) │          0 │ block6c_project_… │
│ (Dropout)           │                   │            │                   │
├─────────────────────┼───────────────────┼────────────┼───────────────────┤
│ block6c_add (Add)   │ (None, 7, 7, 192) │          0 │ block6c_drop[0][… │
│                     │                   │            │ block6b_add[0][0] │
├─────────────────────┼───────────────────┼────────────┼───────────────────┤
│ block6d_expand_conv │ (None, 7, 7,      │    221,184 │ block6c_add[0][0] │
│ (Conv2D)            │ 1152)             │            │                   │
├─────────────────────┼───────────────────┼────────────┼───────────────────┤
│ block6d_expand_bn   │ (None, 7, 7,      │      4,608 │ block6d_expand_c… │
│ (BatchNormalizatio… │ 1152)             │            │                   │
├─────────────────────┼───────────────────┼────────────┼───────────────────┤
│ block6d_expand_act… │ (None, 7, 7,      │          0 │ block6d_expand_b… │
│ (Activation)        │ 1152)             │            │                   │
├─────────────────────┼───────────────────┼────────────┼───────────────────┤
│ block6d_dwconv      │ (None, 7, 7,      │     28,800 │ block6d_expand_a… │
│ (DepthwiseConv2D)   │ 1152)             │            │                   │
├─────────────────────┼───────────────────┼────────────┼───────────────────┤
│ block6d_bn          │ (None, 7, 7,      │      4,608 │ block6d_dwconv[0… │
│ (BatchNormalizatio… │ 1152)             │            │                   │
├─────────────────────┼───────────────────┼────────────┼───────────────────┤
│ block6d_activation  │ (None, 7, 7,      │          0 │ block6d_bn[0][0]  │
│ (Activation)        │ 1152)             │            │                   │
├─────────────────────┼───────────────────┼────────────┼───────────────────┤
│ block6d_se_squeeze  │ (None, 1152)      │          0 │ block6d_activati… │
│ (GlobalAveragePool… │                   │            │                   │
├─────────────────────┼───────────────────┼────────────┼───────────────────┤
│ block6d_se_reshape  │ (None, 1, 1,      │          0 │ block6d_se_squee… │
│ (Reshape)           │ 1152)             │            │                   │
├─────────────────────┼───────────────────┼────────────┼───────────────────┤
│ block6d_se_reduce   │ (None, 1, 1, 48)  │     55,344 │ block6d_se_resha… │
│ (Conv2D)            │                   │            │                   │
├─────────────────────┼───────────────────┼────────────┼───────────────────┤
│ block6d_se_expand   │ (None, 1, 1,      │     56,448 │ block6d_se_reduc… │
│ (Conv2D)            │ 1152)             │            │                   │
├─────────────────────┼───────────────────┼────────────┼───────────────────┤
│ block6d_se_excite   │ (None, 7, 7,      │          0 │ block6d_activati… │
│ (Multiply)          │ 1152)             │            │ block6d_se_expan… │
├─────────────────────┼───────────────────┼────────────┼───────────────────┤
│ block6d_project_co… │ (None, 7, 7, 192) │    221,184 │ block6d_se_excit… │
│ (Conv2D)            │                   │            │                   │
├─────────────────────┼───────────────────┼────────────┼───────────────────┤
│ block6d_project_bn  │ (None, 7, 7, 192) │        768 │ block6d_project_… │
│ (BatchNormalizatio… │                   │            │                   │
├─────────────────────┼───────────────────┼────────────┼───────────────────┤
│ block6d_drop        │ (None, 7, 7, 192) │          0 │ block6d_project_… │
│ (Dropout)           │                   │            │                   │
├─────────────────────┼───────────────────┼────────────┼───────────────────┤
│ block6d_add (Add)   │ (None, 7, 7, 192) │          0 │ block6d_drop[0][… │
│                     │                   │            │ block6c_add[0][0] │
├─────────────────────┼───────────────────┼────────────┼───────────────────┤
│ block7a_expand_conv │ (None, 7, 7,      │    221,184 │ block6d_add[0][0] │
│ (Conv2D)            │ 1152)             │            │                   │
├─────────────────────┼───────────────────┼────────────┼───────────────────┤
│ block7a_expand_bn   │ (None, 7, 7,      │      4,608 │ block7a_expand_c… │
│ (BatchNormalizatio… │ 1152)             │            │                   │
├─────────────────────┼───────────────────┼────────────┼───────────────────┤
│ block7a_expand_act… │ (None, 7, 7,      │          0 │ block7a_expand_b… │
│ (Activation)        │ 1152)             │            │                   │
├─────────────────────┼───────────────────┼────────────┼───────────────────┤
│ block7a_dwconv      │ (None, 7, 7,      │     10,368 │ block7a_expand_a… │
│ (DepthwiseConv2D)   │ 1152)             │            │                   │
├─────────────────────┼───────────────────┼────────────┼───────────────────┤
│ block7a_bn          │ (None, 7, 7,      │      4,608 │ block7a_dwconv[0… │
│ (BatchNormalizatio… │ 1152)             │            │                   │
├─────────────────────┼───────────────────┼────────────┼───────────────────┤
│ block7a_activation  │ (None, 7, 7,      │          0 │ block7a_bn[0][0]  │
│ (Activation)        │ 1152)             │            │                   │
├─────────────────────┼───────────────────┼────────────┼───────────────────┤
│ block7a_se_squeeze  │ (None, 1152)      │          0 │ block7a_activati… │
│ (GlobalAveragePool… │                   │            │                   │
├─────────────────────┼───────────────────┼────────────┼───────────────────┤
│ block7a_se_reshape  │ (None, 1, 1,      │          0 │ block7a_se_squee… │
│ (Reshape)           │ 1152)             │            │                   │
├─────────────────────┼───────────────────┼────────────┼───────────────────┤
│ block7a_se_reduce   │ (None, 1, 1, 48)  │     55,344 │ block7a_se_resha… │
│ (Conv2D)            │                   │            │                   │
├─────────────────────┼───────────────────┼────────────┼───────────────────┤
│ block7a_se_expand   │ (None, 1, 1,      │     56,448 │ block7a_se_reduc… │
│ (Conv2D)            │ 1152)             │            │                   │
├─────────────────────┼───────────────────┼────────────┼───────────────────┤
│ block7a_se_excite   │ (None, 7, 7,      │          0 │ block7a_activati… │
│ (Multiply)          │ 1152)             │            │ block7a_se_expan… │
├─────────────────────┼───────────────────┼────────────┼───────────────────┤
│ block7a_project_co… │ (None, 7, 7, 320) │    368,640 │ block7a_se_excit… │
│ (Conv2D)            │                   │            │                   │
├─────────────────────┼───────────────────┼────────────┼───────────────────┤
│ block7a_project_bn  │ (None, 7, 7, 320) │      1,280 │ block7a_project_… │
│ (BatchNormalizatio… │                   │            │                   │
├─────────────────────┼───────────────────┼────────────┼───────────────────┤
│ top_conv (Conv2D)   │ (None, 7, 7,      │    409,600 │ block7a_project_… │
│                     │ 1280)             │            │                   │
├─────────────────────┼───────────────────┼────────────┼───────────────────┤
│ top_bn              │ (None, 7, 7,      │      5,120 │ top_conv[0][0]    │
│ (BatchNormalizatio… │ 1280)             │            │                   │
├─────────────────────┼───────────────────┼────────────┼───────────────────┤
│ top_activation      │ (None, 7, 7,      │          0 │ top_bn[0][0]      │
│ (Activation)        │ 1280)             │            │                   │
├─────────────────────┼───────────────────┼────────────┼───────────────────┤
│ gap                 │ (None, 1280)      │          0 │ top_activation[0… │
│ (GlobalAveragePool… │                   │            │                   │
├─────────────────────┼───────────────────┼────────────┼───────────────────┤
│ batch_normalization │ (None, 1280)      │      5,120 │ gap[0][0]         │
│ (BatchNormalizatio… │                   │            │                   │
├─────────────────────┼───────────────────┼────────────┼───────────────────┤
│ dropout (Dropout)   │ (None, 1280)      │          0 │ batch_normalizat… │
├─────────────────────┼───────────────────┼────────────┼───────────────────┤
│ output (Dense)      │ (None, 1)         │      1,281 │ dropout[0][0]     │
└─────────────────────┴───────────────────┴────────────┴───────────────────┘
 Total params: 4,055,972 (15.47 MB)
 Trainable params: 3,841 (15.00 KB)
 Non-trainable params: 4,052,131 (15.46 MB)

2026-07-02 15:13:03 [INFO] ━━━━━━━━━━━━━━━━━━━━━━━━━━━━━━━━━━━━━━━━━━━━━━━━━━━━━━━━━━━━
2026-07-02 15:13:03 [INFO] STAGE 4 — Phase 1: Feature Extraction (backbone frozen)
2026-07-02 15:13:03 [INFO] ━━━━━━━━━━━━━━━━━━━━━━━━━━━━━━━━━━━━━━━━━━━━━━━━━━━━━━━━━━━━
2026-07-02 15:13:03 [INFO] Epochs planned : 20
2026-07-02 15:13:03 [INFO] Learning rate  : 1.00e-03
2026-07-02 15:13:03 [INFO] Per-epoch weights → checkpoints/epoch_weights/phase1/
2026-07-02 15:13:03 [INFO]   ── Epoch 1 starting...
2026-07-02 15:46:50 [INFO] ════════════════════════════════════════════════════════════
2026-07-02 15:46:50 [INFO]   Cats vs Dogs — EfficientNetB0 Transfer Learning
2026-07-02 15:46:50 [INFO]   Mode: FULL TRAINING
2026-07-02 15:46:50 [INFO]   Started: 2026-07-02 15:46:50
2026-07-02 15:46:50 [INFO] ════════════════════════════════════════════════════════════
2026-07-02 15:46:50 [INFO] ━━━━━━━━━━━━━━━━━━━━━━━━━━━━━━━━━━━━━━━━━━━━━━━━━━━━━━━━━━━━
2026-07-02 15:46:50 [INFO] STAGE 1 — Environment check
2026-07-02 15:46:50 [INFO] ━━━━━━━━━━━━━━━━━━━━━━━━━━━━━━━━━━━━━━━━━━━━━━━━━━━━━━━━━━━━
2026-07-02 15:46:50 [INFO] Python       : 3.11.15 (main, Mar 11 2026, 17:20:07) [GCC 14.3.0]
2026-07-02 15:46:50 [INFO] TensorFlow   : 2.21.0
2026-07-02 15:46:51 [INFO] GPUs visible : 1
2026-07-02 15:46:51 [INFO]   PhysicalDevice(name='/physical_device:GPU:0', device_type='GPU')
2026-07-02 15:46:51 [INFO]   Memory growth enabled on /physical_device:GPU:0
2026-07-02 15:46:51 [INFO] Working dir  : /mnt/appbio_a/groups/Year_4/NChasan/DMining_project
2026-07-02 15:46:51 [INFO] Data dir     : /mnt/appbio_a/groups/Year_4/NChasan/DMining_project/PetImages
2026-07-02 15:46:51 [INFO] ✔ CHECKPOINT [env_check] — TF 2.21.0, 1 GPU(s)
2026-07-02 15:46:51 [INFO] ━━━━━━━━━━━━━━━━━━━━━━━━━━━━━━━━━━━━━━━━━━━━━━━━━━━━━━━━━━━━
2026-07-02 15:46:51 [INFO] STAGE 2 — Data loading & pipeline
2026-07-02 15:46:51 [INFO] ━━━━━━━━━━━━━━━━━━━━━━━━━━━━━━━━━━━━━━━━━━━━━━━━━━━━━━━━━━━━
2026-07-02 15:46:51 [INFO] Reading images from: PetImages
2026-07-02 15:47:13 [INFO] Directory scan done in 22.5s
2026-07-02 15:47:13 [INFO] Total images : 24899
2026-07-02 15:47:13 [INFO] Train        : 17431
2026-07-02 15:47:13 [INFO] Val          : 3734
2026-07-02 15:47:13 [INFO] Test         : 3734
2026-07-02 15:47:13 [INFO] Building augmentation pipeline...
2026-07-02 15:47:13 [INFO] Train batches : 545
2026-07-02 15:47:13 [INFO] Val   batches : 117
2026-07-02 15:47:13 [INFO] Test  batches : 117
2026-07-02 15:47:13 [INFO] Pulling one batch to verify pipeline...
2026-07-02 15:47:14 [INFO]   Batch shape  : images=(32, 224, 224, 3)  labels=(32, 1)
2026-07-02 15:47:14 [INFO]   Pixel range  : [0.0, 255.0]
2026-07-02 15:47:14 [INFO]   Label dtype  : <dtype: 'float32'>
2026-07-02 15:47:14 [INFO] ✔ CHECKPOINT [data_pipeline] — 17431 train / 3734 val / 3734 test images
2026-07-02 15:47:14 [INFO] ━━━━━━━━━━━━━━━━━━━━━━━━━━━━━━━━━━━━━━━━━━━━━━━━━━━━━━━━━━━━
2026-07-02 15:47:14 [INFO] STAGE 3 — Model construction (EfficientNetB0 backbone)
2026-07-02 15:47:14 [INFO] ━━━━━━━━━━━━━━━━━━━━━━━━━━━━━━━━━━━━━━━━━━━━━━━━━━━━━━━━━━━━
2026-07-02 15:47:14 [INFO] Loading EfficientNetB0 with ImageNet weights...
2026-07-02 15:47:18 [INFO] Backbone loaded in 4.9s
2026-07-02 15:47:18 [INFO] Total params     : 4,055,972
2026-07-02 15:47:18 [INFO] Trainable params : 3,841
2026-07-02 15:47:18 [INFO] Frozen params    : 4,052,151.0
2026-07-02 15:47:18 [INFO] Model diagram saved to checkpoints/model_architecture.png
2026-07-02 15:47:18 [INFO] ✔ CHECKPOINT [model_built] — 4,055,972 total params
2026-07-02 15:47:18 [INFO] Compiling model — lr=1.00e-03  phase=phase1
2026-07-02 15:47:18 [INFO] ✔ CHECKPOINT [compile_phase1] — lr=1.00e-03
2026-07-02 15:47:19 [INFO] Model: "CatsVsDogs_EfficientNetB0"
┏━━━━━━━━━━━━━━━━━━━━━┳━━━━━━━━━━━━━━━━━━━┳━━━━━━━━━━━━┳━━━━━━━━━━━━━━━━━━━┓
┃ Layer (type)        ┃ Output Shape      ┃    Param # ┃ Connected to      ┃
┡━━━━━━━━━━━━━━━━━━━━━╇━━━━━━━━━━━━━━━━━━━╇━━━━━━━━━━━━╇━━━━━━━━━━━━━━━━━━━┩
│ input_image         │ (None, 224, 224,  │          0 │ -                 │
│ (InputLayer)        │ 3)                │            │                   │
├─────────────────────┼───────────────────┼────────────┼───────────────────┤
│ rescaling           │ (None, 224, 224,  │          0 │ input_image[0][0] │
│ (Rescaling)         │ 3)                │            │                   │
├─────────────────────┼───────────────────┼────────────┼───────────────────┤
│ normalization       │ (None, 224, 224,  │          7 │ rescaling[0][0]   │
│ (Normalization)     │ 3)                │            │                   │
├─────────────────────┼───────────────────┼────────────┼───────────────────┤
│ rescaling_1         │ (None, 224, 224,  │          0 │ normalization[0]… │
│ (Rescaling)         │ 3)                │            │                   │
├─────────────────────┼───────────────────┼────────────┼───────────────────┤
│ stem_conv_pad       │ (None, 225, 225,  │          0 │ rescaling_1[0][0] │
│ (ZeroPadding2D)     │ 3)                │            │                   │
├─────────────────────┼───────────────────┼────────────┼───────────────────┤
│ stem_conv (Conv2D)  │ (None, 112, 112,  │        864 │ stem_conv_pad[0]… │
│                     │ 32)               │            │                   │
├─────────────────────┼───────────────────┼────────────┼───────────────────┤
│ stem_bn             │ (None, 112, 112,  │        128 │ stem_conv[0][0]   │
│ (BatchNormalizatio… │ 32)               │            │                   │
├─────────────────────┼───────────────────┼────────────┼───────────────────┤
│ stem_activation     │ (None, 112, 112,  │          0 │ stem_bn[0][0]     │
│ (Activation)        │ 32)               │            │                   │
├─────────────────────┼───────────────────┼────────────┼───────────────────┤
│ block1a_dwconv      │ (None, 112, 112,  │        288 │ stem_activation[… │
│ (DepthwiseConv2D)   │ 32)               │            │                   │
├─────────────────────┼───────────────────┼────────────┼───────────────────┤
│ block1a_bn          │ (None, 112, 112,  │        128 │ block1a_dwconv[0… │
│ (BatchNormalizatio… │ 32)               │            │                   │
├─────────────────────┼───────────────────┼────────────┼───────────────────┤
│ block1a_activation  │ (None, 112, 112,  │          0 │ block1a_bn[0][0]  │
│ (Activation)        │ 32)               │            │                   │
├─────────────────────┼───────────────────┼────────────┼───────────────────┤
│ block1a_se_squeeze  │ (None, 32)        │          0 │ block1a_activati… │
│ (GlobalAveragePool… │                   │            │                   │
├─────────────────────┼───────────────────┼────────────┼───────────────────┤
│ block1a_se_reshape  │ (None, 1, 1, 32)  │          0 │ block1a_se_squee… │
│ (Reshape)           │                   │            │                   │
├─────────────────────┼───────────────────┼────────────┼───────────────────┤
│ block1a_se_reduce   │ (None, 1, 1, 8)   │        264 │ block1a_se_resha… │
│ (Conv2D)            │                   │            │                   │
├─────────────────────┼───────────────────┼────────────┼───────────────────┤
│ block1a_se_expand   │ (None, 1, 1, 32)  │        288 │ block1a_se_reduc… │
│ (Conv2D)            │                   │            │                   │
├─────────────────────┼───────────────────┼────────────┼───────────────────┤
│ block1a_se_excite   │ (None, 112, 112,  │          0 │ block1a_activati… │
│ (Multiply)          │ 32)               │            │ block1a_se_expan… │
├─────────────────────┼───────────────────┼────────────┼───────────────────┤
│ block1a_project_co… │ (None, 112, 112,  │        512 │ block1a_se_excit… │
│ (Conv2D)            │ 16)               │            │                   │
├─────────────────────┼───────────────────┼────────────┼───────────────────┤
│ block1a_project_bn  │ (None, 112, 112,  │         64 │ block1a_project_… │
│ (BatchNormalizatio… │ 16)               │            │                   │
├─────────────────────┼───────────────────┼────────────┼───────────────────┤
│ block2a_expand_conv │ (None, 112, 112,  │      1,536 │ block1a_project_… │
│ (Conv2D)            │ 96)               │            │                   │
├─────────────────────┼───────────────────┼────────────┼───────────────────┤
│ block2a_expand_bn   │ (None, 112, 112,  │        384 │ block2a_expand_c… │
│ (BatchNormalizatio… │ 96)               │            │                   │
├─────────────────────┼───────────────────┼────────────┼───────────────────┤
│ block2a_expand_act… │ (None, 112, 112,  │          0 │ block2a_expand_b… │
│ (Activation)        │ 96)               │            │                   │
├─────────────────────┼───────────────────┼────────────┼───────────────────┤
│ block2a_dwconv_pad  │ (None, 113, 113,  │          0 │ block2a_expand_a… │
│ (ZeroPadding2D)     │ 96)               │            │                   │
├─────────────────────┼───────────────────┼────────────┼───────────────────┤
│ block2a_dwconv      │ (None, 56, 56,    │        864 │ block2a_dwconv_p… │
│ (DepthwiseConv2D)   │ 96)               │            │                   │
├─────────────────────┼───────────────────┼────────────┼───────────────────┤
│ block2a_bn          │ (None, 56, 56,    │        384 │ block2a_dwconv[0… │
│ (BatchNormalizatio… │ 96)               │            │                   │
├─────────────────────┼───────────────────┼────────────┼───────────────────┤
│ block2a_activation  │ (None, 56, 56,    │          0 │ block2a_bn[0][0]  │
│ (Activation)        │ 96)               │            │                   │
├─────────────────────┼───────────────────┼────────────┼───────────────────┤
│ block2a_se_squeeze  │ (None, 96)        │          0 │ block2a_activati… │
│ (GlobalAveragePool… │                   │            │                   │
├─────────────────────┼───────────────────┼────────────┼───────────────────┤
│ block2a_se_reshape  │ (None, 1, 1, 96)  │          0 │ block2a_se_squee… │
│ (Reshape)           │                   │            │                   │
├─────────────────────┼───────────────────┼────────────┼───────────────────┤
│ block2a_se_reduce   │ (None, 1, 1, 4)   │        388 │ block2a_se_resha… │
│ (Conv2D)            │                   │            │                   │
├─────────────────────┼───────────────────┼────────────┼───────────────────┤
│ block2a_se_expand   │ (None, 1, 1, 96)  │        480 │ block2a_se_reduc… │
│ (Conv2D)            │                   │            │                   │
├─────────────────────┼───────────────────┼────────────┼───────────────────┤
│ block2a_se_excite   │ (None, 56, 56,    │          0 │ block2a_activati… │
│ (Multiply)          │ 96)               │            │ block2a_se_expan… │
├─────────────────────┼───────────────────┼────────────┼───────────────────┤
│ block2a_project_co… │ (None, 56, 56,    │      2,304 │ block2a_se_excit… │
│ (Conv2D)            │ 24)               │            │                   │
├─────────────────────┼───────────────────┼────────────┼───────────────────┤
│ block2a_project_bn  │ (None, 56, 56,    │         96 │ block2a_project_… │
│ (BatchNormalizatio… │ 24)               │            │                   │
├─────────────────────┼───────────────────┼────────────┼───────────────────┤
│ block2b_expand_conv │ (None, 56, 56,    │      3,456 │ block2a_project_… │
│ (Conv2D)            │ 144)              │            │                   │
├─────────────────────┼───────────────────┼────────────┼───────────────────┤
│ block2b_expand_bn   │ (None, 56, 56,    │        576 │ block2b_expand_c… │
│ (BatchNormalizatio… │ 144)              │            │                   │
├─────────────────────┼───────────────────┼────────────┼───────────────────┤
│ block2b_expand_act… │ (None, 56, 56,    │          0 │ block2b_expand_b… │
│ (Activation)        │ 144)              │            │                   │
├─────────────────────┼───────────────────┼────────────┼───────────────────┤
│ block2b_dwconv      │ (None, 56, 56,    │      1,296 │ block2b_expand_a… │
│ (DepthwiseConv2D)   │ 144)              │            │                   │
├─────────────────────┼───────────────────┼────────────┼───────────────────┤
│ block2b_bn          │ (None, 56, 56,    │        576 │ block2b_dwconv[0… │
│ (BatchNormalizatio… │ 144)              │            │                   │
├─────────────────────┼───────────────────┼────────────┼───────────────────┤
│ block2b_activation  │ (None, 56, 56,    │          0 │ block2b_bn[0][0]  │
│ (Activation)        │ 144)              │            │                   │
├─────────────────────┼───────────────────┼────────────┼───────────────────┤
│ block2b_se_squeeze  │ (None, 144)       │          0 │ block2b_activati… │
│ (GlobalAveragePool… │                   │            │                   │
├─────────────────────┼───────────────────┼────────────┼───────────────────┤
│ block2b_se_reshape  │ (None, 1, 1, 144) │          0 │ block2b_se_squee… │
│ (Reshape)           │                   │            │                   │
├─────────────────────┼───────────────────┼────────────┼───────────────────┤
│ block2b_se_reduce   │ (None, 1, 1, 6)   │        870 │ block2b_se_resha… │
│ (Conv2D)            │                   │            │                   │
├─────────────────────┼───────────────────┼────────────┼───────────────────┤
│ block2b_se_expand   │ (None, 1, 1, 144) │      1,008 │ block2b_se_reduc… │
│ (Conv2D)            │                   │            │                   │
├─────────────────────┼───────────────────┼────────────┼───────────────────┤
│ block2b_se_excite   │ (None, 56, 56,    │          0 │ block2b_activati… │
│ (Multiply)          │ 144)              │            │ block2b_se_expan… │
├─────────────────────┼───────────────────┼────────────┼───────────────────┤
│ block2b_project_co… │ (None, 56, 56,    │      3,456 │ block2b_se_excit… │
│ (Conv2D)            │ 24)               │            │                   │
├─────────────────────┼───────────────────┼────────────┼───────────────────┤
│ block2b_project_bn  │ (None, 56, 56,    │         96 │ block2b_project_… │
│ (BatchNormalizatio… │ 24)               │            │                   │
├─────────────────────┼───────────────────┼────────────┼───────────────────┤
│ block2b_drop        │ (None, 56, 56,    │          0 │ block2b_project_… │
│ (Dropout)           │ 24)               │            │                   │
├─────────────────────┼───────────────────┼────────────┼───────────────────┤
│ block2b_add (Add)   │ (None, 56, 56,    │          0 │ block2b_drop[0][… │
│                     │ 24)               │            │ block2a_project_… │
├─────────────────────┼───────────────────┼────────────┼───────────────────┤
│ block3a_expand_conv │ (None, 56, 56,    │      3,456 │ block2b_add[0][0] │
│ (Conv2D)            │ 144)              │            │                   │
├─────────────────────┼───────────────────┼────────────┼───────────────────┤
│ block3a_expand_bn   │ (None, 56, 56,    │        576 │ block3a_expand_c… │
│ (BatchNormalizatio… │ 144)              │            │                   │
├─────────────────────┼───────────────────┼────────────┼───────────────────┤
│ block3a_expand_act… │ (None, 56, 56,    │          0 │ block3a_expand_b… │
│ (Activation)        │ 144)              │            │                   │
├─────────────────────┼───────────────────┼────────────┼───────────────────┤
│ block3a_dwconv_pad  │ (None, 59, 59,    │          0 │ block3a_expand_a… │
│ (ZeroPadding2D)     │ 144)              │            │                   │
├─────────────────────┼───────────────────┼────────────┼───────────────────┤
│ block3a_dwconv      │ (None, 28, 28,    │      3,600 │ block3a_dwconv_p… │
│ (DepthwiseConv2D)   │ 144)              │            │                   │
├─────────────────────┼───────────────────┼────────────┼───────────────────┤
│ block3a_bn          │ (None, 28, 28,    │        576 │ block3a_dwconv[0… │
│ (BatchNormalizatio… │ 144)              │            │                   │
├─────────────────────┼───────────────────┼────────────┼───────────────────┤
│ block3a_activation  │ (None, 28, 28,    │          0 │ block3a_bn[0][0]  │
│ (Activation)        │ 144)              │            │                   │
├─────────────────────┼───────────────────┼────────────┼───────────────────┤
│ block3a_se_squeeze  │ (None, 144)       │          0 │ block3a_activati… │
│ (GlobalAveragePool… │                   │            │                   │
├─────────────────────┼───────────────────┼────────────┼───────────────────┤
│ block3a_se_reshape  │ (None, 1, 1, 144) │          0 │ block3a_se_squee… │
│ (Reshape)           │                   │            │                   │
├─────────────────────┼───────────────────┼────────────┼───────────────────┤
│ block3a_se_reduce   │ (None, 1, 1, 6)   │        870 │ block3a_se_resha… │
│ (Conv2D)            │                   │            │                   │
├─────────────────────┼───────────────────┼────────────┼───────────────────┤
│ block3a_se_expand   │ (None, 1, 1, 144) │      1,008 │ block3a_se_reduc… │
│ (Conv2D)            │                   │            │                   │
├─────────────────────┼───────────────────┼────────────┼───────────────────┤
│ block3a_se_excite   │ (None, 28, 28,    │          0 │ block3a_activati… │
│ (Multiply)          │ 144)              │            │ block3a_se_expan… │
├─────────────────────┼───────────────────┼────────────┼───────────────────┤
│ block3a_project_co… │ (None, 28, 28,    │      5,760 │ block3a_se_excit… │
│ (Conv2D)            │ 40)               │            │                   │
├─────────────────────┼───────────────────┼────────────┼───────────────────┤
│ block3a_project_bn  │ (None, 28, 28,    │        160 │ block3a_project_… │
│ (BatchNormalizatio… │ 40)               │            │                   │
├─────────────────────┼───────────────────┼────────────┼───────────────────┤
│ block3b_expand_conv │ (None, 28, 28,    │      9,600 │ block3a_project_… │
│ (Conv2D)            │ 240)              │            │                   │
├─────────────────────┼───────────────────┼────────────┼───────────────────┤
│ block3b_expand_bn   │ (None, 28, 28,    │        960 │ block3b_expand_c… │
│ (BatchNormalizatio… │ 240)              │            │                   │
├─────────────────────┼───────────────────┼────────────┼───────────────────┤
│ block3b_expand_act… │ (None, 28, 28,    │          0 │ block3b_expand_b… │
│ (Activation)        │ 240)              │            │                   │
├─────────────────────┼───────────────────┼────────────┼───────────────────┤
│ block3b_dwconv      │ (None, 28, 28,    │      6,000 │ block3b_expand_a… │
│ (DepthwiseConv2D)   │ 240)              │            │                   │
├─────────────────────┼───────────────────┼────────────┼───────────────────┤
│ block3b_bn          │ (None, 28, 28,    │        960 │ block3b_dwconv[0… │
│ (BatchNormalizatio… │ 240)              │            │                   │
├─────────────────────┼───────────────────┼────────────┼───────────────────┤
│ block3b_activation  │ (None, 28, 28,    │          0 │ block3b_bn[0][0]  │
│ (Activation)        │ 240)              │            │                   │
├─────────────────────┼───────────────────┼────────────┼───────────────────┤
│ block3b_se_squeeze  │ (None, 240)       │          0 │ block3b_activati… │
│ (GlobalAveragePool… │                   │            │                   │
├─────────────────────┼───────────────────┼────────────┼───────────────────┤
│ block3b_se_reshape  │ (None, 1, 1, 240) │          0 │ block3b_se_squee… │
│ (Reshape)           │                   │            │                   │
├─────────────────────┼───────────────────┼────────────┼───────────────────┤
│ block3b_se_reduce   │ (None, 1, 1, 10)  │      2,410 │ block3b_se_resha… │
│ (Conv2D)            │                   │            │                   │
├─────────────────────┼───────────────────┼────────────┼───────────────────┤
│ block3b_se_expand   │ (None, 1, 1, 240) │      2,640 │ block3b_se_reduc… │
│ (Conv2D)            │                   │            │                   │
├─────────────────────┼───────────────────┼────────────┼───────────────────┤
│ block3b_se_excite   │ (None, 28, 28,    │          0 │ block3b_activati… │
│ (Multiply)          │ 240)              │            │ block3b_se_expan… │
├─────────────────────┼───────────────────┼────────────┼───────────────────┤
│ block3b_project_co… │ (None, 28, 28,    │      9,600 │ block3b_se_excit… │
│ (Conv2D)            │ 40)               │            │                   │
├─────────────────────┼───────────────────┼────────────┼───────────────────┤
│ block3b_project_bn  │ (None, 28, 28,    │        160 │ block3b_project_… │
│ (BatchNormalizatio… │ 40)               │            │                   │
├─────────────────────┼───────────────────┼────────────┼───────────────────┤
│ block3b_drop        │ (None, 28, 28,    │          0 │ block3b_project_… │
│ (Dropout)           │ 40)               │            │                   │
├─────────────────────┼───────────────────┼────────────┼───────────────────┤
│ block3b_add (Add)   │ (None, 28, 28,    │          0 │ block3b_drop[0][… │
│                     │ 40)               │            │ block3a_project_… │
├─────────────────────┼───────────────────┼────────────┼───────────────────┤
│ block4a_expand_conv │ (None, 28, 28,    │      9,600 │ block3b_add[0][0] │
│ (Conv2D)            │ 240)              │            │                   │
├─────────────────────┼───────────────────┼────────────┼───────────────────┤
│ block4a_expand_bn   │ (None, 28, 28,    │        960 │ block4a_expand_c… │
│ (BatchNormalizatio… │ 240)              │            │                   │
├─────────────────────┼───────────────────┼────────────┼───────────────────┤
│ block4a_expand_act… │ (None, 28, 28,    │          0 │ block4a_expand_b… │
│ (Activation)        │ 240)              │            │                   │
├─────────────────────┼───────────────────┼────────────┼───────────────────┤
│ block4a_dwconv_pad  │ (None, 29, 29,    │          0 │ block4a_expand_a… │
│ (ZeroPadding2D)     │ 240)              │            │                   │
├─────────────────────┼───────────────────┼────────────┼───────────────────┤
│ block4a_dwconv      │ (None, 14, 14,    │      2,160 │ block4a_dwconv_p… │
│ (DepthwiseConv2D)   │ 240)              │            │                   │
├─────────────────────┼───────────────────┼────────────┼───────────────────┤
│ block4a_bn          │ (None, 14, 14,    │        960 │ block4a_dwconv[0… │
│ (BatchNormalizatio… │ 240)              │            │                   │
├─────────────────────┼───────────────────┼────────────┼───────────────────┤
│ block4a_activation  │ (None, 14, 14,    │          0 │ block4a_bn[0][0]  │
│ (Activation)        │ 240)              │            │                   │
├─────────────────────┼───────────────────┼────────────┼───────────────────┤
│ block4a_se_squeeze  │ (None, 240)       │          0 │ block4a_activati… │
│ (GlobalAveragePool… │                   │            │                   │
├─────────────────────┼───────────────────┼────────────┼───────────────────┤
│ block4a_se_reshape  │ (None, 1, 1, 240) │          0 │ block4a_se_squee… │
│ (Reshape)           │                   │            │                   │
├─────────────────────┼───────────────────┼────────────┼───────────────────┤
│ block4a_se_reduce   │ (None, 1, 1, 10)  │      2,410 │ block4a_se_resha… │
│ (Conv2D)            │                   │            │                   │
├─────────────────────┼───────────────────┼────────────┼───────────────────┤
│ block4a_se_expand   │ (None, 1, 1, 240) │      2,640 │ block4a_se_reduc… │
│ (Conv2D)            │                   │            │                   │
├─────────────────────┼───────────────────┼────────────┼───────────────────┤
│ block4a_se_excite   │ (None, 14, 14,    │          0 │ block4a_activati… │
│ (Multiply)          │ 240)              │            │ block4a_se_expan… │
├─────────────────────┼───────────────────┼────────────┼───────────────────┤
│ block4a_project_co… │ (None, 14, 14,    │     19,200 │ block4a_se_excit… │
│ (Conv2D)            │ 80)               │            │                   │
├─────────────────────┼───────────────────┼────────────┼───────────────────┤
│ block4a_project_bn  │ (None, 14, 14,    │        320 │ block4a_project_… │
│ (BatchNormalizatio… │ 80)               │            │                   │
├─────────────────────┼───────────────────┼────────────┼───────────────────┤
│ block4b_expand_conv │ (None, 14, 14,    │     38,400 │ block4a_project_… │
│ (Conv2D)            │ 480)              │            │                   │
├─────────────────────┼───────────────────┼────────────┼───────────────────┤
│ block4b_expand_bn   │ (None, 14, 14,    │      1,920 │ block4b_expand_c… │
│ (BatchNormalizatio… │ 480)              │            │                   │
├─────────────────────┼───────────────────┼────────────┼───────────────────┤
│ block4b_expand_act… │ (None, 14, 14,    │          0 │ block4b_expand_b… │
│ (Activation)        │ 480)              │            │                   │
├─────────────────────┼───────────────────┼────────────┼───────────────────┤
│ block4b_dwconv      │ (None, 14, 14,    │      4,320 │ block4b_expand_a… │
│ (DepthwiseConv2D)   │ 480)              │            │                   │
├─────────────────────┼───────────────────┼────────────┼───────────────────┤
│ block4b_bn          │ (None, 14, 14,    │      1,920 │ block4b_dwconv[0… │
│ (BatchNormalizatio… │ 480)              │            │                   │
├─────────────────────┼───────────────────┼────────────┼───────────────────┤
│ block4b_activation  │ (None, 14, 14,    │          0 │ block4b_bn[0][0]  │
│ (Activation)        │ 480)              │            │                   │
├─────────────────────┼───────────────────┼────────────┼───────────────────┤
│ block4b_se_squeeze  │ (None, 480)       │          0 │ block4b_activati… │
│ (GlobalAveragePool… │                   │            │                   │
├─────────────────────┼───────────────────┼────────────┼───────────────────┤
│ block4b_se_reshape  │ (None, 1, 1, 480) │          0 │ block4b_se_squee… │
│ (Reshape)           │                   │            │                   │
├─────────────────────┼───────────────────┼────────────┼───────────────────┤
│ block4b_se_reduce   │ (None, 1, 1, 20)  │      9,620 │ block4b_se_resha… │
│ (Conv2D)            │                   │            │                   │
├─────────────────────┼───────────────────┼────────────┼───────────────────┤
│ block4b_se_expand   │ (None, 1, 1, 480) │     10,080 │ block4b_se_reduc… │
│ (Conv2D)            │                   │            │                   │
├─────────────────────┼───────────────────┼────────────┼───────────────────┤
│ block4b_se_excite   │ (None, 14, 14,    │          0 │ block4b_activati… │
│ (Multiply)          │ 480)              │            │ block4b_se_expan… │
├─────────────────────┼───────────────────┼────────────┼───────────────────┤
│ block4b_project_co… │ (None, 14, 14,    │     38,400 │ block4b_se_excit… │
│ (Conv2D)            │ 80)               │            │                   │
├─────────────────────┼───────────────────┼────────────┼───────────────────┤
│ block4b_project_bn  │ (None, 14, 14,    │        320 │ block4b_project_… │
│ (BatchNormalizatio… │ 80)               │            │                   │
├─────────────────────┼───────────────────┼────────────┼───────────────────┤
│ block4b_drop        │ (None, 14, 14,    │          0 │ block4b_project_… │
│ (Dropout)           │ 80)               │            │                   │
├─────────────────────┼───────────────────┼────────────┼───────────────────┤
│ block4b_add (Add)   │ (None, 14, 14,    │          0 │ block4b_drop[0][… │
│                     │ 80)               │            │ block4a_project_… │
├─────────────────────┼───────────────────┼────────────┼───────────────────┤
│ block4c_expand_conv │ (None, 14, 14,    │     38,400 │ block4b_add[0][0] │
│ (Conv2D)            │ 480)              │            │                   │
├─────────────────────┼───────────────────┼────────────┼───────────────────┤
│ block4c_expand_bn   │ (None, 14, 14,    │      1,920 │ block4c_expand_c… │
│ (BatchNormalizatio… │ 480)              │            │                   │
├─────────────────────┼───────────────────┼────────────┼───────────────────┤
│ block4c_expand_act… │ (None, 14, 14,    │          0 │ block4c_expand_b… │
│ (Activation)        │ 480)              │            │                   │
├─────────────────────┼───────────────────┼────────────┼───────────────────┤
│ block4c_dwconv      │ (None, 14, 14,    │      4,320 │ block4c_expand_a… │
│ (DepthwiseConv2D)   │ 480)              │            │                   │
├─────────────────────┼───────────────────┼────────────┼───────────────────┤
│ block4c_bn          │ (None, 14, 14,    │      1,920 │ block4c_dwconv[0… │
│ (BatchNormalizatio… │ 480)              │            │                   │
├─────────────────────┼───────────────────┼────────────┼───────────────────┤
│ block4c_activation  │ (None, 14, 14,    │          0 │ block4c_bn[0][0]  │
│ (Activation)        │ 480)              │            │                   │
├─────────────────────┼───────────────────┼────────────┼───────────────────┤
│ block4c_se_squeeze  │ (None, 480)       │          0 │ block4c_activati… │
│ (GlobalAveragePool… │                   │            │                   │
├─────────────────────┼───────────────────┼────────────┼───────────────────┤
│ block4c_se_reshape  │ (None, 1, 1, 480) │          0 │ block4c_se_squee… │
│ (Reshape)           │                   │            │                   │
├─────────────────────┼───────────────────┼────────────┼───────────────────┤
│ block4c_se_reduce   │ (None, 1, 1, 20)  │      9,620 │ block4c_se_resha… │
│ (Conv2D)            │                   │            │                   │
├─────────────────────┼───────────────────┼────────────┼───────────────────┤
│ block4c_se_expand   │ (None, 1, 1, 480) │     10,080 │ block4c_se_reduc… │
│ (Conv2D)            │                   │            │                   │
├─────────────────────┼───────────────────┼────────────┼───────────────────┤
│ block4c_se_excite   │ (None, 14, 14,    │          0 │ block4c_activati… │
│ (Multiply)          │ 480)              │            │ block4c_se_expan… │
├─────────────────────┼───────────────────┼────────────┼───────────────────┤
│ block4c_project_co… │ (None, 14, 14,    │     38,400 │ block4c_se_excit… │
│ (Conv2D)            │ 80)               │            │                   │
├─────────────────────┼───────────────────┼────────────┼───────────────────┤
│ block4c_project_bn  │ (None, 14, 14,    │        320 │ block4c_project_… │
│ (BatchNormalizatio… │ 80)               │            │                   │
├─────────────────────┼───────────────────┼────────────┼───────────────────┤
│ block4c_drop        │ (None, 14, 14,    │          0 │ block4c_project_… │
│ (Dropout)           │ 80)               │            │                   │
├─────────────────────┼───────────────────┼────────────┼───────────────────┤
│ block4c_add (Add)   │ (None, 14, 14,    │          0 │ block4c_drop[0][… │
│                     │ 80)               │            │ block4b_add[0][0] │
├─────────────────────┼───────────────────┼────────────┼───────────────────┤
│ block5a_expand_conv │ (None, 14, 14,    │     38,400 │ block4c_add[0][0] │
│ (Conv2D)            │ 480)              │            │                   │
├─────────────────────┼───────────────────┼────────────┼───────────────────┤
│ block5a_expand_bn   │ (None, 14, 14,    │      1,920 │ block5a_expand_c… │
│ (BatchNormalizatio… │ 480)              │            │                   │
├─────────────────────┼───────────────────┼────────────┼───────────────────┤
│ block5a_expand_act… │ (None, 14, 14,    │          0 │ block5a_expand_b… │
│ (Activation)        │ 480)              │            │                   │
├─────────────────────┼───────────────────┼────────────┼───────────────────┤
│ block5a_dwconv      │ (None, 14, 14,    │     12,000 │ block5a_expand_a… │
│ (DepthwiseConv2D)   │ 480)              │            │                   │
├─────────────────────┼───────────────────┼────────────┼───────────────────┤
│ block5a_bn          │ (None, 14, 14,    │      1,920 │ block5a_dwconv[0… │
│ (BatchNormalizatio… │ 480)              │            │                   │
├─────────────────────┼───────────────────┼────────────┼───────────────────┤
│ block5a_activation  │ (None, 14, 14,    │          0 │ block5a_bn[0][0]  │
│ (Activation)        │ 480)              │            │                   │
├─────────────────────┼───────────────────┼────────────┼───────────────────┤
│ block5a_se_squeeze  │ (None, 480)       │          0 │ block5a_activati… │
│ (GlobalAveragePool… │                   │            │                   │
├─────────────────────┼───────────────────┼────────────┼───────────────────┤
│ block5a_se_reshape  │ (None, 1, 1, 480) │          0 │ block5a_se_squee… │
│ (Reshape)           │                   │            │                   │
├─────────────────────┼───────────────────┼────────────┼───────────────────┤
│ block5a_se_reduce   │ (None, 1, 1, 20)  │      9,620 │ block5a_se_resha… │
│ (Conv2D)            │                   │            │                   │
├─────────────────────┼───────────────────┼────────────┼───────────────────┤
│ block5a_se_expand   │ (None, 1, 1, 480) │     10,080 │ block5a_se_reduc… │
│ (Conv2D)            │                   │            │                   │
├─────────────────────┼───────────────────┼────────────┼───────────────────┤
│ block5a_se_excite   │ (None, 14, 14,    │          0 │ block5a_activati… │
│ (Multiply)          │ 480)              │            │ block5a_se_expan… │
├─────────────────────┼───────────────────┼────────────┼───────────────────┤
│ block5a_project_co… │ (None, 14, 14,    │     53,760 │ block5a_se_excit… │
│ (Conv2D)            │ 112)              │            │                   │
├─────────────────────┼───────────────────┼────────────┼───────────────────┤
│ block5a_project_bn  │ (None, 14, 14,    │        448 │ block5a_project_… │
│ (BatchNormalizatio… │ 112)              │            │                   │
├─────────────────────┼───────────────────┼────────────┼───────────────────┤
│ block5b_expand_conv │ (None, 14, 14,    │     75,264 │ block5a_project_… │
│ (Conv2D)            │ 672)              │            │                   │
├─────────────────────┼───────────────────┼────────────┼───────────────────┤
│ block5b_expand_bn   │ (None, 14, 14,    │      2,688 │ block5b_expand_c… │
│ (BatchNormalizatio… │ 672)              │            │                   │
├─────────────────────┼───────────────────┼────────────┼───────────────────┤
│ block5b_expand_act… │ (None, 14, 14,    │          0 │ block5b_expand_b… │
│ (Activation)        │ 672)              │            │                   │
├─────────────────────┼───────────────────┼────────────┼───────────────────┤
│ block5b_dwconv      │ (None, 14, 14,    │     16,800 │ block5b_expand_a… │
│ (DepthwiseConv2D)   │ 672)              │            │                   │
├─────────────────────┼───────────────────┼────────────┼───────────────────┤
│ block5b_bn          │ (None, 14, 14,    │      2,688 │ block5b_dwconv[0… │
│ (BatchNormalizatio… │ 672)              │            │                   │
├─────────────────────┼───────────────────┼────────────┼───────────────────┤
│ block5b_activation  │ (None, 14, 14,    │          0 │ block5b_bn[0][0]  │
│ (Activation)        │ 672)              │            │                   │
├─────────────────────┼───────────────────┼────────────┼───────────────────┤
│ block5b_se_squeeze  │ (None, 672)       │          0 │ block5b_activati… │
│ (GlobalAveragePool… │                   │            │                   │
├─────────────────────┼───────────────────┼────────────┼───────────────────┤
│ block5b_se_reshape  │ (None, 1, 1, 672) │          0 │ block5b_se_squee… │
│ (Reshape)           │                   │            │                   │
├─────────────────────┼───────────────────┼────────────┼───────────────────┤
│ block5b_se_reduce   │ (None, 1, 1, 28)  │     18,844 │ block5b_se_resha… │
│ (Conv2D)            │                   │            │                   │
├─────────────────────┼───────────────────┼────────────┼───────────────────┤
│ block5b_se_expand   │ (None, 1, 1, 672) │     19,488 │ block5b_se_reduc… │
│ (Conv2D)            │                   │            │                   │
├─────────────────────┼───────────────────┼────────────┼───────────────────┤
│ block5b_se_excite   │ (None, 14, 14,    │          0 │ block5b_activati… │
│ (Multiply)          │ 672)              │            │ block5b_se_expan… │
├─────────────────────┼───────────────────┼────────────┼───────────────────┤
│ block5b_project_co… │ (None, 14, 14,    │     75,264 │ block5b_se_excit… │
│ (Conv2D)            │ 112)              │            │                   │
├─────────────────────┼───────────────────┼────────────┼───────────────────┤
│ block5b_project_bn  │ (None, 14, 14,    │        448 │ block5b_project_… │
│ (BatchNormalizatio… │ 112)              │            │                   │
├─────────────────────┼───────────────────┼────────────┼───────────────────┤
│ block5b_drop        │ (None, 14, 14,    │          0 │ block5b_project_… │
│ (Dropout)           │ 112)              │            │                   │
├─────────────────────┼───────────────────┼────────────┼───────────────────┤
│ block5b_add (Add)   │ (None, 14, 14,    │          0 │ block5b_drop[0][… │
│                     │ 112)              │            │ block5a_project_… │
├─────────────────────┼───────────────────┼────────────┼───────────────────┤
│ block5c_expand_conv │ (None, 14, 14,    │     75,264 │ block5b_add[0][0] │
│ (Conv2D)            │ 672)              │            │                   │
├─────────────────────┼───────────────────┼────────────┼───────────────────┤
│ block5c_expand_bn   │ (None, 14, 14,    │      2,688 │ block5c_expand_c… │
│ (BatchNormalizatio… │ 672)              │            │                   │
├─────────────────────┼───────────────────┼────────────┼───────────────────┤
│ block5c_expand_act… │ (None, 14, 14,    │          0 │ block5c_expand_b… │
│ (Activation)        │ 672)              │            │                   │
├─────────────────────┼───────────────────┼────────────┼───────────────────┤
│ block5c_dwconv      │ (None, 14, 14,    │     16,800 │ block5c_expand_a… │
│ (DepthwiseConv2D)   │ 672)              │            │                   │
├─────────────────────┼───────────────────┼────────────┼───────────────────┤
│ block5c_bn          │ (None, 14, 14,    │      2,688 │ block5c_dwconv[0… │
│ (BatchNormalizatio… │ 672)              │            │                   │
├─────────────────────┼───────────────────┼────────────┼───────────────────┤
│ block5c_activation  │ (None, 14, 14,    │          0 │ block5c_bn[0][0]  │
│ (Activation)        │ 672)              │            │                   │
├─────────────────────┼───────────────────┼────────────┼───────────────────┤
│ block5c_se_squeeze  │ (None, 672)       │          0 │ block5c_activati… │
│ (GlobalAveragePool… │                   │            │                   │
├─────────────────────┼───────────────────┼────────────┼───────────────────┤
│ block5c_se_reshape  │ (None, 1, 1, 672) │          0 │ block5c_se_squee… │
│ (Reshape)           │                   │            │                   │
├─────────────────────┼───────────────────┼────────────┼───────────────────┤
│ block5c_se_reduce   │ (None, 1, 1, 28)  │     18,844 │ block5c_se_resha… │
│ (Conv2D)            │                   │            │                   │
├─────────────────────┼───────────────────┼────────────┼───────────────────┤
│ block5c_se_expand   │ (None, 1, 1, 672) │     19,488 │ block5c_se_reduc… │
│ (Conv2D)            │                   │            │                   │
├─────────────────────┼───────────────────┼────────────┼───────────────────┤
│ block5c_se_excite   │ (None, 14, 14,    │          0 │ block5c_activati… │
│ (Multiply)          │ 672)              │            │ block5c_se_expan… │
├─────────────────────┼───────────────────┼────────────┼───────────────────┤
│ block5c_project_co… │ (None, 14, 14,    │     75,264 │ block5c_se_excit… │
│ (Conv2D)            │ 112)              │            │                   │
├─────────────────────┼───────────────────┼────────────┼───────────────────┤
│ block5c_project_bn  │ (None, 14, 14,    │        448 │ block5c_project_… │
│ (BatchNormalizatio… │ 112)              │            │                   │
├─────────────────────┼───────────────────┼────────────┼───────────────────┤
│ block5c_drop        │ (None, 14, 14,    │          0 │ block5c_project_… │
│ (Dropout)           │ 112)              │            │                   │
├─────────────────────┼───────────────────┼────────────┼───────────────────┤
│ block5c_add (Add)   │ (None, 14, 14,    │          0 │ block5c_drop[0][… │
│                     │ 112)              │            │ block5b_add[0][0] │
├─────────────────────┼───────────────────┼────────────┼───────────────────┤
│ block6a_expand_conv │ (None, 14, 14,    │     75,264 │ block5c_add[0][0] │
│ (Conv2D)            │ 672)              │            │                   │
├─────────────────────┼───────────────────┼────────────┼───────────────────┤
│ block6a_expand_bn   │ (None, 14, 14,    │      2,688 │ block6a_expand_c… │
│ (BatchNormalizatio… │ 672)              │            │                   │
├─────────────────────┼───────────────────┼────────────┼───────────────────┤
│ block6a_expand_act… │ (None, 14, 14,    │          0 │ block6a_expand_b… │
│ (Activation)        │ 672)              │            │                   │
├─────────────────────┼───────────────────┼────────────┼───────────────────┤
│ block6a_dwconv_pad  │ (None, 17, 17,    │          0 │ block6a_expand_a… │
│ (ZeroPadding2D)     │ 672)              │            │                   │
├─────────────────────┼───────────────────┼────────────┼───────────────────┤
│ block6a_dwconv      │ (None, 7, 7, 672) │     16,800 │ block6a_dwconv_p… │
│ (DepthwiseConv2D)   │                   │            │                   │
├─────────────────────┼───────────────────┼────────────┼───────────────────┤
│ block6a_bn          │ (None, 7, 7, 672) │      2,688 │ block6a_dwconv[0… │
│ (BatchNormalizatio… │                   │            │                   │
├─────────────────────┼───────────────────┼────────────┼───────────────────┤
│ block6a_activation  │ (None, 7, 7, 672) │          0 │ block6a_bn[0][0]  │
│ (Activation)        │                   │            │                   │
├─────────────────────┼───────────────────┼────────────┼───────────────────┤
│ block6a_se_squeeze  │ (None, 672)       │          0 │ block6a_activati… │
│ (GlobalAveragePool… │                   │            │                   │
├─────────────────────┼───────────────────┼────────────┼───────────────────┤
│ block6a_se_reshape  │ (None, 1, 1, 672) │          0 │ block6a_se_squee… │
│ (Reshape)           │                   │            │                   │
├─────────────────────┼───────────────────┼────────────┼───────────────────┤
│ block6a_se_reduce   │ (None, 1, 1, 28)  │     18,844 │ block6a_se_resha… │
│ (Conv2D)            │                   │            │                   │
├─────────────────────┼───────────────────┼────────────┼───────────────────┤
│ block6a_se_expand   │ (None, 1, 1, 672) │     19,488 │ block6a_se_reduc… │
│ (Conv2D)            │                   │            │                   │
├─────────────────────┼───────────────────┼────────────┼───────────────────┤
│ block6a_se_excite   │ (None, 7, 7, 672) │          0 │ block6a_activati… │
│ (Multiply)          │                   │            │ block6a_se_expan… │
├─────────────────────┼───────────────────┼────────────┼───────────────────┤
│ block6a_project_co… │ (None, 7, 7, 192) │    129,024 │ block6a_se_excit… │
│ (Conv2D)            │                   │            │                   │
├─────────────────────┼───────────────────┼────────────┼───────────────────┤
│ block6a_project_bn  │ (None, 7, 7, 192) │        768 │ block6a_project_… │
│ (BatchNormalizatio… │                   │            │                   │
├─────────────────────┼───────────────────┼────────────┼───────────────────┤
│ block6b_expand_conv │ (None, 7, 7,      │    221,184 │ block6a_project_… │
│ (Conv2D)            │ 1152)             │            │                   │
├─────────────────────┼───────────────────┼────────────┼───────────────────┤
│ block6b_expand_bn   │ (None, 7, 7,      │      4,608 │ block6b_expand_c… │
│ (BatchNormalizatio… │ 1152)             │            │                   │
├─────────────────────┼───────────────────┼────────────┼───────────────────┤
│ block6b_expand_act… │ (None, 7, 7,      │          0 │ block6b_expand_b… │
│ (Activation)        │ 1152)             │            │                   │
├─────────────────────┼───────────────────┼────────────┼───────────────────┤
│ block6b_dwconv      │ (None, 7, 7,      │     28,800 │ block6b_expand_a… │
│ (DepthwiseConv2D)   │ 1152)             │            │                   │
├─────────────────────┼───────────────────┼────────────┼───────────────────┤
│ block6b_bn          │ (None, 7, 7,      │      4,608 │ block6b_dwconv[0… │
│ (BatchNormalizatio… │ 1152)             │            │                   │
├─────────────────────┼───────────────────┼────────────┼───────────────────┤
│ block6b_activation  │ (None, 7, 7,      │          0 │ block6b_bn[0][0]  │
│ (Activation)        │ 1152)             │            │                   │
├─────────────────────┼───────────────────┼────────────┼───────────────────┤
│ block6b_se_squeeze  │ (None, 1152)      │          0 │ block6b_activati… │
│ (GlobalAveragePool… │                   │            │                   │
├─────────────────────┼───────────────────┼────────────┼───────────────────┤
│ block6b_se_reshape  │ (None, 1, 1,      │          0 │ block6b_se_squee… │
│ (Reshape)           │ 1152)             │            │                   │
├─────────────────────┼───────────────────┼────────────┼───────────────────┤
│ block6b_se_reduce   │ (None, 1, 1, 48)  │     55,344 │ block6b_se_resha… │
│ (Conv2D)            │                   │            │                   │
├─────────────────────┼───────────────────┼────────────┼───────────────────┤
│ block6b_se_expand   │ (None, 1, 1,      │     56,448 │ block6b_se_reduc… │
│ (Conv2D)            │ 1152)             │            │                   │
├─────────────────────┼───────────────────┼────────────┼───────────────────┤
│ block6b_se_excite   │ (None, 7, 7,      │          0 │ block6b_activati… │
│ (Multiply)          │ 1152)             │            │ block6b_se_expan… │
├─────────────────────┼───────────────────┼────────────┼───────────────────┤
│ block6b_project_co… │ (None, 7, 7, 192) │    221,184 │ block6b_se_excit… │
│ (Conv2D)            │                   │            │                   │
├─────────────────────┼───────────────────┼────────────┼───────────────────┤
│ block6b_project_bn  │ (None, 7, 7, 192) │        768 │ block6b_project_… │
│ (BatchNormalizatio… │                   │            │                   │
├─────────────────────┼───────────────────┼────────────┼───────────────────┤
│ block6b_drop        │ (None, 7, 7, 192) │          0 │ block6b_project_… │
│ (Dropout)           │                   │            │                   │
├─────────────────────┼───────────────────┼────────────┼───────────────────┤
│ block6b_add (Add)   │ (None, 7, 7, 192) │          0 │ block6b_drop[0][… │
│                     │                   │            │ block6a_project_… │
├─────────────────────┼───────────────────┼────────────┼───────────────────┤
│ block6c_expand_conv │ (None, 7, 7,      │    221,184 │ block6b_add[0][0] │
│ (Conv2D)            │ 1152)             │            │                   │
├─────────────────────┼───────────────────┼────────────┼───────────────────┤
│ block6c_expand_bn   │ (None, 7, 7,      │      4,608 │ block6c_expand_c… │
│ (BatchNormalizatio… │ 1152)             │            │                   │
├─────────────────────┼───────────────────┼────────────┼───────────────────┤
│ block6c_expand_act… │ (None, 7, 7,      │          0 │ block6c_expand_b… │
│ (Activation)        │ 1152)             │            │                   │
├─────────────────────┼───────────────────┼────────────┼───────────────────┤
│ block6c_dwconv      │ (None, 7, 7,      │     28,800 │ block6c_expand_a… │
│ (DepthwiseConv2D)   │ 1152)             │            │                   │
├─────────────────────┼───────────────────┼────────────┼───────────────────┤
│ block6c_bn          │ (None, 7, 7,      │      4,608 │ block6c_dwconv[0… │
│ (BatchNormalizatio… │ 1152)             │            │                   │
├─────────────────────┼───────────────────┼────────────┼───────────────────┤
│ block6c_activation  │ (None, 7, 7,      │          0 │ block6c_bn[0][0]  │
│ (Activation)        │ 1152)             │            │                   │
├─────────────────────┼───────────────────┼────────────┼───────────────────┤
│ block6c_se_squeeze  │ (None, 1152)      │          0 │ block6c_activati… │
│ (GlobalAveragePool… │                   │            │                   │
├─────────────────────┼───────────────────┼────────────┼───────────────────┤
│ block6c_se_reshape  │ (None, 1, 1,      │          0 │ block6c_se_squee… │
│ (Reshape)           │ 1152)             │            │                   │
├─────────────────────┼───────────────────┼────────────┼───────────────────┤
│ block6c_se_reduce   │ (None, 1, 1, 48)  │     55,344 │ block6c_se_resha… │
│ (Conv2D)            │                   │            │                   │
├─────────────────────┼───────────────────┼────────────┼───────────────────┤
│ block6c_se_expand   │ (None, 1, 1,      │     56,448 │ block6c_se_reduc… │
│ (Conv2D)            │ 1152)             │            │                   │
├─────────────────────┼───────────────────┼────────────┼───────────────────┤
│ block6c_se_excite   │ (None, 7, 7,      │          0 │ block6c_activati… │
│ (Multiply)          │ 1152)             │            │ block6c_se_expan… │
├─────────────────────┼───────────────────┼────────────┼───────────────────┤
│ block6c_project_co… │ (None, 7, 7, 192) │    221,184 │ block6c_se_excit… │
│ (Conv2D)            │                   │            │                   │
├─────────────────────┼───────────────────┼────────────┼───────────────────┤
│ block6c_project_bn  │ (None, 7, 7, 192) │        768 │ block6c_project_… │
│ (BatchNormalizatio… │                   │            │                   │
├─────────────────────┼───────────────────┼────────────┼───────────────────┤
│ block6c_drop        │ (None, 7, 7, 192) │          0 │ block6c_project_… │
│ (Dropout)           │                   │            │                   │
├─────────────────────┼───────────────────┼────────────┼───────────────────┤
│ block6c_add (Add)   │ (None, 7, 7, 192) │          0 │ block6c_drop[0][… │
│                     │                   │            │ block6b_add[0][0] │
├─────────────────────┼───────────────────┼────────────┼───────────────────┤
│ block6d_expand_conv │ (None, 7, 7,      │    221,184 │ block6c_add[0][0] │
│ (Conv2D)            │ 1152)             │            │                   │
├─────────────────────┼───────────────────┼────────────┼───────────────────┤
│ block6d_expand_bn   │ (None, 7, 7,      │      4,608 │ block6d_expand_c… │
│ (BatchNormalizatio… │ 1152)             │            │                   │
├─────────────────────┼───────────────────┼────────────┼───────────────────┤
│ block6d_expand_act… │ (None, 7, 7,      │          0 │ block6d_expand_b… │
│ (Activation)        │ 1152)             │            │                   │
├─────────────────────┼───────────────────┼────────────┼───────────────────┤
│ block6d_dwconv      │ (None, 7, 7,      │     28,800 │ block6d_expand_a… │
│ (DepthwiseConv2D)   │ 1152)             │            │                   │
├─────────────────────┼───────────────────┼────────────┼───────────────────┤
│ block6d_bn          │ (None, 7, 7,      │      4,608 │ block6d_dwconv[0… │
│ (BatchNormalizatio… │ 1152)             │            │                   │
├─────────────────────┼───────────────────┼────────────┼───────────────────┤
│ block6d_activation  │ (None, 7, 7,      │          0 │ block6d_bn[0][0]  │
│ (Activation)        │ 1152)             │            │                   │
├─────────────────────┼───────────────────┼────────────┼───────────────────┤
│ block6d_se_squeeze  │ (None, 1152)      │          0 │ block6d_activati… │
│ (GlobalAveragePool… │                   │            │                   │
├─────────────────────┼───────────────────┼────────────┼───────────────────┤
│ block6d_se_reshape  │ (None, 1, 1,      │          0 │ block6d_se_squee… │
│ (Reshape)           │ 1152)             │            │                   │
├─────────────────────┼───────────────────┼────────────┼───────────────────┤
│ block6d_se_reduce   │ (None, 1, 1, 48)  │     55,344 │ block6d_se_resha… │
│ (Conv2D)            │                   │            │                   │
├─────────────────────┼───────────────────┼────────────┼───────────────────┤
│ block6d_se_expand   │ (None, 1, 1,      │     56,448 │ block6d_se_reduc… │
│ (Conv2D)            │ 1152)             │            │                   │
├─────────────────────┼───────────────────┼────────────┼───────────────────┤
│ block6d_se_excite   │ (None, 7, 7,      │          0 │ block6d_activati… │
│ (Multiply)          │ 1152)             │            │ block6d_se_expan… │
├─────────────────────┼───────────────────┼────────────┼───────────────────┤
│ block6d_project_co… │ (None, 7, 7, 192) │    221,184 │ block6d_se_excit… │
│ (Conv2D)            │                   │            │                   │
├─────────────────────┼───────────────────┼────────────┼───────────────────┤
│ block6d_project_bn  │ (None, 7, 7, 192) │        768 │ block6d_project_… │
│ (BatchNormalizatio… │                   │            │                   │
├─────────────────────┼───────────────────┼────────────┼───────────────────┤
│ block6d_drop        │ (None, 7, 7, 192) │          0 │ block6d_project_… │
│ (Dropout)           │                   │            │                   │
├─────────────────────┼───────────────────┼────────────┼───────────────────┤
│ block6d_add (Add)   │ (None, 7, 7, 192) │          0 │ block6d_drop[0][… │
│                     │                   │            │ block6c_add[0][0] │
├─────────────────────┼───────────────────┼────────────┼───────────────────┤
│ block7a_expand_conv │ (None, 7, 7,      │    221,184 │ block6d_add[0][0] │
│ (Conv2D)            │ 1152)             │            │                   │
├─────────────────────┼───────────────────┼────────────┼───────────────────┤
│ block7a_expand_bn   │ (None, 7, 7,      │      4,608 │ block7a_expand_c… │
│ (BatchNormalizatio… │ 1152)             │            │                   │
├─────────────────────┼───────────────────┼────────────┼───────────────────┤
│ block7a_expand_act… │ (None, 7, 7,      │          0 │ block7a_expand_b… │
│ (Activation)        │ 1152)             │            │                   │
├─────────────────────┼───────────────────┼────────────┼───────────────────┤
│ block7a_dwconv      │ (None, 7, 7,      │     10,368 │ block7a_expand_a… │
│ (DepthwiseConv2D)   │ 1152)             │            │                   │
├─────────────────────┼───────────────────┼────────────┼───────────────────┤
│ block7a_bn          │ (None, 7, 7,      │      4,608 │ block7a_dwconv[0… │
│ (BatchNormalizatio… │ 1152)             │            │                   │
├─────────────────────┼───────────────────┼────────────┼───────────────────┤
│ block7a_activation  │ (None, 7, 7,      │          0 │ block7a_bn[0][0]  │
│ (Activation)        │ 1152)             │            │                   │
├─────────────────────┼───────────────────┼────────────┼───────────────────┤
│ block7a_se_squeeze  │ (None, 1152)      │          0 │ block7a_activati… │
│ (GlobalAveragePool… │                   │            │                   │
├─────────────────────┼───────────────────┼────────────┼───────────────────┤
│ block7a_se_reshape  │ (None, 1, 1,      │          0 │ block7a_se_squee… │
│ (Reshape)           │ 1152)             │            │                   │
├─────────────────────┼───────────────────┼────────────┼───────────────────┤
│ block7a_se_reduce   │ (None, 1, 1, 48)  │     55,344 │ block7a_se_resha… │
│ (Conv2D)            │                   │            │                   │
├─────────────────────┼───────────────────┼────────────┼───────────────────┤
│ block7a_se_expand   │ (None, 1, 1,      │     56,448 │ block7a_se_reduc… │
│ (Conv2D)            │ 1152)             │            │                   │
├─────────────────────┼───────────────────┼────────────┼───────────────────┤
│ block7a_se_excite   │ (None, 7, 7,      │          0 │ block7a_activati… │
│ (Multiply)          │ 1152)             │            │ block7a_se_expan… │
├─────────────────────┼───────────────────┼────────────┼───────────────────┤
│ block7a_project_co… │ (None, 7, 7, 320) │    368,640 │ block7a_se_excit… │
│ (Conv2D)            │                   │            │                   │
├─────────────────────┼───────────────────┼────────────┼───────────────────┤
│ block7a_project_bn  │ (None, 7, 7, 320) │      1,280 │ block7a_project_… │
│ (BatchNormalizatio… │                   │            │                   │
├─────────────────────┼───────────────────┼────────────┼───────────────────┤
│ top_conv (Conv2D)   │ (None, 7, 7,      │    409,600 │ block7a_project_… │
│                     │ 1280)             │            │                   │
├─────────────────────┼───────────────────┼────────────┼───────────────────┤
│ top_bn              │ (None, 7, 7,      │      5,120 │ top_conv[0][0]    │
│ (BatchNormalizatio… │ 1280)             │            │                   │
├─────────────────────┼───────────────────┼────────────┼───────────────────┤
│ top_activation      │ (None, 7, 7,      │          0 │ top_bn[0][0]      │
│ (Activation)        │ 1280)             │            │                   │
├─────────────────────┼───────────────────┼────────────┼───────────────────┤
│ gap                 │ (None, 1280)      │          0 │ top_activation[0… │
│ (GlobalAveragePool… │                   │            │                   │
├─────────────────────┼───────────────────┼────────────┼───────────────────┤
│ batch_normalization │ (None, 1280)      │      5,120 │ gap[0][0]         │
│ (BatchNormalizatio… │                   │            │                   │
├─────────────────────┼───────────────────┼────────────┼───────────────────┤
│ dropout (Dropout)   │ (None, 1280)      │          0 │ batch_normalizat… │
├─────────────────────┼───────────────────┼────────────┼───────────────────┤
│ output (Dense)      │ (None, 1)         │      1,281 │ dropout[0][0]     │
└─────────────────────┴───────────────────┴────────────┴───────────────────┘
 Total params: 4,055,972 (15.47 MB)
 Trainable params: 3,841 (15.00 KB)
 Non-trainable params: 4,052,131 (15.46 MB)

2026-07-02 15:47:19 [INFO] ━━━━━━━━━━━━━━━━━━━━━━━━━━━━━━━━━━━━━━━━━━━━━━━━━━━━━━━━━━━━
2026-07-02 15:47:19 [INFO] STAGE 4 — Phase 1: Feature Extraction (backbone frozen)
2026-07-02 15:47:19 [INFO] ━━━━━━━━━━━━━━━━━━━━━━━━━━━━━━━━━━━━━━━━━━━━━━━━━━━━━━━━━━━━
2026-07-02 15:47:19 [INFO] Epochs planned : 20
2026-07-02 15:47:19 [INFO] Learning rate  : 1.00e-03
2026-07-02 15:47:19 [INFO] Per-epoch weights → checkpoints/epoch_weights/phase1/
2026-07-02 15:47:19 [INFO]   ── Epoch 1 starting...
2026-07-02 15:49:34 [INFO]   epoch=1  accuracy=0.9517  auc=0.9898  loss=0.1285  precision=0.9495  recall=0.9536  val_accuracy=0.9933  val_auc=0.9997  val_loss=0.0220  val_precision=0.9926  val_recall=0.9942  learning_rate=0.0010
2026-07-02 15:49:34 [INFO]   ── Epoch 2 starting...
2026-07-02 15:50:07 [INFO]   epoch=2  accuracy=0.9698  auc=0.9949  loss=0.0847  precision=0.9685  recall=0.9708  val_accuracy=0.9920  val_auc=0.9997  val_loss=0.0204  val_precision=0.9905  val_recall=0.9937  learning_rate=0.0010
2026-07-02 15:50:07 [INFO]   ── Epoch 3 starting...
2026-07-02 15:50:40 [INFO]   epoch=3  accuracy=0.9698  auc=0.9945  loss=0.0848  precision=0.9697  recall=0.9697  val_accuracy=0.9949  val_auc=0.9998  val_loss=0.0174  val_precision=0.9936  val_recall=0.9963  learning_rate=0.0010
2026-07-02 15:50:40 [INFO]   ── Epoch 4 starting...
2026-07-02 15:51:10 [INFO]   epoch=4  accuracy=0.9704  auc=0.9956  loss=0.0792  precision=0.9699  recall=0.9706  val_accuracy=0.9933  val_auc=0.9994  val_loss=0.0221  val_precision=0.9910  val_recall=0.9957  learning_rate=0.0010
2026-07-02 15:51:10 [INFO]   ── Epoch 5 starting...
2026-07-02 15:51:42 [INFO]   epoch=5  accuracy=0.9711  auc=0.9957  loss=0.0783  precision=0.9700  recall=0.9721  val_accuracy=0.9949  val_auc=0.9998  val_loss=0.0160  val_precision=0.9932  val_recall=0.9968  learning_rate=0.0010
2026-07-02 15:51:42 [INFO]   ── Epoch 6 starting...
2026-07-02 15:52:12 [INFO]   epoch=6  accuracy=0.9737  auc=0.9960  loss=0.0727  precision=0.9724  recall=0.9748  val_accuracy=0.9949  val_auc=0.9996  val_loss=0.0159  val_precision=0.9940  val_recall=0.9957  learning_rate=0.0010
2026-07-02 15:52:12 [INFO]   ── Epoch 7 starting...
2026-07-02 15:52:43 [INFO]   epoch=7  accuracy=0.9727  auc=0.9960  loss=0.0741  precision=0.9716  recall=0.9738  val_accuracy=0.9952  val_auc=0.9990  val_loss=0.0196  val_precision=0.9958  val_recall=0.9947  learning_rate=0.0010
2026-07-02 15:52:43 [INFO]   ── Epoch 8 starting...
2026-07-02 15:53:13 [INFO]   epoch=8  accuracy=0.9704  auc=0.9948  loss=0.0835  precision=0.9710  recall=0.9695  val_accuracy=0.9946  val_auc=0.9995  val_loss=0.0179  val_precision=0.9914  val_recall=0.9978  learning_rate=0.0010
2026-07-02 15:53:13 [INFO]   ── Epoch 9 starting...
2026-07-02 15:53:43 [INFO]   epoch=9  accuracy=0.9734  auc=0.9958  loss=0.0740  precision=0.9724  recall=0.9743  val_accuracy=0.9936  val_auc=0.9998  val_loss=0.0189  val_precision=0.9917  val_recall=0.9958  learning_rate=0.0010
2026-07-02 15:53:43 [INFO]   ── Epoch 10 starting...
2026-07-02 15:54:13 [INFO]   epoch=10  accuracy=0.9742  auc=0.9958  loss=0.0747  precision=0.9730  recall=0.9752  val_accuracy=0.9936  val_auc=0.9995  val_loss=0.0205  val_precision=0.9904  val_recall=0.9968  learning_rate=0.0005
2026-07-02 15:54:13 [INFO] Phase 1 done in 6.9 min  (10 epochs)
2026-07-02 15:54:13 [INFO] Best val_auc      : 0.9998
2026-07-02 15:54:13 [INFO] Best val_accuracy : 0.9952
2026-07-02 15:54:13 [INFO] ✔ CHECKPOINT [phase1_training] — 10 epochs, best val_auc=0.9998
2026-07-02 15:54:13 [INFO] ━━━━━━━━━━━━━━━━━━━━━━━━━━━━━━━━━━━━━━━━━━━━━━━━━━━━━━━━━━━━
2026-07-02 15:54:13 [INFO] STAGE 5 — Enabling fine-tuning (unfreezing top backbone layers)
2026-07-02 15:54:13 [INFO] ━━━━━━━━━━━━━━━━━━━━━━━━━━━━━━━━━━━━━━━━━━━━━━━━━━━━━━━━━━━━
2026-07-02 15:54:13 [INFO] Backbone layers   : 238
2026-07-02 15:54:13 [INFO] Frozen up to      : layer 100
2026-07-02 15:54:13 [INFO] Trainable layers : 138 backbone + head
2026-07-02 15:54:13 [INFO] ✔ CHECKPOINT [fine_tune_enabled] — unfrozen 138/238 backbone layers
2026-07-02 15:54:13 [INFO] Compiling model — lr=1.00e-05  phase=phase2
2026-07-02 15:54:13 [INFO] ✔ CHECKPOINT [compile_phase2] — lr=1.00e-05
2026-07-02 15:54:13 [INFO] ━━━━━━━━━━━━━━━━━━━━━━━━━━━━━━━━━━━━━━━━━━━━━━━━━━━━━━━━━━━━
2026-07-02 15:54:13 [INFO] STAGE 6 — Phase 2: Fine-Tuning
2026-07-02 15:54:13 [INFO] ━━━━━━━━━━━━━━━━━━━━━━━━━━━━━━━━━━━━━━━━━━━━━━━━━━━━━━━━━━━━
2026-07-02 15:54:13 [INFO] Epochs planned : 10
2026-07-02 15:54:13 [INFO] Learning rate  : 1.00e-05
2026-07-02 15:54:13 [INFO] Per-epoch weights → checkpoints/epoch_weights/phase2/
2026-07-02 15:54:13 [INFO]   ── Epoch 1 starting...
2026-07-02 15:56:23 [INFO]   epoch=1  accuracy=0.9118  auc=0.9757  loss=0.2040  precision=0.9007  recall=0.9246  val_accuracy=0.9837  val_auc=0.9986  val_loss=0.0417  val_precision=0.9795  val_recall=0.9883  learning_rate=0.0000
2026-07-02 15:56:23 [INFO]   ── Epoch 2 starting...
2026-07-02 15:56:58 [INFO]   epoch=2  accuracy=0.9426  auc=0.9883  loss=0.1380  precision=0.9402  recall=0.9450  val_accuracy=0.9869  val_auc=0.9991  val_loss=0.0333  val_precision=0.9858  val_recall=0.9884  learning_rate=0.0000
2026-07-02 15:56:58 [INFO]   ── Epoch 3 starting...
2026-07-02 15:57:34 [INFO]   epoch=3  accuracy=0.9552  auc=0.9923  loss=0.1122  precision=0.9515  recall=0.9587  val_accuracy=0.9896  val_auc=0.9993  val_loss=0.0273  val_precision=0.9888  val_recall=0.9904  learning_rate=0.0000
2026-07-02 15:57:34 [INFO]   ── Epoch 4 starting...
2026-07-02 15:58:10 [INFO]   epoch=4  accuracy=0.9574  auc=0.9929  loss=0.1062  precision=0.9550  recall=0.9595  val_accuracy=0.9906  val_auc=0.9994  val_loss=0.0259  val_precision=0.9889  val_recall=0.9926  learning_rate=0.0000
2026-07-02 15:58:10 [INFO]   ── Epoch 5 starting...
2026-07-02 15:58:45 [INFO]   epoch=5  accuracy=0.9621  auc=0.9943  loss=0.0941  precision=0.9618  recall=0.9621  val_accuracy=0.9909  val_auc=0.9994  val_loss=0.0229  val_precision=0.9904  val_recall=0.9915  learning_rate=0.0000
2026-07-02 15:58:45 [INFO]   ── Epoch 6 starting...
2026-07-02 15:59:19 [INFO]   epoch=6  accuracy=0.9686  auc=0.9953  loss=0.0833  precision=0.9690  recall=0.9677  val_accuracy=0.9914  val_auc=0.9995  val_loss=0.0221  val_precision=0.9892  val_recall=0.9935  learning_rate=0.0000
2026-07-02 15:59:19 [INFO]   ── Epoch 7 starting...
2026-07-02 15:59:52 [INFO]   epoch=7  accuracy=0.9691  auc=0.9956  loss=0.0805  precision=0.9667  recall=0.9714  val_accuracy=0.9917  val_auc=0.9992  val_loss=0.0242  val_precision=0.9900  val_recall=0.9937  learning_rate=0.0000
2026-07-02 15:59:52 [INFO]   ── Epoch 8 starting...
2026-07-02 16:00:26 [INFO]   epoch=8  accuracy=0.9725  auc=0.9959  loss=0.0742  precision=0.9722  recall=0.9724  val_accuracy=0.9920  val_auc=0.9992  val_loss=0.0236  val_precision=0.9916  val_recall=0.9926  learning_rate=0.0000
2026-07-02 16:00:26 [INFO]   ── Epoch 9 starting...
2026-07-02 16:01:02 [INFO]   epoch=9  accuracy=0.9729  auc=0.9960  loss=0.0734  precision=0.9715  recall=0.9741  val_accuracy=0.9936  val_auc=0.9996  val_loss=0.0184  val_precision=0.9925  val_recall=0.9946  learning_rate=0.0000
2026-07-02 16:01:02 [INFO]   ── Epoch 10 starting...
2026-07-02 16:01:36 [INFO]   epoch=10  accuracy=0.9775  auc=0.9975  loss=0.0598  precision=0.9779  recall=0.9767  val_accuracy=0.9952  val_auc=0.9996  val_loss=0.0170  val_precision=0.9930  val_recall=0.9973  learning_rate=0.0000
2026-07-02 16:01:36 [INFO] Phase 2 done in 7.4 min  (10 epochs)
2026-07-02 16:01:36 [INFO] Best val_auc      : 0.9996
2026-07-02 16:01:36 [INFO] Best val_accuracy : 0.9952
2026-07-02 16:01:36 [INFO] ✔ CHECKPOINT [phase2_training] — 10 epochs, best val_auc=0.9996
2026-07-02 16:01:36 [INFO] ━━━━━━━━━━━━━━━━━━━━━━━━━━━━━━━━━━━━━━━━━━━━━━━━━━━━━━━━━━━━
2026-07-02 16:01:36 [INFO] STAGE 7 — Training curves
2026-07-02 16:01:36 [INFO] ━━━━━━━━━━━━━━━━━━━━━━━━━━━━━━━━━━━━━━━━━━━━━━━━━━━━━━━━━━━━
2026-07-02 16:01:37 [INFO] Saved checkpoints/training_curves.png
2026-07-02 16:01:37 [INFO] ✔ CHECKPOINT [plots_saved] — checkpoints/training_curves.png
2026-07-02 16:01:37 [INFO] ━━━━━━━━━━━━━━━━━━━━━━━━━━━━━━━━━━━━━━━━━━━━━━━━━━━━━━━━━━━━
2026-07-02 16:01:37 [INFO] STAGE 8 — Test-set evaluation
2026-07-02 16:01:37 [INFO] ━━━━━━━━━━━━━━━━━━━━━━━━━━━━━━━━━━━━━━━━━━━━━━━━━━━━━━━━━━━━
2026-07-02 16:01:46 [INFO]           loss : 0.0265
2026-07-02 16:01:46 [INFO]       accuracy : 0.9917
2026-07-02 16:01:46 [INFO]            auc : 0.9988
2026-07-02 16:01:46 [INFO]      precision : 0.9905
2026-07-02 16:01:46 [INFO]         recall : 0.9931
2026-07-02 16:02:16 [INFO] 
              precision    recall  f1-score   support

         Cat       0.99      0.99      0.99      1861
         Dog       0.99      0.99      0.99      1873

    accuracy                           0.99      3734
   macro avg       0.99      0.99      0.99      3734
weighted avg       0.99      0.99      0.99      3734

2026-07-02 16:02:16 [INFO] Saved checkpoints/confusion_matrix.png
2026-07-02 16:02:16 [INFO] ✔ CHECKPOINT [evaluation] — test_accuracy=0.9917
2026-07-02 16:02:16 [INFO] ━━━━━━━━━━━━━━━━━━━━━━━━━━━━━━━━━━━━━━━━━━━━━━━━━━━━━━━━━━━━
2026-07-02 16:02:16 [INFO] STAGE 9 — Sample predictions grid
2026-07-02 16:02:16 [INFO] ━━━━━━━━━━━━━━━━━━━━━━━━━━━━━━━━━━━━━━━━━━━━━━━━━━━━━━━━━━━━
2026-07-02 16:02:43 [INFO] Saved checkpoints/sample_predictions.png
2026-07-02 16:02:43 [INFO] ✔ CHECKPOINT [predictions_saved] — checkpoints/sample_predictions.png
2026-07-02 16:02:43 [INFO] ════════════════════════════════════════════════════════════
2026-07-02 16:02:43 [INFO]   ALL STAGES COMPLETE
2026-07-02 16:02:43 [INFO]   Finished: 2026-07-02 16:02:43
2026-07-02 16:02:43 [INFO]   Artefacts in checkpoints/
2026-07-02 16:02:43 [INFO]     best_model.keras
2026-07-02 16:02:43 [INFO]     epoch_weights/phase1/   (per-epoch weight snapshots)
2026-07-02 16:02:43 [INFO]     epoch_weights/phase2/   (per-epoch weight snapshots)
2026-07-02 16:02:43 [INFO]     phase1_metrics.csv  phase2_metrics.csv
2026-07-02 16:02:43 [INFO]     training_curves.png   confusion_matrix.png
2026-07-02 16:02:43 [INFO]     classification_report.txt
2026-07-02 16:02:43 [INFO]     run.log  completed_stages.json
2026-07-02 16:02:43 [INFO] ════════════════════════════════════════════════════════════
